"","Resource01","Resource02","Resource03","Resource04","Resource05","Resource06","Resource07","Resource08","Resource09","Resource10"
"GlobalSpecies0001",-0.203511316504746,0,0.45266620385461,0,0,0,-0.296488683495254,0,0,0.54733379614539
"GlobalSpecies0002",0,0.389200737716919,0,0,0,0,0.344407879401819,0.266391382881262,0,0
"GlobalSpecies0003",0,0,0,0,0,0,0.48793916560498,-0.5,0,0.51206083439502
"GlobalSpecies0004",0.242347429231907,0.259922017681824,0.244543074468398,0,0,0,0,0,0.253187478617871,0
"GlobalSpecies0005",0,0,0,0,0,1,0,-0.5,0,0
"GlobalSpecies0006",0,0,0,-0.5,0,1,0,0,0,0
"GlobalSpecies0007",0,0,0.490127517245538,-0.5,0,0,0,0,0.509872482754462,0
"GlobalSpecies0008",0,0,0,0,0,0,-0.5,0,1,0
"GlobalSpecies0009",0,-0.5,0,0,1,0,0,0,0,0
"GlobalSpecies0010",0.542586472138953,0,0,0.457413527861047,-0.5,0,0,0,0,0
"GlobalSpecies0011",0,0,0,0,0,0,1,-0.5,0,0
"GlobalSpecies0012",0,0,0,0,0.481494730035503,0,0.518505269964497,0,-0.5,0
"GlobalSpecies0013",0,0,0.323455715546312,0,-0.5,0,0.370823956006613,0,0.305720328447074,0
"GlobalSpecies0014",0,0,0,0,0,0,0,1,-0.5,0
"GlobalSpecies0015",0,0,0,0,0,0,0,1,0,0
"GlobalSpecies0016",0.338867893734088,0.350594576741736,0,0,0,0.310537529524176,0,-0.5,0,0
"GlobalSpecies0017",-0.5,0.171950637208643,0,0.199169567194537,0,0.197630720769623,0,0.202658485354267,0.22859058947293,0
"GlobalSpecies0018",0,0,0,0,0,0,0.459036683665361,-0.5,0.540963316334639,0
"GlobalSpecies0019",0.565222804407128,0,0,0,0,-0.5,0,0,0.434777195592872,0
"GlobalSpecies0020",0.258567387723736,-0.239430552667415,-0.00712930201596518,-0.0842222080577763,0,0,0.224624794278779,-0.169217937258844,0.23262990869647,0.284177909301015
"GlobalSpecies0021",0,0.456189900862868,0,0,0,0.543810099137132,0,0,0,0
"GlobalSpecies0022",0.282895878483889,0,0.35261078990752,0.364493331608591,0,0,0,0,0,0
"GlobalSpecies0023",0,0,0,0,0,0,0.51458602345003,0.48541397654997,0,0
"GlobalSpecies0024",0,0,0,0,0,0,0.437177675991043,0,0.562822324008957,0
"GlobalSpecies0025",0,0,0,0,0.336741215124032,0,0.322750721594456,0.340508063281513,0,0
"GlobalSpecies0026",0.524931427981558,-0.354565282766516,0.475068572018442,0,0,0,-0.145434717233484,0,0,0
"GlobalSpecies0027",-0.31199476726091,0,0.262109560974516,0.21699670881894,0,0.216433724490384,0,-0.18800523273909,0.30446000571616,0
"GlobalSpecies0028",0,0,0,0.252746376591129,0.263629631418073,0.242480191965529,-0.427291830415362,0,0.241143800025269,-0.0727081695846382
"GlobalSpecies0029",0,-0.383265216256432,0.510377076552179,0,0,0.489622923447821,0,0,0,-0.116734783743568
"GlobalSpecies0030",0,0,0,1,0,0,0,0,0,0
"GlobalSpecies0031",0.17424307296286,0.174976057400012,0.171141264140499,-0.5,0,0,0.15761379358761,0.147563135781946,0,0.174462676127074
"GlobalSpecies0032",0.455190848127146,0,0,0,0.544809151872854,0,0,0,0,0
"GlobalSpecies0033",-0.5,0,0,0,0.312659032245793,0.301121517349689,0,0.386219450404518,0,0
"GlobalSpecies0034",0,-0.215009490272212,0,0.338294367569403,0,-0.284990509727788,0,0.372305741780273,0,0.289399890650324
"GlobalSpecies0035",0,0,-0.42276058771962,0,0,0,1,0,-0.07723941228038,0
"GlobalSpecies0036",-0.433634969326325,0,0.217842455349338,0.23806367877254,0,0.252529706097191,-0.0663650306736751,0.291564159780931,0,0
"GlobalSpecies0037",0.497836505121106,0,0,0,0,0,0,0.502163494878894,0,0
"GlobalSpecies0038",0,0,0.315237884348885,0,0,0.34760819661199,0,0.337153919039124,0,0
"GlobalSpecies0039",0,0,1,0,0,0,0,-0.5,0,0
"GlobalSpecies0040",0,0,0,0.354480560617307,0,0.331133900676846,0.314385538705848,0,0,0
"GlobalSpecies0041",0,0,0,0,0.466347484873613,-0.5,0,0,0.533652515126387,0
"GlobalSpecies0042",0,0,0,0.235081247381128,-0.5,0.258418991149494,0.229587960601976,0.276911800867403,0,0
"GlobalSpecies0043",-0.5,0,0,0,0,0,1,0,0,0
"GlobalSpecies0044",0,0,-0.5,0.312163409238694,0.360277257450582,0,0.327559333310724,0,0,0
"GlobalSpecies0045",0,0.323626423950293,0.349697459861036,0,0,0,0,0.326676116188671,0,0
"GlobalSpecies0046",0,0,0,0.439317252994519,0,0,-0.5,0,0.560682747005481,0
"GlobalSpecies0047",0.282984750489268,0,0,0.324133727127314,0,0,0,0.392881522383419,0,-0.5
"GlobalSpecies0048",0.20159943138978,0,0.276062438254735,-0.5,0,0,0,0,0.281419474916618,0.240918655438867
"GlobalSpecies0049",0,0,0,0,1,0,0,0,0,0
"GlobalSpecies0050",0,0,0,0,0,0,0,1,-0.5,0
"GlobalSpecies0051",0.317391793422454,0,0,0,0,-0.5,0,0.348519299137413,0.334088907440132,0
"GlobalSpecies0052",0,0,0,0,0,0,1,0,0,-0.5
"GlobalSpecies0053",0,0,0,0,0,0,0,0.485233137789381,0.514766862210619,0
"GlobalSpecies0054",0,0,0.299612847302133,0,-0.0883728434748569,0.354058746415879,0.346328406281988,-0.411627156525143,0,0
"GlobalSpecies0055",0.353591483045436,0,0,0.296920901273195,0,0.349487615681369,-0.5,0,0,0
"GlobalSpecies0056",0,0,-0.5,0,1,0,0,0,0,0
"GlobalSpecies0057",-0.5,0,0,0,0,0,1,0,0,0
"GlobalSpecies0058",0,0.491077559749649,0,0,0,0.508922440250351,0,0,0,0
"GlobalSpecies0059",0.379054700015604,0,0,0,0,0,0,0.296944710790129,0,0.324000589194267
"GlobalSpecies0060",0,0,0,0.335964546363136,0.304010406650415,0,-0.227404945100433,-0.272595054899567,0.360025046986449,0
"GlobalSpecies0061",0,0,-0.158273309759037,0,0,0,1,0,-0.319066734978152,-0.0226599552628112
"GlobalSpecies0062",0.198588702106277,0,0,0.173549870395717,-0.5,0.191027478286256,0.202116203206037,0,0,0.234717746005713
"GlobalSpecies0063",0,0,0,0,0.289171625452117,0.353091470067664,0,0.357736904480219,0,0
"GlobalSpecies0064",0,0,0,0.319853692540592,0,0,0.333865428336958,0.34628087912245,0,0
"GlobalSpecies0065",0,0,-0.5,0,0,1,0,0,0,0
"GlobalSpecies0066",0,0,0,0,0,0,0,0.475864184461551,0,0.524135815538449
"GlobalSpecies0067",0,0,0,-0.5,0,0.481969786379902,0,0.518030213620098,0,0
"GlobalSpecies0068",0.341493463527557,0,0,-0.5,0,0,0,0,0.327763859317908,0.330742677154534
"GlobalSpecies0069",0,0.534542041900212,-0.5,0,0.465457958099788,0,0,0,0,0
"GlobalSpecies0070",0,0,0.542139163620342,-0.313231392219819,0,0.457860836379658,0,0,0,-0.186768607780181
"GlobalSpecies0071",0,0,0,0,1,0,0,0,0,0
"GlobalSpecies0072",0,-0.111007309244765,1,0,0,0,0,-0.388992690755235,0,0
"GlobalSpecies0073",0.51433843008043,-0.333108400342007,-0.0778640960579758,-0.0890275036000169,0,0,0,0,0.48566156991957,0
"GlobalSpecies0074",-0.338111702853649,0,0.305339560110314,0,0,0,0.347485743440173,0,-0.16188829714635,0.347174696449513
"GlobalSpecies0075",0,0,0,0,0,0,0,-0.5,0,1
"GlobalSpecies0076",0.345484869639474,0,0,0,0,0,0,0.333738833575653,0.320776296784873,-0.5
"GlobalSpecies0077",0,0,0,0.486541571337786,0,0,0,0.513458428662214,0,0
"GlobalSpecies0078",0,0,0,0,1,0,0,0,0,0
"GlobalSpecies0079",0,0,0.502484006459283,0,0,0,0,-0.5,0,0.497515993540717
"GlobalSpecies0080",0.168661828202829,0,0,0.152772441537466,0.156360840587864,0.170310311224257,0.169623725351665,0,0.182270853095919,-0.5
"GlobalSpecies0081",1,0,0,0,0,0,0,0,0,0
"GlobalSpecies0082",0,0,0,0,0,0,0,0,0,1
"GlobalSpecies0083",0,0,0,0.516324401091262,0,0,0,0,0,0.483675598908738
"GlobalSpecies0084",0,0.324575513327913,0,0.337481339012582,0,0,0.337943147659505,0,0,0
"GlobalSpecies0085",0.36652902301288,0,0,0,0.323460919072877,0,0,0,0.310010057914242,-0.5
"GlobalSpecies0086",0,0.494878697348785,0,-0.5,0,0,0,0,0,0.505121302651215
"GlobalSpecies0087",0,-0.346342218551186,0,0.574760357266367,-0.153657781448814,0.425239642733633,0,0,0,0
"GlobalSpecies0088",0,0,0,0.52082528897663,0,0,-0.5,0,0,0.47917471102337
"GlobalSpecies0089",0,0.278580021578402,0,0,0.245813136324013,0.242462457733192,0,0,0,0.233144384364393
"GlobalSpecies0090",0,0.242001674506567,0.266342067134783,0,0.237202145976449,0,0,0.254454112382201,0,-0.5
"GlobalSpecies0091",0.552420446795054,0,0,0,0,0,0.447579553204946,0,0,0
"GlobalSpecies0092",0,0,0,1,0,-0.0312686657885441,0,0,0,-0.468731334211456
"GlobalSpecies0093",0,-0.476141198151218,0,0.265987026299345,0.258177041903521,0,0.25110450487668,0.224731426920454,0,-0.0238588018487821
"GlobalSpecies0094",0.349377835085011,0,0.291524677150878,0,0,0,0,0,0,0.359097487764111
"GlobalSpecies0095",0,0.235794977084661,0,0,0.219606929023983,0,0.301292330474381,0.243305763416975,0,0
"GlobalSpecies0096",0,-0.291566434325247,0.204145425929751,0,0,0,-0.208433565674753,0.277295834896317,0.281620854687859,0.236937884486073
"GlobalSpecies0097",0,0,0,0,0.502610684982947,0,0,0.497389315017053,-0.5,0
"GlobalSpecies0098",0,0.342590283888526,0.352777280670074,0,0.3046324354414,0,0,0,0,0
"GlobalSpecies0099",0,0.211800644479202,0,0.170914691455365,0.244542760962944,0,0.175941417569925,0,0,0.196800485532564
"GlobalSpecies0100",0.509357612604768,0,0,0,0,0,0.490642387395232,0,0,0
"GlobalSpecies0101",-0.397235181872506,0.255280400229431,0.232551620282077,0,0,0.263803530970887,0,0,-0.102764818127494,0.248364448517605
"GlobalSpecies0102",0,0.290947563692098,0,0,0.356850468855229,0,0,-0.5,0,0.352201967452673
"GlobalSpecies0103",0.361266409678357,0.350066514099472,0,0,0,-0.159096341069789,0.288667076222171,-0.340903658930211,0,0
"GlobalSpecies0104",0,-0.106230915131573,1,0,0,0,-0.195603821434726,-0.198165263433701,0,0
"GlobalSpecies0105",1,0,0,-0.5,0,0,0,0,0,0
"GlobalSpecies0106",-0.203808371316297,0,0,0,0,0,-0.0904642753819195,0.438843102511907,0.561156897488093,-0.205727353301784
"GlobalSpecies0107",0,0,0,0,0,0,0.283574363390983,0.38528992925451,0.331135707354506,0
"GlobalSpecies0108",0.279645079141708,0.269707076705258,0,0,0.237534614673601,0,0,-0.5,0,0.213113229479433
"GlobalSpecies0109",0,0.181537219434119,-0.29787749581102,-0.20212250418898,0,0,0.274555913299213,0.286648824221372,0.257258043045296,0
"GlobalSpecies0110",0,0.306902954295794,0.337907322567524,0,0.355189723136682,0,0,0,0,0
"GlobalSpecies0111",0,0,0,0,1,0,0,0,0,0
"GlobalSpecies0112",0.162734494756133,0.174227725614017,0,0,0.153201753558663,0,0.177626816252754,0.143165605860089,0.189043603958345,0
"GlobalSpecies0113",0.313732187804185,0,0,0,0,0.405125610807819,-0.194575701553585,0.281142201387996,-0.305424298446415,0
"GlobalSpecies0114",0.210014903671581,0,0,0,0.193822357340981,0.194007129523688,-0.5,0.180861283370273,0.221294326093477,0
"GlobalSpecies0115",0.142431348394275,0.139248717023101,0.148850624346618,0.15559050935721,0.137679683260538,0.139345030800482,0,0,0.136854086817776,0
"GlobalSpecies0116",1,0,0,0,0,-0.5,0,0,0,0
"GlobalSpecies0117",0.139180985530295,0,0.150285136701528,-0.217829338113078,0.151445602055923,0.153281272749777,0.124880478665927,-0.282170661886922,0.152865965392286,0.128060558904265
"GlobalSpecies0118",0,-0.0707542434752465,0,0,0.489015332244181,0,-0.429245756524753,0,0.510984667755819,0
"GlobalSpecies0119",0,0,-0.150467779590274,0,0.480090777580079,0,0.519909222419921,0,-0.272832392845799,-0.0766998275639266
"GlobalSpecies0120",0.306465416714308,0,0,0,0,0,0,0.35373603192699,0,0.339798551358702
"GlobalSpecies0121",-0.5,0,0,0,0,0,0,1,0,0
"GlobalSpecies0122",0.447639553872002,0,-0.315983476841631,0,-0.0596491833829609,0,-0.106851816783772,-0.0175155229916359,0.552360446127998,0
"GlobalSpecies0123",0,0.323826768081355,0.374207906334844,0,0,0,0.301965325583801,-0.5,0,0
"GlobalSpecies0124",0,-0.5,0,0,0.222578056354416,0.22126066840051,0.157064613050506,0.220326864793395,0,0.178769797401173
"GlobalSpecies0125",0.474644896753187,0,0,0,0.525355103246813,0,0,0,0,0
"GlobalSpecies0126",0,-0.178906797542305,1,-0.0880109459810508,0,0,0,0,0,-0.233082256476644
"GlobalSpecies0127",0,0,0,0,0,1,0,0,0,0
"GlobalSpecies0128",1,0,0,0,-0.317060670912625,0,0,-0.182939329087375,0,0
"GlobalSpecies0129",0,0,0,0,0,0,0,0,-0.5,1
"GlobalSpecies0130",0,0.32733659877593,0,0,0.323444397752773,0,0,0.349219003471297,0,0
"GlobalSpecies0131",0,0,0.166591866435064,0.203626095835578,0,0.197039350071095,0.155483478201628,0.144189808966645,0,0.133069400489992
"GlobalSpecies0132",0,0.257284571724309,0.257245474688935,0,0.2186787964779,0,0.266791157108856,-0.5,0,0
"GlobalSpecies0133",0.363655035574927,0.324993583103596,0,0,0.311351381321478,0,0,0,0,0
"GlobalSpecies0134",0,0,1,0,0,0,0,0,0,0
"GlobalSpecies0135",0,0.315163884392252,-0.5,0,0,0.357492936278863,0,0.327343179328884,0,0
"GlobalSpecies0136",0,-0.0281554499140434,0,1,0,-0.471844550085957,0,0,0,0
"GlobalSpecies0137",0.289593182399037,0,0.231322938122144,0.235350658640711,0,0,0,0.243733220838108,0,0
"GlobalSpecies0138",-0.5,0,0,0,0,0,0,1,0,0
"GlobalSpecies0139",0,0,0,0,0,0,0,0,0,1
"GlobalSpecies0140",0,0,0,0,0,0,0,0.530111483325924,0.469888516674077,-0.5
"GlobalSpecies0141",0,0,0,0,0.493707781393287,0,0.506292218606713,0,0,0
"GlobalSpecies0142",0.346363907990612,0,0,0,0,0,0.311806912130818,0.34182917987857,0,0
"GlobalSpecies0143",0,0,0,0,1,0,0,0,0,-0.5
"GlobalSpecies0144",0,0.347707080076587,0.35282772131062,0,0,0,0,0,0,0.299465198612793
"GlobalSpecies0145",0,0.174035532658971,-0.100719300039431,0.128618847588266,-0.399280699960569,0.189601737807667,0.151685335992436,0.186690906999859,0,0.1693676389528
"GlobalSpecies0146",0,0,0,0,0,0,0,0,1,0
"GlobalSpecies0147",-0.5,0,0.515850874591791,0,0,0,0,0.484149125408209,0,0
"GlobalSpecies0148",-0.240463401809347,0,0,0,0.341766770766539,0.323003770136524,0,0,0.335229459096937,-0.259536598190653
"GlobalSpecies0149",0,0,1,0,0,0,0,0,0,0
"GlobalSpecies0150",0,0.344258193436657,0,0,0.319055765094267,0.336686041469076,0,0,0,0
"GlobalSpecies0151",0.234692310107839,0,-0.222817890168748,-0.152064108854857,0,0,0.244502900372803,0.244916293173276,0.275888496346082,-0.125118000976395
"GlobalSpecies0152",0,0,0,0,0.319900982539018,0,0.329702416903427,0,0.350396600557555,0
"GlobalSpecies0153",0,0,0.233799560097395,0,0.257475797683237,0,-0.5,0.242101908034276,0,0.266622734185092
"GlobalSpecies0154",0,0,0,0,0.331149468876568,0,-0.5,0,0.30164461535685,0.367205915766582
"GlobalSpecies0155",0,-0.129281773892277,-0.370718226107723,0.28063848860011,0,0.258361119008651,0.253340010736524,0,0,0.207660381654716
"GlobalSpecies0156",0,0,0,-0.0302268626775518,-0.469773137322448,0.530347534791522,0.469652465208478,0,0,0
"GlobalSpecies0157",0,-0.0124751660565,1,0,0,0,-0.4875248339435,0,0,0
"GlobalSpecies0158",0,0,0,1,0,0,0,0,0,0
"GlobalSpecies0159",0,1,0,0,0,0,0,0,0,0
"GlobalSpecies0160",0,0,0,0,0,0,0.521779003000437,0.478220996999563,0,0
"GlobalSpecies0161",0,0.182349727583069,-0.5,0.211595695629629,0.219289118363403,0,0,0.181204119776754,0.205561338647144,0
"GlobalSpecies0162",0,0.450171021259603,0,0,0,0,0,0.549828978740397,0,0
"GlobalSpecies0163",0,1,0,0,0,0,0,0,0,0
"GlobalSpecies0164",0,0,-0.5,0,0.230653746210419,0.177098323003794,0,0.193457310289985,0.170056092836048,0.228734527659754
"GlobalSpecies0165",0.196032483923173,0,0.18877169628381,0,0,-0.5,0.207648128022022,0.179336291200713,0,0.228211400570283
"GlobalSpecies0166",0.211415143854048,0,0.176402769010242,0.191713880615583,0,0,0,0.223833893336544,0.196634313183583,0
"GlobalSpecies0167",-0.5,0,0.500599202100017,0,0,0,0.499400797899983,0,0,0
"GlobalSpecies0168",0,-0.463375042718253,0,0,-0.0366249572817466,0.381399575434694,0.292802952743872,0,0,0.325797471821434
"GlobalSpecies0169",0,0,0,0,-0.5,0,0,0.329337931604766,0.386999066680199,0.283663001715035
"GlobalSpecies0170",0,0,-0.5,0,0,0,0,1,0,0
"GlobalSpecies0171",0,0.325099021878714,0,0,0.358519782242958,-0.5,0.316381195878329,0,0,0
"GlobalSpecies0172",1,0,0,0,0,-0.5,0,0,0,0
"GlobalSpecies0173",0,0,0,0,-0.0613825539184001,0,0.549546843667566,0,0.450453156332434,-0.4386174460816
"GlobalSpecies0174",0,0,0,0,0.306432203473152,0,0,-0.5,0.356838146447106,0.336729650079742
"GlobalSpecies0175",0.223624013927646,0.211077410350746,0,-0.0948905718846847,0.204174407886272,0,-0.405109428115315,0.179146255956372,0.181977911878964,0
"GlobalSpecies0176",0,0,0,0,0,0,0,1,0,0
"GlobalSpecies0177",0,0,0,0,-0.5,0,0,1,0,0
"GlobalSpecies0178",0.245680277439752,0.280527842137196,0.231021262920372,0,0,-0.5,0,0,0,0.24277061750268
"GlobalSpecies0179",0,-0.0522746662755381,0.228105349044348,0.245065364399641,0.261824678154599,0.265004608401412,0,0,0,-0.447725333724462
"GlobalSpecies0180",0,0,0,0,0.332563054135075,0,0,-0.5,0.31591217089568,0.351524774969246
"GlobalSpecies0181",0,0,0.5052404421878,0,0,0,0,0.4947595578122,0,0
"GlobalSpecies0182",0,0,0.470741244587199,0,0,0,0,0.529258755412801,0,0
"GlobalSpecies0183",0.234133727563749,0,0,-0.5,0.169444706220617,0.188980315668336,0.221399093562121,0,0.186042156985176,0
"GlobalSpecies0184",0,0,0,-0.117226410315803,0,-0.223725673330328,0.343269938236676,-0.15904791635387,0.331316528072953,0.325413533690371
"GlobalSpecies0185",0,0,0,0.221139716827159,-0.5,0,0.288612833207012,0.252307305783584,0.237940144182245,0
"GlobalSpecies0186",0.531635041745551,0,0,0,0.468364958254449,0,0,0,0,-0.5
"GlobalSpecies0187",0,0,0.221854684784833,0.193238730220884,0,0.212733604462117,0.17984341394392,0.192329566588246,-0.5,0
"GlobalSpecies0188",0,0,0,0,0,0,0,0,0,1
"GlobalSpecies0189",0,0,0,0,1,0,0,0,0,0
"GlobalSpecies0190",0,0,0,0,0,0,1,0,0,0
"GlobalSpecies0191",0.214413266488217,0.258413434038021,0,0.253082894859221,-0.400145775059089,0.27409040461454,0,-0.0998542249409115,0,0
"GlobalSpecies0192",0,0,0,0,0,0.486701556031626,-0.5,0.513298443968374,0,0
"GlobalSpecies0193",0.234804189992432,0,0,0.253633209213472,0,-0.273231479647799,0.239451988410597,0,-0.226768520352201,0.272110612383498
"GlobalSpecies0194",0,0,0,0.205210743879432,0,0,0.203806118850042,0.210662145456937,0.196358587918974,0.183962403894615
"GlobalSpecies0195",0,-0.5,0,0,0,0,0,0,0.550082819829657,0.449917180170342
"GlobalSpecies0196",0,0,0.170751566240275,0,-0.5,0.190548782573704,0.202143314468855,0.197923672420358,0.238632664296807,0
"GlobalSpecies0197",0.212837423268239,0,0.274988257461749,0,0,0,0.248947594987136,0,0,0.263226724282876
"GlobalSpecies0198",0,0.255669995384116,0,0.220088333573796,0,0.289158335080311,0,-0.5,0,0.235083335961778
"GlobalSpecies0199",0,-0.5,0,0,0.266061339012348,0,0.231790258365481,0.253774472567696,0,0.248373930054475
"GlobalSpecies0200",-0.41101832312529,0,-0.0889816768747103,0,0,0,1,0,0,0
"GlobalSpecies0201",0,0,0,0,0,0,0,1,0,0
"GlobalSpecies0202",0,0.323547670305313,0,0.34262829057327,0,0,0,0.333824039121417,0,0
"GlobalSpecies0203",0,0.488282472941136,0,0,0,0,0.511717527058864,0,0,0
"GlobalSpecies0204",0.212577720126084,0.193698149565762,0.179869113082676,-0.5,0.247037144605737,0,0.166817872619741,0,0,0
"GlobalSpecies0205",-0.0599908000641271,0,0,0,0,0,-0.440009199935873,0,1,0
"GlobalSpecies0206",0,0,0,-0.5,0.492807884105323,0,0,0,0,0.507192115894677
"GlobalSpecies0207",0.244425729172017,0.262229523837897,0.216937681836036,0,0,0,0,-0.5,0.27640706515405,0
"GlobalSpecies0208",0,0,-0.5,0.233383362980954,0,0.276104783647063,0.233756938456467,0.256754914915515,0,0
"GlobalSpecies0209",-0.0152846067605766,0,0,0,0,0,1,0,-0.484715393239423,0
"GlobalSpecies0210",0.175539581403037,0.127286266258311,0.163195135056786,0.151143286703916,0.191482205281677,0.191353525296273,0,-0.190854187632971,-0.309145812367029,0
"GlobalSpecies0211",0,0,0,0,0,0,0,1,0,0
"GlobalSpecies0212",0.252681612155628,-0.0328564399247821,0,-0.319899922665292,-0.147243637409926,0,0,0.252362975293704,0.251606219173297,0.243349193377371
"GlobalSpecies0213",-0.5,0,0,0,0.515612339746372,0,0,0,0,0.484387660253628
"GlobalSpecies0214",0,0,0.33993144984105,0,0,0,0,0.321667151709983,0,0.338401398448967
"GlobalSpecies0215",1,0,0,0,0,0,0,0,0,0
"GlobalSpecies0216",0,1,0,0,0,0,0,0,0,0
"GlobalSpecies0217",0,0,0,0,0,0,0,1,-0.5,0
"GlobalSpecies0218",0,0,-0.5,0.490472076099342,0.509527923900658,0,0,0,0,0
"GlobalSpecies0219",-0.496186635898671,-0.00381336410132911,0.340115359061763,0,0,0,0,0.341373370665312,0,0.318511270272925
"GlobalSpecies0220",0,0,0,0,1,0,0,0,0,0
"GlobalSpecies0221",-0.00325105574998552,0.170453608469036,-0.496748944250014,0.156126105884265,0.150834338817938,0.122345072811288,0,0.139183903409249,0.12773689521785,0.133320075390375
"GlobalSpecies0222",0,0.155650398664864,0.211628618670441,0.239805954653185,0,-0.0453768478223751,0,-0.454623152177625,0.15509449542289,0.23782053258862
"GlobalSpecies0223",0,0,0,1,0,0,0,0,0,0
"GlobalSpecies0224",0,0.296529142169607,0,-0.5,0.344055772256584,0,0,0.359415085573809,0,0
"GlobalSpecies0225",0.193208767262256,0.190241336392533,0,0.225994580675865,0,0.186708190687697,0,0,0.203847124981649,0
"GlobalSpecies0226",0,0,0,-0.184449520154465,1,0,0,-0.0350487736657415,-0.280501706179793,0
"GlobalSpecies0227",0,0,0,0,0,0,0,1,0,0
"GlobalSpecies0228",0.505342971302818,0,0,0,0,0,0,0.494657028697182,0,0
"GlobalSpecies0229",0,0,0.356846983660145,-0.5,0.306077575640336,0,0,0,0.337075440699519,0
"GlobalSpecies0230",0,0,0.25214001851943,0,0.261709373839122,0,0.216389805300933,0,0.269760802340515,-0.5
"GlobalSpecies0231",0,-0.384357988456429,-0.115642011543571,0.245155711493738,0.239871240385477,0.267947810603531,0,0,0.247025237517255,0
"GlobalSpecies0232",-0.256672422492862,0.126368825672231,0.17485840589068,0.101967074593312,0.144292760552006,0.167169150823332,0.132747475762715,0,0.152596306705723,-0.243327577507138
"GlobalSpecies0233",1,0,0,0,0,0,0,0,0,0
"GlobalSpecies0234",0,0,0.249671527855265,0.257237507593342,0,0,0,0,0.264423715411085,0.228667249140308
"GlobalSpecies0235",0,0.579446141340068,0,0,0,0,0,0.420553858659932,0,0
"GlobalSpecies0236",0,0.519654547236204,0,0.480345452763796,0,0,0,0,0,0
"GlobalSpecies0237",0,0.302291349232373,0,0,0.392628170437848,-0.21164239478139,-0.28835760521861,0.30508048032978,0,0
"GlobalSpecies0238",0,0,-0.136189133948127,0,0.435420312914298,0,-0.363810866051873,0,0.564579687085702,0
"GlobalSpecies0239",-0.24053276020185,0.168817227484867,0.157017131604773,0,0.199999938485502,0,0.147151673223234,-0.25946723979815,0.151794390623211,0.175219638578413
"GlobalSpecies0240",-0.318680818723383,0.137284002293989,0.148478459384309,-0.181319181276617,0.134410871354863,0,0.141357766557031,0.168483421250929,0.144363074510698,0.125622404648181
"GlobalSpecies0241",0.336574234700074,0,0.36643063334515,0.296995131954776,-0.336114585659908,0,0,-0.0406614115495126,-0.12322400279058,0
"GlobalSpecies0242",0,1,0,0,0,0,0,0,0,0
"GlobalSpecies0243",0.305460228513185,-0.0334773171614597,-0.360581484790828,0,0.353686409044156,-0.0109561053412597,0,0.340853362442659,-0.0949850927064529,0
"GlobalSpecies0244",0,0,0,1,-0.5,0,0,0,0,0
"GlobalSpecies0245",0.332600611205199,0,0.351960093943773,0,0,0.315439294851028,-0.5,0,0,0
"GlobalSpecies0246",0,-0.150865929886925,-0.0320407872921144,0,0.552829118101994,0,-0.31709328282096,0.447170881898006,0,0
"GlobalSpecies0247",0.337372045402714,0.322360896623297,0,0,0,0.340267057973989,0,-0.5,0,0
"GlobalSpecies0248",0,0,0,0,0,1,0,0,0,0
"GlobalSpecies0249",0,0,0,0,0,0,0,0,1,-0.5
"GlobalSpecies0250",0,0.347451238725638,-0.349980063188622,0,-0.013761524873197,-0.0939191331941178,0,-0.0423392787440633,0.287923825133059,0.364624936141303
"GlobalSpecies0251",0,0.33885797931698,0,0,0,0,0,0,0.32034530469293,0.34079671599009
"GlobalSpecies0252",0,0.506321970831052,0.493678029168948,0,0,0,0,0,0,0
"GlobalSpecies0253",0,-0.312125518936286,0.386254512558808,0.292621345142434,0,0.321124142298758,0,-0.187874481063714,0,0
"GlobalSpecies0254",0.285102481831228,0,0.208488886053406,0.259762756485023,0.246645875630343,-0.5,0,0,0,0
"GlobalSpecies0255",0,0,0,0.189764284200791,0,0,0.200857414563243,0.209419503313826,0.210893785173444,0.189065012748695
"GlobalSpecies0256",0.222836765356282,0.202092432917227,0.175308879840127,0.206416055805112,0,0.193345866081252,-0.5,0,0,0
"GlobalSpecies0257",0.504789512417066,0,-0.5,0,0,0,0,0.495210487582934,0,0
"GlobalSpecies0258",0,0,0,0,0,0,1,0,0,0
"GlobalSpecies0259",-0.5,1,0,0,0,0,0,0,0,0
"GlobalSpecies0260",0,0,0,0,0,0.521855686726015,0,0,0.478144313273985,0
"GlobalSpecies0261",0,0.534014817095536,0,0,0.465985182904464,0,0,-0.5,0,0
"GlobalSpecies0262",1,-0.5,0,0,0,0,0,0,0,0
"GlobalSpecies0263",0,0.218051037811075,0,0.245248750905161,0,0.27393515509091,0,0,0,0.262765056192854
"GlobalSpecies0264",0,0,0,0,0,0,0,0,1,-0.5
"GlobalSpecies0265",0,0,0,0,0,0,1,0,0,0
"GlobalSpecies0266",0,0,0,0.496000709523493,0,0,0,0.503999290476507,0,0
"GlobalSpecies0267",-0.5,0,1,0,0,0,0,0,0,0
"GlobalSpecies0268",-0.275211436996423,0,0,-0.224788563003577,0,0,0,0,0,1
"GlobalSpecies0269",-0.374325234435542,0,0.313178058618351,-0.125674765564458,0.378630729761209,0,0,0,0,0.30819121162044
"GlobalSpecies0270",0,0,-0.388678397037184,0,0,-0.111321602962816,0,1,0,0
"GlobalSpecies0271",-0.182663718360306,0,0,0,0.517947543752757,-0.317336281639694,0.482052456247243,0,0,0
"GlobalSpecies0272",0,0.210999813122243,0,0.261658194877162,0,0,0,0.269991704238845,0,0.25735028776175
"GlobalSpecies0273",0,0,0,0,0,0,-0.5,1,0,0
"GlobalSpecies0274",0.305140790384309,0,0,0,0,0,0.350543438107776,0,0.344315771507915,0
"GlobalSpecies0275",0.517887995102831,0,0,0,0.482112004897169,0,0,0,-0.5,0
"GlobalSpecies0276",0.244287709313707,0,0,0,0,0,0,0.225552114760236,0.25566099373444,0.274499182191617
"GlobalSpecies0277",0,0,0.341235261223711,0.345153636286734,0,0.313611102489555,0,0,0,0
"GlobalSpecies0278",-0.476481989589424,0,0.505318341166934,0,0,0,0,-0.0235180104105764,0.494681658833066,0
"GlobalSpecies0279",0.162908095492443,-0.5,0.16590585203256,0,0.171660207053609,0.192626902196898,0.170619426720321,0,0.136279516504169,0
"GlobalSpecies0280",-0.5,0,1,0,0,0,0,0,0,0
"GlobalSpecies0281",0,0,0,0,0.483576626547354,0,-0.5,0,0.516423373452646,0
"GlobalSpecies0282",0,0.509219952531195,0,0.490780047468805,0,0,0,0,0,0
"GlobalSpecies0283",0,0,0,1,-0.308010124770539,0,0,-0.191989875229461,0,0
"GlobalSpecies0284",-0.5,0.210348021386854,0.197050072689435,0,0,0.207880131900392,0.185293291726802,0.199428482296517,0,0
"GlobalSpecies0285",-0.452231528659179,0,0,1,-0.0477684713408213,0,0,0,0,0
"GlobalSpecies0286",0.155177364002578,0,0.153045929361724,0.166534235322122,0.157013913479352,0.179269999596325,0,0.188958558237899,0,0
"GlobalSpecies0287",0,0,0,0.508700282867947,0,0,-0.122189294987592,0.491299717132053,-0.377810705012408,0
"GlobalSpecies0288",0,0.487193316453056,0,0.512806683546944,0,0,0,0,0,0
"GlobalSpecies0289",-0.5,0.509400887399254,0,0,0,0,0,0.490599112600746,0,0
"GlobalSpecies0290",0.227415473351001,0,0,0,0,0,0.235490251955008,0.257843144069379,0,0.279251130624611
"GlobalSpecies0291",0,0,0.308887370492307,0.346695894489278,0,0,0,0.344416735018416,0,0
"GlobalSpecies0292",0,0,-0.289821652753373,-0.210178347246627,0,0.495726836382148,0.504273163617852,0,0,0
"GlobalSpecies0293",0.309371720657002,0,0.333590599207131,0,0,0,0,-0.5,0,0.357037680135866
"GlobalSpecies0294",0,0,0,0.352843453886092,0,0.310243279754088,0.33691326635982,0,0,0
"GlobalSpecies0295",0,0.497246185958029,0,0,0,0,0,0,0,0.502753814041971
"GlobalSpecies0296",0.187490095589525,0.212391870442595,-0.475692147247024,0,0,0.204414725764315,-0.0243078527529758,0.182629454857815,0,0.213073853345749
"GlobalSpecies0297",0,0,0,0,0,0.455260187981907,0.544739812018093,0,-0.5,0
"GlobalSpecies0298",0,0,0,0,0,-0.5,0,0,0,1
"GlobalSpecies0299",0.495765546168446,0,0,0.504234453831554,0,0,0,0,0,0
"GlobalSpecies0300",0.339035872547859,0,0,0,0,0,0.31983787984212,0,0.341126247610021,0
"GlobalSpecies0301",0,0,0,0.346374475012998,0,0,0,0,0.364128440894348,0.289497084092654
"GlobalSpecies0302",0,0,0.535240014988795,0,0,0.464759985011205,0,0,0,0
"GlobalSpecies0303",0,0,0.458195660840463,0,0.541804339159537,0,0,0,0,0
"GlobalSpecies0304",0,0.0964091927076753,0.139956240555753,0.119986879372898,0.122012442520794,0.127852443766417,0.123525546352583,0.135359830939949,-0.5,0.134897423783932
"GlobalSpecies0305",0,0,0,0,0,0,0,0,1,0
"GlobalSpecies0306",0,0.59585465002573,-0.194804075469177,0,0,0,0.40414534997427,-0.305195924530823,0,0
"GlobalSpecies0307",0,0.23687380034475,0,0,0.287402257891275,0,0,0,0.22501746348478,0.250706478279195
"GlobalSpecies0308",0.532147651199154,0,0,0,0,0,0,0,0.467852348800846,0
"GlobalSpecies0309",0,0,0,0,0,0,0.340850037505034,0,0.302006589448883,0.357143373046083
"GlobalSpecies0310",1,0,0,-0.140703649551804,0,0,-0.291900322559066,0,-0.0673960278891302,0
"GlobalSpecies0311",0,0,0,0.501813168109588,0,0,0,0,0.498186831890412,0
"GlobalSpecies0312",0.235155514118864,0.262895314479944,0.22849838015205,0,-0.5,0,0.273450791249142,0,0,0
"GlobalSpecies0313",1,0,0,-0.200722251451286,0,-0.273918005839587,-0.0253597427091269,0,0,0
"GlobalSpecies0314",0,0,0.191952942170031,0,0.205338431646796,-0.5,0.200526049197109,0.210981298597688,0.191201278388377,0
"GlobalSpecies0315",0,0.335509684844223,0.352896021170912,0,0,0.311594293984865,0,0,0,0
"GlobalSpecies0316",0,0,0,0,0,0,0,1,0,0
"GlobalSpecies0317",0.538748894732726,-0.5,0,0,0.461251105267274,0,0,0,0,0
"GlobalSpecies0318",0,0.289700974891413,0,0,0,0.251202873701745,0,0.236301818382432,0,0.222794333024409
"GlobalSpecies0319",0.206483999824527,-0.0184950987738625,0.267855880545554,0.251912043275867,0.273748076354052,0,0,0,-0.481504901226138,0
"GlobalSpecies0320",0,0,0,0,0,0.523024606576351,0.476975393423649,0,-0.5,0
"GlobalSpecies0321",0.523062854567343,0,0,0,-0.326004880791161,-0.171883822856151,0,0.476937145432657,-0.00211129635268879,0
"GlobalSpecies0322",1,0,0,0,0,0,0,0,0,0
"GlobalSpecies0323",0,0.216879084594693,0.202882294433247,0,-0.389212994866125,0.196794425750523,0,0.185481676879207,0.19796251834233,-0.110787005133875
"GlobalSpecies0324",-0.04762141055623,0.319451398912718,0.340116713241646,0,0,-0.186517279246776,0,0.340431887845636,-0.265861310196994,0
"GlobalSpecies0325",0.277419959157517,0,-0.5,0,0.248988062380584,0.259474194403975,0,0.214117784057924,0,0
"GlobalSpecies0326",-0.0819158965746779,0.284901028622399,0,0.24066655166427,0,0.234039885193432,-0.418084103425322,0,0,0.240392534519899
"GlobalSpecies0327",0.306683332648592,0,-0.5,0,0,0,0,0.338296532142795,0.355020135208613,0
"GlobalSpecies0328",-0.093062321303595,0.264105993701413,-0.0863814395385398,0.244770635454921,0,0,0.242080293971626,0.24904307687204,-0.320556239157865,0
"GlobalSpecies0329",0,0.339679544499389,0,0,0,-0.5,0.31639923877063,0.343921216729982,0,0
"GlobalSpecies0330",0,0.324385502897175,0,0,0.313065940818901,0.362548556283924,0,0,0,-0.5
"GlobalSpecies0331",0,0,0,1,0,0,0,0,0,0
"GlobalSpecies0332",0,0,0,0,1,0,0,0,0,0
"GlobalSpecies0333",0,0,0,0.53750482974626,0,0.46249517025374,0,0,-0.0143177445013248,-0.485682255498675
"GlobalSpecies0334",0,0,0,0,1,-0.461777911874767,-0.0382220881252334,0,0,0
"GlobalSpecies0335",0,0,0,0,0,0,0,1,0,-0.5
"GlobalSpecies0336",-0.288982574324255,0,0.147123408098355,-0.211017425675745,0.136650488232199,0.137230309559581,0.154565257786924,0.136296007232667,0.140790968811423,0.14734356027885
"GlobalSpecies0337",1,0,0,0,-0.383856565991283,0,0,0,0,-0.116143434008717
"GlobalSpecies0338",-0.5,0,0,0,0,1,0,0,0,0
"GlobalSpecies0339",0.464395072940637,0,0,0,0,0.535604927059363,0,0,0,0
"GlobalSpecies0340",0,0,-0.5,0,0.527276985559782,0,0,0,0.472723014440218,0
"GlobalSpecies0341",0.398769002370933,0,0.601230997629067,0,0,0,0,0,0,-0.5
"GlobalSpecies0342",0,0.492899644754373,0,0.507100355245627,0,0,0,-0.5,0,0
"GlobalSpecies0343",0,0,0.4969618566181,0,0.5030381433819,0,0,0,0,0
"GlobalSpecies0344",0,0,1,0,0,0,0,0,0,0
"GlobalSpecies0345",0.397783170799244,0,0,0,0,0.248469840056289,0.353746989144467,0,0,0
"GlobalSpecies0346",0,-0.5,0,0,0,0,0,0,0,1
"GlobalSpecies0347",0,0,0.432997509174732,0,0,-0.5,0,0,0.567002490825268,0
"GlobalSpecies0348",0,0,0,0,0.466791196983336,0,0,0,-0.5,0.533208803016664
"GlobalSpecies0349",0.197333016513028,0.232526037569404,0,0.18251619531685,0,0,0,0.198253633027432,0,0.189371117573286
"GlobalSpecies0350",0,0,-0.5,0,0,0,0,0.509976202606858,0,0.490023797393142
"GlobalSpecies0351",0,0,0.168162485559771,0.169510401250318,0.162520213737887,0.175330465214869,0,0.146465844586334,0.178010589650821,0
"GlobalSpecies0352",0,-0.5,1,0,0,0,0,0,0,0
"GlobalSpecies0353",0.152007498728284,0,0.142798705870061,0.144063959175455,0.163059472960635,0.111829629954842,0,0.160109401127919,0.126131332182805,-0.5
"GlobalSpecies0354",0,0,-0.448545641469545,0.241360520706451,0.264041549355909,0.275474360406596,0,0.219123569531045,-0.0514543585304551,0
"GlobalSpecies0355",0.209176308512083,0.186996615771685,0,0.185043608582402,0,0,0,0.220465294117694,0.198318173016135,0
"GlobalSpecies0356",0.207676209591611,0,0.169695262379379,0,-0.430755056756869,0.214735771609781,0.196326245786514,-0.0692449432431307,0.211566510632714,0
"GlobalSpecies0357",0.216285929063443,0.27932908658141,0,0,0.245191097972361,0,-0.253927199245994,0.259193886382786,-0.246072800754006,0
"GlobalSpecies0358",0,1,0,0,0,0,0,0,0,0
"GlobalSpecies0359",0,0,0,0,0,0,0,1,0,0
"GlobalSpecies0360",0,0.258912935001796,0,0.29619247008327,0,0,0,0.206891141794251,0,0.238003453120683
"GlobalSpecies0361",1,0,0,0,0,0,0,0,0,0
"GlobalSpecies0362",1,-0.5,0,0,0,0,0,0,0,0
"GlobalSpecies0363",0,0,0,0.332314456811994,0,0.322976490090695,0,0,0.344709053097311,0
"GlobalSpecies0364",0,0,0,0.211759035990801,0.262553231790755,0.253875135693953,0,0.271812596524492,0,0
"GlobalSpecies0365",1,0,0,-0.384533752392975,-0.115466247607025,0,0,0,0,0
"GlobalSpecies0366",0.242952719066446,0.230446230345837,0,0,0.2492408310203,0,0.277360219567417,0,0,0
"GlobalSpecies0367",0.453154483097927,0,-0.133269676639608,-0.366730323360392,0,0,0,0,0,0.546845516902073
"GlobalSpecies0368",0,0,0,0,0.280613601281954,0.219984892588754,0,0.222248546758936,0,0.277152959370356
"GlobalSpecies0369",0,0.505560031233482,0.494439968766518,0,0,0,0,0,0,0
"GlobalSpecies0370",0,0.535593366657916,0,0,0.464406633342084,-0.5,0,0,0,0
"GlobalSpecies0371",0,-0.0680055940775509,-0.431994405922449,0,0,0,0.475614055165978,0,0.524385944834022,0
"GlobalSpecies0372",0,0.349302387181598,0,0.321337936561357,0.329359676257044,0,-0.5,0,0,0
"GlobalSpecies0373",0.171710034038319,0.159986754823347,0.175439796364044,0.17795023197,0,0.173612354607048,-0.5,0,0.141300828197243,0
"GlobalSpecies0374",0,0,0,1,0,0,0,0,0,0
"GlobalSpecies0375",0,0,0,0.547669564030798,0.452330435969202,0,0,0,0,0
"GlobalSpecies0376",0,0,0,0,0,0,0,0,0,1
"GlobalSpecies0377",0,0,0,0,0,0,0,0,0,1
"GlobalSpecies0378",0.208297596067208,0,-0.5,0,0.210556230513576,0.185245023888927,0.193373846034653,0.202527303495636,0,0
"GlobalSpecies0379",0.467855975522209,0,0,0,0,0,0.532144024477791,0,0,0
"GlobalSpecies0380",0,-0.5,0.54349916446002,0,0,0,0,0,0,0.45650083553998
"GlobalSpecies0381",0.503434608048328,0,0,0,0,-0.5,0,0,0,0.496565391951672
"GlobalSpecies0382",0.248821393532269,0.263394900705154,0,0.237143422965742,-0.5,0,0,0.250640282796835,0,0
"GlobalSpecies0383",-0.322574476882848,0,0,0.550756016861121,0,-0.0314916706847333,-0.145933852432419,0,0.449243983138879,0
"GlobalSpecies0384",-0.5,0,0,0,1,0,0,0,0,0
"GlobalSpecies0385",0,1,0,0,0,0,0,0,0,0
"GlobalSpecies0386",0.365839943332726,0,0,-0.5,0,0,0.352698111414165,0,0.281461945253109,0
"GlobalSpecies0387",0.249256434178457,0,-0.5,0.248035691749168,0,0,0,0,0.236082811391787,0.266625062680587
"GlobalSpecies0388",0,0,0,0,0,0,0,0,1,-0.5
"GlobalSpecies0389",0,0.236828018426552,0,0.244854194456166,0.241565609754951,0,0,0,0.276752177362331,-0.5
"GlobalSpecies0390",0.344057163043605,0,0,0,0.324442592670728,0,0.331500244285666,0,-0.5,0
"GlobalSpecies0391",-0.5,0,1,0,0,0,0,0,0,0
"GlobalSpecies0392",0,0,0.566702744979153,0.433297255020847,-0.106007673592495,0,0,0,-0.393992326407505,0
"GlobalSpecies0393",0,0,0.246097916524048,0.275411356774905,0.247206285352491,0.231284441348556,0,-0.5,0,0
"GlobalSpecies0394",0.478695856341496,0,0,-0.214257001057901,0,0,0.521304143658504,0,-0.0463703411980173,-0.239372657744082
"GlobalSpecies0395",1,0,0,-0.139182662168663,0,0,0,0,-0.360817337831337,0
"GlobalSpecies0396",0.559403744537293,0,0,0,0,0,0,-0.5,0.440596255462707,0
"GlobalSpecies0397",0,0.345711391194574,-0.5,0,0,0.318971658920468,0,0,0,0.335316949884957
"GlobalSpecies0398",0,0.234072432496878,0,0,0.253286202516854,0,0.280954086931518,0,0.231687278054751,0
"GlobalSpecies0399",0.511073198572967,0,0,0,0,0,0,0,0,0.488926801427033
"GlobalSpecies0400",0.328962290578784,0,0,0.343247359921911,0,0,0,0,0,0.327790349499304
"GlobalSpecies0401",0,0,0,0,1,0,0,-0.5,0,0
"GlobalSpecies0402",-0.394223756678854,0,-0.105776243321146,0.31726393838884,0,0,0,0.342290595027435,0,0.340445466583725
"GlobalSpecies0403",0,0,0,0,0,0,1,0,0,0
"GlobalSpecies0404",0,0,1,0,0,0,0,0,0,-0.5
"GlobalSpecies0405",-0.249013389277418,0,0.526208533650095,-0.250986610722582,0,0,0,0,0,0.473791466349905
"GlobalSpecies0406",0,0.160809732537443,0.240172743609382,0,0.181319804287674,0,0.210750691506611,0.20694702805889,0,0
"GlobalSpecies0407",0,0,0,0,1,0,0,0,0,0
"GlobalSpecies0408",0,0,0,0,1,0,0,0,0,0
"GlobalSpecies0409",0,0,-0.5,0,1,0,0,0,0,0
"GlobalSpecies0410",0,0,0,0,0,0,0,1,0,0
"GlobalSpecies0411",0,0,0.493259792889983,0,0,0,0,-0.5,0.506740207110017,0
"GlobalSpecies0412",0.18197555837217,0,0.174550459889454,0,0.166850876311781,0.190363398577092,0,-0.5,0.147104263268298,0.139155443581205
"GlobalSpecies0413",-0.5,0,0,0,0,0,0.286701984601694,0,0.374586685454669,0.338711329943638
"GlobalSpecies0414",0,0,0,0,0,0,0,0.500237774251637,0.499762225748363,0
"GlobalSpecies0415",0,0,0,0,0,0,0,0,1,0
"GlobalSpecies0416",0,0,0,0,0.537655147618902,0,0,0,0,0.462344852381098
"GlobalSpecies0417",0,-0.195168245019331,-0.0230410716157093,-0.281790683364959,1,0,0,0,0,0
"GlobalSpecies0418",0,0,0,0,0,0,0,1,0,-0.5
"GlobalSpecies0419",0,0,0,0.185645996910263,0,0,0.231882716306634,0.180977994645399,0.217813430528911,0.183679861608793
"GlobalSpecies0420",0,0,0,0,0,0,0.481430894069669,0.518569105930331,0,0
"GlobalSpecies0421",0.33549646989944,0,0,0,0,0,0.318536979802056,0,0,0.345966550298504
"GlobalSpecies0422",0.332727361381377,0,0,-0.078895332218237,0,-0.421104667781763,0,0,0.356857414519225,0.310415224099398
"GlobalSpecies0423",0.333713840537375,0.3250958085292,0,0.341190350933425,0,0,-0.5,0,0,0
"GlobalSpecies0424",0,0,0.536272994824103,0,0,0,0,0.463727005175897,0,0
"GlobalSpecies0425",0,0,0,0,1,0,-0.5,0,0,0
"GlobalSpecies0426",0,0,0,0,0,0,0,0,1,0
"GlobalSpecies0427",0,0,0,0.335162367806023,0,-0.5,0,0.324411845360607,0.340425786833369,0
"GlobalSpecies0428",0,-0.5,0.515260889159988,0,0,0,0,0,0,0.484739110840012
"GlobalSpecies0429",0.33482155756632,0,0.366828554355028,0,0,0,0.298349888078652,0,0,0
"GlobalSpecies0430",0,0.35654416054014,0,0,0,-0.5,0,0.312006104325674,0.331449735134186,0
"GlobalSpecies0431",0,-0.5,0.251116501485125,0,0,0.234411805824691,0.238219067936838,0,0,0.276252624753347
"GlobalSpecies0432",0,-0.5,0.358236949596082,0,0,0.330005057938145,0,0,0,0.311757992465772
"GlobalSpecies0433",0,0,0,0,0,0.546260770378486,0,0.453739229621514,0,0
"GlobalSpecies0434",0,-0.201254128960511,0.351409131262495,0,0.354213729371825,-0.298745871039489,0,0,0.29437713936568,0
"GlobalSpecies0435",0,0,0.258484790707695,0.242364550876114,-0.5,0.283391380751543,0,0.215759277664648,0,0
"GlobalSpecies0436",0.559897188486879,0,0,0,0,0,0,0,0.440102811513121,0
"GlobalSpecies0437",0,0,-0.5,0,0,0,0,1,0,0
"GlobalSpecies0438",0,0,0,0,0,0,0,0,1,0
"GlobalSpecies0439",0.339179208170084,0,0.322771777132026,0.338049014697891,0,0,0,0,0,0
"GlobalSpecies0440",0.232568760320434,0.247137349064844,0,-0.5,0.25304562792583,0,0.267248262688892,0,0,0
"GlobalSpecies0441",0.295171279393349,0.247924496331081,0,0,0,0,0.239810678640248,0,0,0.217093545635322
"GlobalSpecies0442",0,0,0,0,0,1,0,0,0,-0.5
"GlobalSpecies0443",0,0,0,0,-0.5,0.271195741223781,0.239242782686763,0,0.261817631159163,0.227743844930293
"GlobalSpecies0444",0,0,0,1,0,0,0,0,0,0
"GlobalSpecies0445",0.204208641982684,0.183663843148925,0.246767172172,0.215203827188122,0,0.150156515508269,-0.0725635758132904,-0.42743642418671,0,0
"GlobalSpecies0446",0,0,0.299026371581343,0,0,0,0,0.324083266986191,0,0.376890361432465
"GlobalSpecies0447",0,0.187441318363105,0.207270033719789,0.223464390889971,0,0,0,-0.5,0.184144759546925,0.197679497480211
"GlobalSpecies0448",0.245934781101937,0,0.268064071117803,0,0.272597582700859,-0.5,0.213403565079402,0,0,0
"GlobalSpecies0449",0,0,0,0,0,0,-0.5,0,0,1
"GlobalSpecies0450",-0.460587640373296,0.263708263420892,0,0,-0.0394123596267045,0.227552943827316,0,0.264091840371809,0,0.244646952379982
"GlobalSpecies0451",0,0,0,1,0,0,0,0,-0.5,0
"GlobalSpecies0452",0,0,0,0,0,0,1,0,0,0
"GlobalSpecies0453",0.341932847429289,-0.345457888386814,0,-0.154542111613186,0.315848856017716,0,0,0.342218296552996,0,0
"GlobalSpecies0454",0.496073078738956,-0.5,0,0,0.503926921261044,0,0,0,0,0
"GlobalSpecies0455",0,0,0,0.506141376759404,0.493858623240596,0,0,-0.0692682389730869,-0.430731761026913,0
"GlobalSpecies0456",0,0,0,0.341760472674947,0.331047255435347,0,0.327192271889706,0,0,0
"GlobalSpecies0457",0.231233015758364,0.248979248964388,0,0,0,0.297167402534978,0,0.22262033274227,0,0
"GlobalSpecies0458",0,0,0,0,0,1,0,0,0,0
"GlobalSpecies0459",0,0,0,-0.5,0,0,0,1,0,0
"GlobalSpecies0460",0,0,0,0,0,0,0,0.537209933384458,0.462790066615542,0
"GlobalSpecies0461",0.48218403406813,-0.222503460828215,0,0,-0.182513597974591,0,0.51781596593187,0,0,-0.0949829411971939
"GlobalSpecies0462",0,0,1,0,0,0,0,0,0,0
"GlobalSpecies0463",-0.5,0.516306461558844,0,0,0,0,0.483693538441156,0,0,0
"GlobalSpecies0464",-0.150834760231036,0,0,-0.349165239768964,0,0,1,0,0,0
"GlobalSpecies0465",0,0.303950802889579,0,0.364219941444808,0,0,0,0,0,0.331829255665613
"GlobalSpecies0466",0,0,1,0,0,0,0,0,-0.5,0
"GlobalSpecies0467",0,0,-0.5,0,0,1,0,0,0,0
"GlobalSpecies0468",0,0.348168293551059,0,0,-0.313779566060605,0.319597287763987,-0.186220433939395,0.332234418684954,0,0
"GlobalSpecies0469",0,0,1,0,0,0,-0.5,0,0,0
"GlobalSpecies0470",0,0,0,1,0,0,0,0,0,0
"GlobalSpecies0471",0,0,0,0.243076013967814,0,0.234398991383628,0.25945257793411,0.263072416714448,0,0
"GlobalSpecies0472",0,0,0,0.313393964309957,0,0,0,0.339931513420527,0,0.346674522269516
"GlobalSpecies0473",0,0,0,0.545944182652353,0.454055817347647,-0.5,0,0,0,0
"GlobalSpecies0474",0,0,0,0,0,0,0.475509210599548,-0.5,0.524490789400452,0
"GlobalSpecies0475",0,0,0,0.374693767900596,0,0.325204417921215,0.30010181417819,-0.5,0,0
"GlobalSpecies0476",1,0,0,0,0,0,0,-0.5,0,0
"GlobalSpecies0477",0,0.329492635521786,0.302189687209779,0,0,0,0,0.368317677268434,0,-0.5
"GlobalSpecies0478",0.299289709827557,0,-0.331031730259084,0,0.324058861694864,0.376651428477579,-0.0398019600592224,0,0,-0.129166309681694
"GlobalSpecies0479",0,0,0,0,0,0,0,0,0.45585316217662,0.544146837823379
"GlobalSpecies0480",0,0,0,0,0,0,0,0,0,1
"GlobalSpecies0481",0,0,0,1,0,0,0,0,0,0
"GlobalSpecies0482",0,-0.5,0,0.546618910242014,0,0.453381089757986,0,0,0,0
"GlobalSpecies0483",0,0,0,0.374609752126725,0,0.325582231331796,0,0,0.299808016541479,0
"GlobalSpecies0484",0.16535955116661,0.176962671854511,-0.120334815539026,0.157331547118483,0.167191388920991,0.156837546241494,-0.0486201184121013,-0.331045066048873,0,0.17631729469791
"GlobalSpecies0485",0,0,1,0,0,0,0,0,0,0
"GlobalSpecies0486",-0.307284866794707,0,0.212630981956337,0,0,0,0.247481508589378,-0.192715133205293,0.287373180554727,0.252514328899558
"GlobalSpecies0487",-0.336567350115386,0.182861309158483,0,0.21253706318419,0.199818040785827,0.214465273578057,0.190318313293443,0,0,-0.163432649884614
"GlobalSpecies0488",0,0,-0.5,0,0.364189791483056,0.309645971578672,0.326164236938272,0,0,0
"GlobalSpecies0489",0,0.241718930615756,0.227258563405335,0.272817591905774,0,0,0,0,0,0.258204914073135
"GlobalSpecies0490",0,0.58124405287992,-0.194417795990414,0,0,0,0.418755947120081,0,-0.305582204009586,0
"GlobalSpecies0491",0,0,0,0,0,0.557703230788938,0,0,0.442296769211062,0
"GlobalSpecies0492",0,0,0.559318327305733,0,0,0,0.440681672694267,0,0,0
"GlobalSpecies0493",0,-0.197856012899751,0,0,-0.302143987100249,0,0,0,0,1
"GlobalSpecies0494",0,0,0,0,0,0,0,0.295603285615694,0.40128633499588,0.303110379388427
"GlobalSpecies0495",0,0.314221245819939,0,0,0,0,0,0.350245186539716,0,0.335533567640346
"GlobalSpecies0496",0,0,-0.0899541273794543,0,-0.18531461585205,0,-0.0653555772922078,1,0,-0.159375679476288
"GlobalSpecies0497",0,0,0.300837224164592,0,0.39633645178047,0,0,0,0.302826324054937,0
"GlobalSpecies0498",0.507437915340379,0.492562084659621,0,0,0,0,0,0,0,0
"GlobalSpecies0499",0,0,0,0,0,0,0,0,0,1
"GlobalSpecies0500",0.46587583435906,0,0,0.53412416564094,0,0,0,0,-0.5,0
"GlobalSpecies0501",0,-0.5,0,0,0,0,0,0,1,0
"GlobalSpecies0502",0,0,0,0,-0.115937440050993,-0.384062559949007,0.457035817845159,0.542964182154841,0,0
"GlobalSpecies0503",0,0,0,0,0.347583775152595,0,0,0.294402168825463,0,0.358014056021942
"GlobalSpecies0504",0.355934304637687,0,0,0,0,0,0.317579554455688,0.326486140906624,-0.5,0
"GlobalSpecies0505",0.484852078691635,0,0,-0.5,0.515147921308365,0,0,0,0,0
"GlobalSpecies0506",0,0,0,0,0,0,1,0,0,0
"GlobalSpecies0507",0,0,1,0,-0.212738076463169,0,0,0,-0.287261923536831,0
"GlobalSpecies0508",0.330030787900851,0,0,-0.031189945302391,0,0.326826524951353,0,0,-0.468810054697609,0.343142687147796
"GlobalSpecies0509",0.188156593250983,0.210024120924096,0,0.225006143286588,0,0.178885331721805,0.197927810816528,0,0,0
"GlobalSpecies0510",0.215676107788031,0.240842918734117,0.287153098990839,0,0,0.256327874487013,0,0,0,0
"GlobalSpecies0511",0.341958552721156,0,0,0,0.32887381598162,0,0,0,0.329167631297224,0
"GlobalSpecies0512",0,0,-0.5,0,0.332576758424338,0,0.338604388234775,0,0,0.328818853340887
"GlobalSpecies0513",0,0,0,0,0.529688984352315,0,-0.5,0,0.470311015647685,0
"GlobalSpecies0514",0.357815990651977,0,0,0,0,0.335410674322379,0,0,0,0.306773335025644
"GlobalSpecies0515",0.2913343794878,0,0,0.242829447176063,0,0,0.22644238836966,0.239393784966477,0,0
"GlobalSpecies0516",0,0,0,0,0,1,0,0,-0.5,0
"GlobalSpecies0517",-0.5,0,0.5451190122289,0,0,0,0,0,0,0.4548809877711
"GlobalSpecies0518",0,0,0,0,0,0,0,1,0,0
"GlobalSpecies0519",0,0,0,0,1,0,0,0,0,0
"GlobalSpecies0520",0,0.185940100251186,0,0.264592115977858,0,-0.5,0.254186292629009,0,0,0.295281491141948
"GlobalSpecies0521",-0.5,0.341989333999017,0,0.323756733438029,0,0,0,0,0.334253932562954,0
"GlobalSpecies0522",0,0,-0.5,0,0,0,0,0,0,1
"GlobalSpecies0523",0.152129501450694,0,-0.5,0.142274229707522,0.139204706190612,0,0.204784829899829,0.18714966194264,0.174457070808704,0
"GlobalSpecies0524",-0.106016149984097,0.302682437171395,0,0,0.355336746153728,-0.393983850015903,0,0,0.341980816674877,0
"GlobalSpecies0525",0,0,0,0,0,0.431894315020634,-0.5,0,0,0.568105684979366
"GlobalSpecies0526",0.326875904457793,0.320929652321406,-0.5,0,0,0,0,0,0,0.352194443220801
"GlobalSpecies0527",-0.5,0,0,0,0,0,1,0,0,0
"GlobalSpecies0528",0,0,0,0,-0.254340683439832,-0.245659316560168,0,0.472883388153131,0.527116611846869,0
"GlobalSpecies0529",0,0.543023669434163,0.456976330565837,0,-0.262598091628533,-0.237401908371467,0,0,0,0
"GlobalSpecies0530",0,0,0.545972439960843,0,0,0,0,0,0.454027560039157,0
"GlobalSpecies0531",0,0.322109755192002,0,0,0,0,0,0.408525645079118,0,0.26936459972888
"GlobalSpecies0532",0,0,0.477939971224221,0,0,0,-0.5,0,0,0.522060028775779
"GlobalSpecies0533",0,0,1,0,0,0,0,0,0,0
"GlobalSpecies0534",-0.322037213185658,0,0.146114055738593,0.168178809460684,0,0.158047246468257,0.164097519967366,-0.177962786814342,0.172081009018468,0.191481359346632
"GlobalSpecies0535",-0.375877397070143,0,0.255554379241239,0,0.245476694870166,0.257610054253666,0,0.24135887163493,0,-0.124122602929857
"GlobalSpecies0536",0,0,0,0,1,0,0,0,0,0
"GlobalSpecies0537",-0.5,0,0.358080166324412,0,0,0,0,0,0.321679199093389,0.320240634582198
"GlobalSpecies0538",0.564283086223141,0,0,0,0,0,0.435716913776859,0,0,0
"GlobalSpecies0539",0.231578032733756,0.171991308860788,-0.5,0.193053441378275,0,0,0.209185475541387,0.194191741485795,0,0
"GlobalSpecies0540",0.334590941521133,0,0.327506473231811,0,0.337902585247056,0,0,0,0,0
"GlobalSpecies0541",0,0,0,-0.5,0,0,1,0,0,0
"GlobalSpecies0542",0,0.314851031029194,0.309915248577479,0,-0.213089838159826,0,0.375233720393327,0,0,-0.286910161840174
"GlobalSpecies0543",0,0,0,0,0,0,0,0,0,1
"GlobalSpecies0544",0.512099313735567,0,0,0,0,0,0.487900686264433,0,0,0
"GlobalSpecies0545",0,0.233179502862265,0.221347059752327,0,-0.5,0.290466087236884,0,0.255007350148524,0,0
"GlobalSpecies0546",0.230696771061341,0,0.257230651541721,0,0,0,0.272518693367518,0,0,0.23955388402942
"GlobalSpecies0547",0.121391610491929,0.128830748488582,0.117337500792451,0.122235913578892,0.138676971514266,-0.5,0.125116442242217,0.114770758326431,0,0.131640054565232
"GlobalSpecies0548",0,0,0,0.301338048062531,0.256785932208893,0.220972912453457,-0.478753108494457,0.22090310727512,0,-0.0212468915055431
"GlobalSpecies0549",0,0,0,0,1,0,0,0,-0.5,0
"GlobalSpecies0550",1,0,0,0,0,0,0,0,0,0
"GlobalSpecies0551",0,0.336177845565787,0.342094233014728,0,0,-0.5,0,0,0,0.321727921419484
"GlobalSpecies0552",1,0,0,-0.00563844009941936,0,0,0,0,0,-0.494361559900581
"GlobalSpecies0553",0,0,0.482394530069682,0,0,0,0.517605469930318,0,-0.5,0
"GlobalSpecies0554",0,0.312047189892097,0.344395403458064,-0.0952720631065786,0,0.343557406649839,0,-0.404727936893421,0,0
"GlobalSpecies0555",0,0,0,1,-0.5,0,0,0,0,0
"GlobalSpecies0556",0,0,0,0,0.501822256878382,0,0,-0.5,0,0.498177743121618
"GlobalSpecies0557",-0.031459275699147,-0.468540724300853,0,0.34181047403712,0,0,0.343982879634584,0,0,0.314206646328297
"GlobalSpecies0558",0,0,0.490526638180621,0,0,-0.5,0,0,0.509473361819379,0
"GlobalSpecies0559",0.112693991070169,0.113157654003416,0.108778913579223,0,0.114011045113283,0.114576342467176,0.1099405354333,0.10216424740597,0.11785090942395,0.106826361503512
"GlobalSpecies0560",0,0,0.23224672226077,0,0.258799941444913,0,0,0,0.248587089047329,0.260366247246988
"GlobalSpecies0561",0,0,-0.5,0.267091476093263,0.264145408495227,0,0.214935433436904,0,0,0.253827681974606
"GlobalSpecies0562",0,0,0,0.241957002058386,0,0,0.268062836411537,0.251525724605742,0.238454436924335,0
"GlobalSpecies0563",0,0,0,0,0,0,-0.0318777286155163,-0.468122271384484,1,0
"GlobalSpecies0564",0,0,0,0,0,1,0,-0.5,0,0
"GlobalSpecies0565",0,0,0,0,0,1,0,0,-0.255623370989887,-0.244376629010113
"GlobalSpecies0566",0,0,0,0,0,0,1,0,0,0
"GlobalSpecies0567",0,1,0,0,0,0,0,-0.5,0,0
"GlobalSpecies0568",0,0,0,0,0,0.348045576419777,0.323736890651373,0.328217532928851,0,0
"GlobalSpecies0569",-0.309169501693747,0.252889145659898,0,0,0.237904879377333,0.25958843172935,0,0.249617543233419,-0.190830498306253,0
"GlobalSpecies0570",-0.5,0,0,0.220808304273829,0.256088216279013,0,0.291894956641201,0.231208522805956,0,0
"GlobalSpecies0571",0.334002955883426,-0.5,0,0.289784565091351,0,0,0,0.376212479025223,0,0
"GlobalSpecies0572",0,0,0.475553688491945,-0.5,0,0,0,0.524446311508055,0,0
"GlobalSpecies0573",0,0,0,-0.5,0,0,0,0,0,1
"GlobalSpecies0574",-0.211005251630946,0,0,1,0,-0.288994748369054,0,0,0,0
"GlobalSpecies0575",0.448412002036038,0.551587997963962,0,0,0,0,0,0,0,-0.5
"GlobalSpecies0576",0,0,0,0,0,0,1,0,0,0
"GlobalSpecies0577",0,0.177004404942586,0.195592496374882,0.167115889002369,0,0.124159578879173,0.170199012857227,0.165928617943763,-0.290600087533375,-0.209399912466625
"GlobalSpecies0578",0,0,0,0,0,0.488358641618308,0,0.511641358381692,0,0
"GlobalSpecies0579",0,0,-0.315678682956679,0,0,0,0.482403167577037,0,0.517596832422963,-0.184321317043321
"GlobalSpecies0580",0,0,0,0,0,0,0,0,0,1
"GlobalSpecies0581",0,0.331598275096141,0.355161622725897,0,-0.0994271956273403,0.313240102177962,0,-0.0993491057388537,0,-0.301223698633806
"GlobalSpecies0582",0,0,0,0,1,0,-0.201295428775148,-0.298704571224852,0,0
"GlobalSpecies0583",0,0,0,0,0,0,0.473124840123994,0.526875159876006,0,0
"GlobalSpecies0584",0,0.335799885046797,0,0.358438818371808,0,0.305761296581395,0,0,0,0
"GlobalSpecies0585",0,-0.0562190557506718,1,0,-0.281071021529806,0,0,0,0,-0.162709922719523
"GlobalSpecies0586",0,0,0,-0.0162697741219135,0,0,1,-0.35358756647608,0,-0.130142659402007
"GlobalSpecies0587",0,0,0,0.308596313799553,0,0.35509533128545,-0.5,0.336308354914998,0,0
"GlobalSpecies0588",0,1,0,0,0,0,0,-0.5,0,0
"GlobalSpecies0589",0,0,0,0,0,0,1,0,0,0
"GlobalSpecies0590",0.203341556836224,0,-0.0601088054533648,0.211264711318287,0,0.219163521482928,-0.439891194546635,0,0.190861371000563,0.175368839361999
"GlobalSpecies0591",1,0,0,0,0,0,0,0,0,0
"GlobalSpecies0592",-0.5,0,0,0.447557864594549,0,0.552442135405451,0,0,0,0
"GlobalSpecies0593",0.301020091726617,0,0,0,0.35667355534064,0,0,0.342306352932743,0,0
"GlobalSpecies0594",0.373980681571941,0.310370182515666,0,0,0,0,0,-0.5,0.315649135912392,0
"GlobalSpecies0595",0.17360838162364,0,0,0.207253714421426,0,0.206840280535414,0,0.23454747439716,0,0.177750149022359
"GlobalSpecies0596",0,0.409446260803747,0,0,0.326733102776606,0,0,0,0,0.263820636419646
"GlobalSpecies0597",0,0.482754197515322,0,0,0,-0.5,0,0,0,0.517245802484678
"GlobalSpecies0598",0.17874472672354,0,0,-0.101273411703874,0.18069346897078,0.207004664603055,0.218614493306053,0,0.214942646396572,-0.398726588296126
"GlobalSpecies0599",0,-0.188437543457667,-0.219750976482887,1,0,0,0,0,0,-0.0918114800594461
"GlobalSpecies0600",0,0,0,0.347967522501535,0,0.321358341863865,0,0,0.3306741356346,0
"GlobalSpecies0601",0,0,0.539945685521794,0,0,0,0.460054314478206,-0.5,0,0
"GlobalSpecies0602",0,-0.37008154019746,0.56337436015241,-0.12991845980254,0,0,0,0,0.43662563984759,0
"GlobalSpecies0603",-0.473237334512685,0,-0.0267626654873147,0.453090417064808,0,0,0,0,0.546909582935192,0
"GlobalSpecies0604",0,0,-0.5,0,0,0,0.461994238367684,0,0.538005761632316,0
"GlobalSpecies0605",0,0,0.326254894422922,0.348561554319546,0,0,0.325183551257532,0,0,0
"GlobalSpecies0606",0,0,0,1,0,0,0,0,0,0
"GlobalSpecies0607",0,0,0,0,0,0,0,1,0,0
"GlobalSpecies0608",-0.0180512896040002,0.278112797958787,0,-0.481948710396,0,0,0.245376959342329,0.251136355794579,0.225373886904305,0
"GlobalSpecies0609",0.507056745893771,-0.5,0.492943254106229,0,0,0,0,0,0,0
"GlobalSpecies0610",0,0,-0.5,0,0,0,0,1,0,0
"GlobalSpecies0611",0,-0.136375562558331,-0.0683534523577951,0.339706134041565,-0.267322275181669,0,0.366274536772108,0,0.294019329186327,-0.027948709902205
"GlobalSpecies0612",0,0,0,0,0,0.541272931854104,0.458727068145897,0,0,0
"GlobalSpecies0613",-0.0221893095987478,0.376001603582938,0,0,0.327153098409046,0.296845298008017,0,0,0,-0.477810690401252
"GlobalSpecies0614",0,0,0.330395149696595,0,0.347534869093998,0,0,0.322069981209408,-0.5,0
"GlobalSpecies0615",0,0,0,0,0,0,0,0,0,1
"GlobalSpecies0616",-0.5,0,0,0.312224546909589,0,0.349120996729778,0,0,0,0.338654456360633
"GlobalSpecies0617",0,0.281311093278233,0,0,0,0.248603006011317,0.238047104146278,-0.5,0,0.232038796564172
"GlobalSpecies0618",0,-0.5,0,0,0,0,0,0.304801602472268,0.33730541756403,0.357892979963702
"GlobalSpecies0619",0.236935186047625,0,0,0.264559176538238,0,0.232327885456015,0,0,0,0.266177751958122
"GlobalSpecies0620",0,0,0,0,0,0,0,1,-0.5,0
"GlobalSpecies0621",0.490736044910466,0,0,0,0,0,0.509263955089534,0,0,0
"GlobalSpecies0622",0,0,0.260547265026803,0,0,0.247349413823016,0.256420130484841,-0.5,0,0.23568319066534
"GlobalSpecies0623",0.173262904656162,0.225871794756359,0.1973672762156,0.189071209306244,0,0,0,0,0.214426815065635,0
"GlobalSpecies0624",0,0,0,1,0,0,0,-0.5,0,0
"GlobalSpecies0625",0,-0.289019328950622,0,0.554280501731626,0.445719498268374,0,0,-0.210980671049378,0,0
"GlobalSpecies0626",0,0,0,0,-0.5,0,0,0,0,1
"GlobalSpecies0627",0,0,0,0.541807150296884,0,0,0,0,0.458192849703116,0
"GlobalSpecies0628",-0.293999006071462,0,-0.206000993928538,0,0.442867186201839,0,0.557132813798161,0,0,0
"GlobalSpecies0629",0,0,0,0,0,0,1,0,0,0
"GlobalSpecies0630",-0.5,0.57572816290905,0,0,0,0,0,0,0,0.42427183709095
"GlobalSpecies0631",0,0,0,0,0,0,1,-0.0572695815360468,-0.442730418463953,0
"GlobalSpecies0632",0,-0.231975140877883,0,0,0,-0.268024859122117,0,0.467009857563634,0.532990142436366,0
"GlobalSpecies0633",0.359862074591742,0.316343412165665,0.323794513242593,0,0,0,0,0,0,0
"GlobalSpecies0634",0.28159610288478,0,-0.5,0,0,0.224397467614947,0.24912017255744,0.244886256942833,0,0
"GlobalSpecies0635",0.341247050332629,0.343482850207058,0,0,0,0,0.315270099460313,0,0,0
"GlobalSpecies0636",0.554569008141255,-0.5,0,0,0,0,0,0.445430991858745,0,0
"GlobalSpecies0637",0,0,-0.5,0,1,0,0,0,0,0
"GlobalSpecies0638",0,1,0,0,0,0,0,0,0,-0.5
"GlobalSpecies0639",0,-0.5,0,0,0.482419109795409,0,0,0,0,0.517580890204591
"GlobalSpecies0640",0,-0.277010312935071,0.265723019251769,-0.0820685598323103,0.252888996406693,0.244448752746178,0,-0.0546337361249632,0.23693923159536,-0.0862873911076552
"GlobalSpecies0641",0,-0.5,0,0,0.535118994779913,0,0,0,0.464881005220087,0
"GlobalSpecies0642",0,0,0,1,0,0,0,0,0,0
"GlobalSpecies0643",0,0,0,0,-0.5,0.518313719447278,0,0,0.481686280552722,0
"GlobalSpecies0644",0.521508403460071,0.478491596539929,-0.162629152062401,0,-0.337370847937599,0,0,0,0,0
"GlobalSpecies0645",-0.401861425999373,0,0,0,0,0,0,-0.0981385740006267,1,0
"GlobalSpecies0646",0.237611859849966,0,0.316540056705815,-0.219184760729565,0,0,-0.110843666384489,0.221548808127117,0.224299275317103,-0.169971572885946
"GlobalSpecies0647",0,0,-0.5,0,0,0,1,0,0,0
"GlobalSpecies0648",0,0.225395527634097,0.190808792363889,0,0.189587332013552,0,0.206185739351332,0,0.18802260863713,-0.5
"GlobalSpecies0649",0,-0.5,0,0.456308955301551,0,0,0,0,0.543691044698449,0
"GlobalSpecies0650",0,0.267303501406608,0.239323338440461,0,0.278058359103464,0,0.215314801049467,0,0,-0.5
"GlobalSpecies0651",0.255392600315206,0,0.255880229102465,0,0.228680691859954,0,0,0,0,0.260046478722375
"GlobalSpecies0652",0.334751588970568,0,0,0,0,0,0.30754555438603,0,0,0.357702856643402
"GlobalSpecies0653",1,-0.418224824622351,0,-0.0817751753776489,0,0,0,0,0,0
"GlobalSpecies0654",0.345651531564386,0.372284672750931,0,0,0,0,-0.5,0.282063795684683,0,0
"GlobalSpecies0655",0,0,0,0,0.479706223802344,0,0,0.520293776197656,0,0
"GlobalSpecies0656",0,0,0,0,0,0,1,0,0,0
"GlobalSpecies0657",0,0,0,0.227772562178717,0.259560330146818,0,-0.5,0.277008748700099,0.235658358974366,0
"GlobalSpecies0658",0.57257383833333,0,0,0,0.42742616166667,0,0,0,0,0
"GlobalSpecies0659",0,0,0,0,0.524467656226238,0,0,0,0.475532343773762,0
"GlobalSpecies0660",0,0,1,0,0,0,0,0,0,-0.5
"GlobalSpecies0661",0,0,0,0,0,1,0,0,0,0
"GlobalSpecies0662",0.225578378963646,0.251663723879167,0,0.277558647716643,-0.5,0,0.245199249440544,0,0,0
"GlobalSpecies0663",0.513658524132635,0,0,-0.26589490826733,0,0,0,0.486341475867365,-0.23410509173267,0
"GlobalSpecies0664",0,0,0,0,0,0,0,0,0,1
"GlobalSpecies0665",0,0,0,-0.345630914611628,0,0,0,-0.154369085388372,0,1
"GlobalSpecies0666",-0.222446867242018,0,0,0,0,0.444888805675849,0,-0.277553132757982,0.555111194324151,0
"GlobalSpecies0667",0,0.276421751519747,0.230976775744979,0,0,0,0,0.251573002067023,0.24102847066825,0
"GlobalSpecies0668",0.17953650407595,0.197022509617231,0,0.216995618115292,0,0,0,0,0.192485222903955,0.213960145287572
"GlobalSpecies0669",0,0,0,0,0,0,0,0,1,-0.5
"GlobalSpecies0670",0,0,0,0,1,0,0,0,0,0
"GlobalSpecies0671",0,0,0,0,1,0,0,0,0,0
"GlobalSpecies0672",0,0.179543754652331,0,0.16183738009439,0.174127440164589,0.156752910341544,0,0,0.165852685131973,0.161885829615173
"GlobalSpecies0673",1,0,-0.5,0,0,0,0,0,0,0
"GlobalSpecies0674",0,0,0,1,0,0,0,0,0,0
"GlobalSpecies0675",0.301098471588097,0,0,0,0.319111235210293,0,-0.5,0,0.37979029320161,0
"GlobalSpecies0676",0,0.341182446369486,0.317132039395967,0,0,0,0.341685514234548,0,0,0
"GlobalSpecies0677",0,0.265580967376004,0,0.250313174305077,-0.5,0,0,0,0.275512452024793,0.208593406294126
"GlobalSpecies0678",0,0,0.388692842113337,0.304063641415451,-0.5,0,0,0,0,0.307243516471212
"GlobalSpecies0679",-0.119540796865714,0.262971050193314,-0.380459203134286,0,0,0.24543995976266,0.247571645050246,0,0.24401734499378,0
"GlobalSpecies0680",0,0.252034983912533,0.282530602012961,0,0,0.240025180063666,0,0,0,0.22540923401084
"GlobalSpecies0681",0,0,0,0,-0.5,0,0,1,0,0
"GlobalSpecies0682",0.42770711062281,0,0,0,0,0,0.57229288937719,0,0,0
"GlobalSpecies0683",0.35162458300711,-0.5,0,0.314212517970328,0,0.334162899022562,0,0,0,0
"GlobalSpecies0684",0,0,0,0,0,0,1,0,0,0
"GlobalSpecies0685",-0.5,0,0,0,0.335446525570461,0,0,0.326649847987536,0.337903626442002,0
"GlobalSpecies0686",0,0,0,0,0,0,0,0,1,0
"GlobalSpecies0687",-0.5,0,0.551723594475816,0,0,0,0,0,0,0.448276405524184
"GlobalSpecies0688",0,0,-0.432726848525485,0,0.343313772809352,0,-0.0672731514745155,0,0.280142647677728,0.37654357951292
"GlobalSpecies0689",0,0.254897436630927,0.291083526056306,0,0,0,0.238063507030681,0,0,0.215955530282086
"GlobalSpecies0690",0.436514019103824,0,0.563485980896176,0,0,0,0,0,0,0
"GlobalSpecies0691",0,0,0,0,-0.5,0,0,0.545057765026423,0,0.454942234973577
"GlobalSpecies0692",-0.155851556440704,0,0,0,0.297236312522054,0.361609983651244,-0.344148443559296,0,0.341153703826702,0
"GlobalSpecies0693",0,0,0,0,0.316665759785368,0.323689407096397,0,0,0,0.359644833118234
"GlobalSpecies0694",0,0,0,0,0,-0.5,0,0.348135541962277,0.318212072925314,0.333652385112409
"GlobalSpecies0695",0.173697679257021,0,0.22744027223148,0,0.202113846027623,0.190153596534046,0,0.20659460594983,0,0
"GlobalSpecies0696",0,0.531793866442846,0.468206133557154,-0.226418923999527,0,0,0,-0.273581076000473,0,0
"GlobalSpecies0697",0.496229239056217,0,0,0,0,0,0,0,-0.5,0.503770760943783
"GlobalSpecies0698",0.186198977095601,-0.5,0.180492107386682,0.194892459868797,0,0.215193028154627,0,0.223223427494294,0,0
"GlobalSpecies0699",0,0,0,0,0,0,0,1,0,0
"GlobalSpecies0700",-0.5,0,0,0.501691036818466,0.498308963181534,0,0,0,0,0
"GlobalSpecies0701",0.254382367174353,0,0.245319344323023,0,0.265127873749303,0,0,0,0,0.23517041475332
"GlobalSpecies0702",0,-0.5,0.496647361342915,0,0,0,0,0,0,0.503352638657085
"GlobalSpecies0703",0.495869852031948,0.504130147968053,0,0,0,0,0,0,0,0
"GlobalSpecies0704",0,0,0,-0.0829272144600001,0.267298560269409,0.224510552398653,0.25898563471192,-0.41707278554,0.249205252620018,0
"GlobalSpecies0705",0,0,0,0,0.527428645931591,0,0,0.472571354068409,0,0
"GlobalSpecies0706",0,0.547460336035193,0,0,0,0.452539663964807,-0.374892153527543,-0.125107846472457,0,0
"GlobalSpecies0707",0.351299772765298,0,0,0,0.300615456970427,-0.5,0,0.348084770264276,0,0
"GlobalSpecies0708",0,0,0.236164977058427,0,0.261138841654494,0,0.218609189174989,0,0,0.284086992112089
"GlobalSpecies0709",0,0,-0.0474895333746116,0,0,0.487380257732895,-0.452510466625388,0,0,0.512619742267105
"GlobalSpecies0710",0,0.561736739871808,-0.5,0,0,0,0,0,0.438263260128192,0
"GlobalSpecies0711",0,0,1,0,0,0,0,0,0,0
"GlobalSpecies0712",0,0,0.553687211732719,0,0,0.446312788267281,0,0,0,0
"GlobalSpecies0713",0.2283782310223,0,0,0,0.198394692575983,0,0.14382226893847,0.210096088097194,0.219308719366053,0
"GlobalSpecies0714",0.222719546574937,0.17042842645741,0.202590600781234,0.190192049995189,0,0.21406937619123,0,0,0,0
"GlobalSpecies0715",0.479567445196841,0,0,0,0,-0.5,0,0.520432554803159,0,0
"GlobalSpecies0716",0.26160639838019,0.270023550508361,0,0,0.235963790710815,0,0,0,0.232406260400634,0
"GlobalSpecies0717",0,0,0,0,0,0,0,0,1,0
"GlobalSpecies0718",0,0,0,0,1,0,0,0,0,0
"GlobalSpecies0719",0.504952621575076,0,0,0,0,-0.0211003595145724,0.495047378424924,0,0,-0.478899640485428
"GlobalSpecies0720",0.152879953729313,0,0.164775042589003,0.17308228792168,0,0.183423083007474,0,0.150842620556079,0.174997012196451,-0.5
"GlobalSpecies0721",0,0,0,0,0.321718495007257,-0.0695695346324872,-0.430430465367513,0.372037323724172,0,0.306244181268571
"GlobalSpecies0722",0,0,0,0,0,-0.352615916135173,0,0.501217591356014,-0.147384083864827,0.498782408643986
"GlobalSpecies0723",0.332253872697898,-0.183085020117917,0,0.305112469139901,0,0,-0.0140019766568721,0.362633658162201,0,-0.302913003225211
"GlobalSpecies0724",0,-0.130188221808299,0,0,0,0,1,-0.369811778191701,0,0
"GlobalSpecies0725",0,0,0,0,0.492939614190219,0,0,0,0.507060385809781,0
"GlobalSpecies0726",-0.44327241481517,0.327413571131049,0,0,0.335454900657692,0,-0.0567275851848296,0.33713152821126,0,0
"GlobalSpecies0727",0.534584221725267,0,0,0,0,0,-0.5,0,0.465415778274733,0
"GlobalSpecies0728",0,0,0,0,0,0,0,1,0,-0.5
"GlobalSpecies0729",0,0.28447570260065,0,0,0,0,0,0.331149308112408,0,0.384374989286942
"GlobalSpecies0730",0,0.1915077991964,0.203618429455793,-0.100318522927999,0,0.174951245271487,0,0.236080215407633,0.193842310668687,-0.399681477072001
"GlobalSpecies0731",0,0,0.524687733015447,0,0,0,0,0,-0.5,0.475312266984553
"GlobalSpecies0732",0,0.338998567074527,0.370162039647274,0,0,0,-0.5,0,0,0.290839393278199
"GlobalSpecies0733",0,0.17916786384875,0.196796629169824,0,0,0,0.214014422890611,0.186465173659088,0,0.223555910431727
"GlobalSpecies0734",0,0,0,0,0,0,0,0.510840160937327,0,0.489159839062673
"GlobalSpecies0735",0.496627713553076,0,0,0.503372286446924,0,0,0,0,0,-0.5
"GlobalSpecies0736",0,0.263883013885327,0,0.260186614388305,0.239674619035029,0.23625575269134,0,0,0,0
"GlobalSpecies0737",0,0.245195710182557,0,0.256483459673985,-0.125158103726436,0.242854299641575,0,0.255466530501883,-0.374841896273564,0
"GlobalSpecies0738",0.375926643858786,0,0.342248662230459,0,-0.5,0,0,0.281824693910755,0,0
"GlobalSpecies0739",-0.028316098012589,-0.260559324059587,0,0,0,0,0,0,1,-0.211124577927824
"GlobalSpecies0740",0,0,0,0.336393835515239,0.371642817890935,0,0,0,0,0.291963346593826
"GlobalSpecies0741",0,0,0.47477104250256,0,0.52522895749744,0,-0.310366498854311,0,0,-0.189633501145689
"GlobalSpecies0742",0,0,1,0,0,0,0,0,0,0
"GlobalSpecies0743",0,0,-0.5,0,0,0,0,0,0,1
"GlobalSpecies0744",-0.155149738709754,0,0,-0.154026058235953,-0.190824203054293,0,0,0.29888447840632,0.328978227332039,0.372137294261641
"GlobalSpecies0745",-0.5,0,0.200941984931709,0.171698577659434,0.198750448658122,0,0,0.182491828013767,0,0.246117160736968
"GlobalSpecies0746",0,0,0,0,0,0.414906035692823,0,0.585093964307177,0,-0.5
"GlobalSpecies0747",0,0,0,0,0,0,0,-0.5,1,0
"GlobalSpecies0748",0.201692946600817,0.224698149932644,0,0,0.201156495343449,0.18740099853407,-0.0126697855631948,0.185051409589021,-0.487330214436805,0
"GlobalSpecies0749",0.225903293893254,0,0,0.240407426927043,0.23239471621186,0,0,0,0,0.301294562967844
"GlobalSpecies0750",0,0,0.445585997614797,0,0,0,0.554414002385203,0,0,0
"GlobalSpecies0751",0,1,0,0,0,0,0,0,0,0
"GlobalSpecies0752",0,0.179181118163498,0.162580805862528,0.167219033278668,-0.5,0.175636533487276,0,0,0.156243233707507,0.159139275500523
"GlobalSpecies0753",0,0,0.242198562857028,0.262555901156306,0,0,0.254583387155245,0,0.240662148831422,0
"GlobalSpecies0754",0.252180550501588,0,0,-0.5,0,0,0.259800474839095,0.251184474131589,0.236834500527728,0
"GlobalSpecies0755",0.285580229911794,-0.5,0,0,0.381201889564739,0.333217880523468,0,0,0,0
"GlobalSpecies0756",0,0,0,0,1,0,0,0,0,0
"GlobalSpecies0757",0.483366782145713,0,0,0,0,-0.5,0,0.516633217854287,0,0
"GlobalSpecies0758",0,0,0.267150790457235,0,0,0,0.263755737519484,0,0.23212798134138,0.236965490681901
"GlobalSpecies0759",0,0,0,0,0,1,-0.5,0,0,0
"GlobalSpecies0760",0,0,0,0.243231742842055,0.252311889804562,0,0,0.26973139390342,0,0.234724973449964
"GlobalSpecies0761",0,0,0,0.360646611224182,0,0,0.302813860686044,0.336539528089774,0,0
"GlobalSpecies0762",0,-0.5,1,0,0,0,0,0,0,0
"GlobalSpecies0763",0,0,-0.5,0,0.249189179402354,0.271538553618284,0.231178664473901,0,0,0.24809360250546
"GlobalSpecies0764",0.242330024928979,0.249616874973594,0,0,0.252748153288058,0,0,0,0.255304946809369,0
"GlobalSpecies0765",1,0,-0.5,0,0,0,0,0,0,0
"GlobalSpecies0766",1,0,0,0,0,0,0,0,0,0
"GlobalSpecies0767",0.187602963782417,0.176554096645402,0.146026360605377,0,0,0,0.167618697271175,0.156161458430825,0,0.166036423264804
"GlobalSpecies0768",0,0.442669164544143,0,0.557330835455857,0,0,0,0,0,0
"GlobalSpecies0769",0,0,0,0,-0.5,0.283578788507399,0.413587463905691,0.302833747586911,0,0
"GlobalSpecies0770",0.169912464728692,0,0,0.158917650108421,0.149703064401187,0.165423784253504,0.187125978800771,0,-0.5,0.168917057707424
"GlobalSpecies0771",0.212815833297806,0,0.192853547927398,-0.5,0.182435767011855,0,0,0.205689003784068,0,0.206205847978872
"GlobalSpecies0772",0,0,1,-0.05392965953443,0,-0.216638259561719,0,0,0,-0.229432080903851
"GlobalSpecies0773",0.252986310283606,0.244332104417324,0,0,0,0.256667481233342,0,-0.5,0,0.246014104065728
"GlobalSpecies0774",0,0,0,0,0,0,0,0.529097644134326,0.470902355865674,0
"GlobalSpecies0775",0,0,0,0,0.531423056336273,0,0.468576943663727,0,0,-0.5
"GlobalSpecies0776",0.180987804163338,-0.5,0,0,0.187960913409763,0,0.199309150511267,0.24056562111155,0,0.191176510804082
"GlobalSpecies0777",0.164350072139529,0.175546054542527,0.179144722174917,0.159378275645228,-0.280811799526528,0,0.158621922212133,-0.219188200473472,0.162958953285667,0
"GlobalSpecies0778",0,0,0,0,0,0,0,-0.5,0,1
"GlobalSpecies0779",0,0,-0.00732966970691743,-0.492670330293083,0,0,0,0,1,0
"GlobalSpecies0780",0,0,0,1,0,0,0,-0.5,0,0
"GlobalSpecies0781",0,0.344327380298636,0.316475998917021,0,0.339196620784343,-0.322196190867847,0,-0.177803809132153,0,0
"GlobalSpecies0782",0.228709017433994,0.222562265594039,0,0,0,0,0.28884482177398,0,-0.5,0.259883895197986
"GlobalSpecies0783",0,0,1,0,0,0,0,0,0,0
"GlobalSpecies0784",0.237801762555241,0,0,0.244956529947419,0.254686928675071,0.26255477882227,0,0,0,0
"GlobalSpecies0785",0,0.235166777276761,0,0.190451363917774,0,-0.5,0.22607453542627,0.180556754339874,0,0.167750569039321
"GlobalSpecies0786",-0.5,0,0,0,0,0,0,1,0,0
"GlobalSpecies0787",-0.271045021619583,0,0,-0.228954978380417,1,0,0,0,0,0
"GlobalSpecies0788",0,0,0,0,0,0,0,0.477271422620516,0,0.522728577379484
"GlobalSpecies0789",-0.158528632280728,0.263699390497486,-0.261141168573603,0.231495582907295,-0.0696699385080141,0.248680246234542,-0.0106602606376546,0.256124780360677,0,0
"GlobalSpecies0790",-0.341082523180291,0,1,0,0,-0.158917476819708,0,0,0,0
"GlobalSpecies0791",0,0,0,0,0,0,1,0,-0.5,0
"GlobalSpecies0792",0.475974791047639,0,0,0,0,0.524025208952361,0,0,0,0
"GlobalSpecies0793",0,-0.5,0,0,0.273548960304912,0.231734296328462,0.255036769125402,0,0.239679974241224,0
"GlobalSpecies0794",0,0,0,0.544764943699322,0,0,0.455235056300678,0,0,0
"GlobalSpecies0795",0.187943812116648,0.218731214009672,0.170917554169704,0.223686197398564,0,0.198721222305413,0,0,0,0
"GlobalSpecies0796",0.264942645066553,0,0.249740492897657,-0.5,0.241746486345095,0,0,0,0,0.243570375690694
"GlobalSpecies0797",0,0.529922226029453,0,0,0,0,0,0,0,0.470077773970547
"GlobalSpecies0798",0.23809893927198,0.234603794974767,0.271983239276675,-0.0865250747648212,0,0.255314026476579,0,0,-0.359728536820388,-0.0537463884147905
"GlobalSpecies0799",1,0,0,0,0,0,-0.186578807437141,0,-0.313421192562859,0
"GlobalSpecies0800",0.192582028960537,0.215104972132144,0,0.213147174434761,0,0.200557207969218,0,-0.5,0.17860861650334,0
"GlobalSpecies0801",0.4601893953516,0,0,0,0,0,0,0.5398106046484,0,0
"GlobalSpecies0802",0.326060128804172,0,0.313317992783712,0,0,0,0.360621878412116,0,0,0
"GlobalSpecies0803",0.325206358485829,0,0,0,0,0.332220922737334,0,0.342572718776836,0,0
"GlobalSpecies0804",0,0,0,0,0,0,0,0,0.459294084432528,0.540705915567472
"GlobalSpecies0805",0,0,0,0,1,0,0,0,0,0
"GlobalSpecies0806",0,-0.5,0,0.181231373791222,0,0.215624921125607,0.213716550581665,0.193074059538273,0.196353094963233,0
"GlobalSpecies0807",0,0,0.490023342247479,0,-0.5,0,0,0.509976657752521,0,0
"GlobalSpecies0808",0,0,0,-0.5,0,0,0,0,0.500242285732747,0.499757714267253
"GlobalSpecies0809",1,0,0,-0.5,0,0,0,0,0,0
"GlobalSpecies0810",0,0,-0.5,0,0,1,0,0,0,0
"GlobalSpecies0811",0,0,0,0,0,0.537814392787953,0,0.462185607212047,-0.5,0
"GlobalSpecies0812",0.496232017459758,0,0,-0.5,0,0,0,0.503767982540242,0,0
"GlobalSpecies0813",0,0.337777586313402,0,0,0.326608203991936,0,0,0,0.335614209694662,0
"GlobalSpecies0814",-0.0187367685992819,-0.481263231400718,0.474688784203433,0,0,0,0,0,0,0.525311215796567
"GlobalSpecies0815",0,-0.5,0.242781948127444,0,0,0.182508915521674,0.198919959816703,0.19031772710954,0.185471449424639,0
"GlobalSpecies0816",0,0,0,0,0.372623224327307,0.291240945469752,0,0,0,0.336135830202941
"GlobalSpecies0817",0,0,0,0,0.425014721919399,0.574985278080601,0,0,0,0
"GlobalSpecies0818",-0.5,0,0,0,0,0,1,0,0,0
"GlobalSpecies0819",1,0,0,0,0,0,0,-0.5,0,0
"GlobalSpecies0820",-0.427986198144612,0,0.55003870651594,0,-0.0720138018553875,0,0.44996129348406,0,0,0
"GlobalSpecies0821",0,0,0,0.322942364968503,0.334361514813226,0,0,0,0,0.342696120218271
"GlobalSpecies0822",-0.380804303876381,0,0.508505237403614,-0.119195696123619,0,0,0,0,0,0.491494762596386
"GlobalSpecies0823",0.490937164840462,0.509062835159538,0,0,0,0,0,0,0,-0.5
"GlobalSpecies0824",0,0,-0.5,0,0,0,0,1,0,0
"GlobalSpecies0825",0.362311945522682,-0.140029666588962,0.320074626852046,-0.359970333411038,0,0,0,0,0,0.317613427625272
"GlobalSpecies0826",0.249511958947231,0,0.257866242314867,0.256321175138452,0.236300623599449,0,-0.17420705307557,0,0,-0.32579294692443
"GlobalSpecies0827",0,0,0,0,-0.5,0,0,1,0,0
"GlobalSpecies0828",1,0,-0.5,0,0,0,0,0,0,0
"GlobalSpecies0829",0,0,0,0.551953842712061,0.448046157287939,0,0,0,0,0
"GlobalSpecies0830",-0.5,0,0.52721068019139,0,0,0,0.47278931980861,0,0,0
"GlobalSpecies0831",-0.117760361526121,0,-0.382239638473879,1,0,0,0,0,0,0
"GlobalSpecies0832",-0.0970395149944341,0,0.206224416995992,0.177013253341866,0.21193881496931,0,-0.402960485005566,0,0.233925509684692,0.17089800500814
"GlobalSpecies0833",0,0.449947052997141,0,0,0,0,0,0,-0.5,0.550052947002859
"GlobalSpecies0834",0.303248139764538,0,0,0,0,-0.5,0,0.328097529873985,0.368654330361477,0
"GlobalSpecies0835",0.193224910765884,0,0.181591894961144,0.161687750405853,0,0.162640242881926,0.161790114476595,-0.416699445266695,0.139065086508598,-0.0833005547333047
"GlobalSpecies0836",0,0,-0.41640174698819,0,0,0,0,0.533647363699829,0.466352636300171,-0.0835982530118099
"GlobalSpecies0837",0.288942539052849,0,0,-0.5,0,0.375573253823695,0,0,0.335484207123456,0
"GlobalSpecies0838",0,0,0,0,0.466084436256487,0,0,0.533915563743513,0,0
"GlobalSpecies0839",0,0,0,-0.5,0,0,0,1,0,0
"GlobalSpecies0840",0,0,0,0.341150447605924,0,0.360048245545248,0,0.298801306848829,0,0
"GlobalSpecies0841",0,0,0,0,0,1,0,0,0,0
"GlobalSpecies0842",-0.5,0.326660076151681,0,0,0,0,0,0.311863901061982,0.361476022786336,0
"GlobalSpecies0843",0.342595822785171,0,0,0,0.339159901397752,0.318244275817077,0,-0.5,0,0
"GlobalSpecies0844",0,0,0,0,0.328770852275027,0.355214400916566,0.316014746808407,0,0,0
"GlobalSpecies0845",0,0.278694869991741,-0.117845941583579,0,0.237824926101456,0.232102889284452,-0.147262273438946,0.251377314622352,0,-0.234891784977475
"GlobalSpecies0846",0,-0.212906387218252,0,0,0,-0.287093612781748,0,0,1,0
"GlobalSpecies0847",0,0,0.283822899993414,0,0,0.255229543085313,0,0.219069787253484,0.241877769667789,0
"GlobalSpecies0848",0.225707329105567,0.254575824165894,0,-0.214432427633115,0,0,0.283352544555778,0.236364302172761,0,-0.285567572366885
"GlobalSpecies0849",-0.5,0,0,0.476815653634939,0,0.523184346365061,0,0,0,0
"GlobalSpecies0850",-0.5,0,0,0,0,1,0,0,0,0
"GlobalSpecies0851",0.510880663203967,-0.306845014357519,0,0,0,0.489119336796033,0,-0.193154985642481,0,0
"GlobalSpecies0852",0,0,0.262634519773822,0,0.230485547992866,0.254999076849501,-0.5,0,0,0.25188085538381
"GlobalSpecies0853",0,0,0,0,0,0.531110057423788,0,0.468889942576212,0,0
"GlobalSpecies0854",-0.366792236767064,0.221701845253876,0,0,-0.0176764331585797,0,0.250711009805811,-0.115531330074356,0.303334688862835,0.224252456077479
"GlobalSpecies0855",-0.5,0,0,0,0,0.339003787687288,0.284124529852174,0,0.376871682460538,0
"GlobalSpecies0856",-0.5,0,0,1,0,0,0,0,0,0
"GlobalSpecies0857",0.166542187713586,-0.40475750807877,0.163118802570173,0,0.151196356103182,0,0.150111322629128,-0.0952424919212299,0.197933715785759,0.171097615198172
"GlobalSpecies0858",0,0.485538079755361,-0.256169942281714,0,0,-0.141866606898802,0.514461920244639,0,0,-0.101963450819484
"GlobalSpecies0859",0,0,0,0,0,1,0,0,0,-0.5
"GlobalSpecies0860",0,0,0,0,0,0.340381546981569,0,0.328174767482569,0,0.331443685535862
"GlobalSpecies0861",0,0,0,0.490644585081928,0,0,0,-0.5,0,0.509355414918071
"GlobalSpecies0862",0,0,0,0,0,0,1,0,0,0
"GlobalSpecies0863",0,0.450949234143297,0,0,0,0,0,0,0.549050765856703,0
"GlobalSpecies0864",0,0,0,0,0,0,0,0,0,1
"GlobalSpecies0865",0,0,0,-0.5,0.562125139512775,0,0,0,0,0.437874860487225
"GlobalSpecies0866",0,-0.357368828748428,0,0,0,1,0,0,0,-0.142631171251572
"GlobalSpecies0867",0.329411478657898,0,0,0.311040302102313,0,0,0,0,0.359548219239789,0
"GlobalSpecies0868",0,0,-0.5,0,0,0,0,1,0,0
"GlobalSpecies0869",-0.34022119312778,0,0.536185352853156,0,-0.15977880687222,0,0,0,0,0.463814647146844
"GlobalSpecies0870",0,-0.5,0.347526660900168,0,0,0,0,0.341155648275265,0.311317690824566,0
"GlobalSpecies0871",0.219597620956151,0.243551667367305,0,0,0,0,0.298793461525791,0,-0.5,0.238057250150752
"GlobalSpecies0872",0,0.18924793982952,0,-0.5,0.198067390094138,0.206632285936155,0.20514018746875,0,0,0.200912196671437
"GlobalSpecies0873",0,0,0,0,0,0,1,0,0,-0.5
"GlobalSpecies0874",0,0,0.231352956962582,-0.263809548157534,0,0.254284053544627,-0.236190451842466,0,0.253077488987524,0.261285500505267
"GlobalSpecies0875",0,0,1,0,0,0,0,0,0,0
"GlobalSpecies0876",0,0,1,0,0,-0.5,0,0,0,0
"GlobalSpecies0877",0,0.370398451545218,0,0,-0.5,0.275086075881131,0,0.354515472573651,0,0
"GlobalSpecies0878",-0.269303664899618,0.238990408298246,0.248174742186534,0.256455435080382,-0.230696335100382,0.256379414434838,0,0,0,0
"GlobalSpecies0879",-0.437645549337049,1,0,-0.0162318732899673,0,0,0,0,-0.0461225773729837,0
"GlobalSpecies0880",0.33534863046531,0,0,-0.5,0.311972153279,0,0,0.352679216255689,0,0
"GlobalSpecies0881",0,0,0,0,0,0,0,0,1,0
"GlobalSpecies0882",-0.5,0,0,0,0,0.513293604110168,0.486706395889832,0,0,0
"GlobalSpecies0883",-0.123739196852775,0,-0.196326013603296,1,-0.0985316129140945,0,0,0,0,-0.0814031766298345
"GlobalSpecies0884",0.286353436935235,0,0,0,0,0,-0.0272971391003318,0.37371534147171,0.339931221593055,-0.472702860899668
"GlobalSpecies0885",0.162479019018085,0,0.169121853191933,-0.340285788739321,0.159393492187242,0,0.181014945086496,-0.159714211260679,0.164356177875616,0.163634512640627
"GlobalSpecies0886",0,0,0,0,0,0,0,0,0,1
"GlobalSpecies0887",0,0,0,0,0,0,0,0,0.49342298686458,0.50657701313542
"GlobalSpecies0888",0,-0.5,0,0,0.251937710259488,0.218760747128012,0.250069463773849,0.279232078838651,0,0
"GlobalSpecies0889",0,0,0,0,0.544096237570149,0,0,0,0.455903762429851,-0.5
"GlobalSpecies0890",0,0,0,0,0,0,0,0,1,0
"GlobalSpecies0891",0,0,0.548200110318553,0,-0.5,0.451799889681447,0,0,0,0
"GlobalSpecies0892",0,0,0,0,0,-0.5,0.516384289991785,0,0.483615710008215,0
"GlobalSpecies0893",0.489287586493113,0,0,0.510712413506887,-0.5,0,0,0,0,0
"GlobalSpecies0894",-0.0323868069686689,-0.355150421276161,0.261912881090795,0,-0.0989844498554452,-0.0134783218997245,0.229549527794015,0.248047812940465,0.260489778174724,0
"GlobalSpecies0895",0.509544314112896,-0.0102923823284625,-0.142641634855108,0,0,0,0,-0.347065982816429,0,0.490455685887104
"GlobalSpecies0896",0.108195334373473,0.121272936389532,0.119685208112649,0,0.146293351548305,0,0.146088805255531,0.112670517154604,0.117449500354536,0.12834434681137
"GlobalSpecies0897",0.191212616486329,0,0.269324124594454,0,0.281761937891976,-0.5,0,0,0,0.257701321027241
"GlobalSpecies0898",0,0,0,0,-0.0271445408551864,1,0,0,0,-0.472855459144814
"GlobalSpecies0899",-0.383992336901029,0,0,0.321324278841592,0.375169539183526,0,-0.116007663098971,0,0,0.303506181974882
"GlobalSpecies0900",0,0,0,0,0,1,0,0,0,0
"GlobalSpecies0901",0,0,0.339970531483151,0.376541718226474,0,0,0,0,0,0.283487750290375
"GlobalSpecies0902",0,0,-0.5,0.261376393812911,0.228939267452702,0,0.247281102158268,0.26240323657612,0,0
"GlobalSpecies0903",0,0,-0.414649518721131,0,0,0,0,-0.0853504812788692,0.486255739604117,0.513744260395883
"GlobalSpecies0904",0,1,-0.5,0,0,0,0,0,0,0
"GlobalSpecies0905",0,0.522419117088799,0,0.477580882911201,0,0,0,0,-0.5,0
"GlobalSpecies0906",0,0,0,0,0,0,0,1,0,0
"GlobalSpecies0907",0,0.24806710808559,0.196186776761789,0,0,0,0,0.274667129726092,0.281078985426528,0
"GlobalSpecies0908",0.30228153756464,0,0.372752749302248,0.324965713133112,0,0,0,0,0,0
"GlobalSpecies0909",-0.297350308345513,0,0,0,0.361598969210757,0.350318000402833,0,0,-0.202649691654487,0.288083030386411
"GlobalSpecies0910",0,0,0,-0.5,0,0,0,1,0,0
"GlobalSpecies0911",0,0,0,0,0,0,0,-0.5,1,0
"GlobalSpecies0912",0,0,-0.0629181637578122,0,0.522055836549484,-0.16997820906125,-0.267103627180938,0,0.477944163450516,0
"GlobalSpecies0913",0.259469553185914,0,0.247266597475841,0,-0.120324544967885,0.264200569175037,0,-0.379675455032115,0,0.229063280163208
"GlobalSpecies0914",0,0,-0.140018064460362,0.493952427112302,-0.359981935539638,0,0,0,0,0.506047572887698
"GlobalSpecies0915",0,0,0,0,0.297603321007278,0.317171027493399,0,0,0.385225651499323,0
"GlobalSpecies0916",0,0,1,0,0,0,0,0,0,-0.5
"GlobalSpecies0917",0.230838127377517,0,0,0,0.236442000270045,0,0,0.26607399284405,0.266645879508389,0
"GlobalSpecies0918",-0.5,0.423422670933721,0,0,0,0.576577329066279,0,0,0,0
"GlobalSpecies0919",1,0,0,0,0,0,0,0,0,0
"GlobalSpecies0920",0,0.305462219344561,0,0,0,0,0,0.396871333270511,0.297666447384928,0
"GlobalSpecies0921",-0.5,0.541505702401362,0,0,0,0,0,0,0,0.458494297598638
"GlobalSpecies0922",0,0,0,0,0.467443216051909,0,0,0,0.532556783948091,0
"GlobalSpecies0923",0,0,0,0,0.484171095747952,0.515828904252048,0,0,0,0
"GlobalSpecies0924",0.12429667020176,0.162352219573584,0.167748873191737,-0.5,0,0.112879015645818,0.16267773140992,0.145117045574007,0,0.124928444403173
"GlobalSpecies0925",0,0,0.250740584184773,0.239164994379703,0.266848866787545,-0.5,0,0,0,0.243245554647979
"GlobalSpecies0926",-0.449294967972666,0,0,0.176690419515498,0.207208247103715,-0.0507050320273343,0,0.178719070920277,0.235022320147626,0.202359942312883
"GlobalSpecies0927",0,0.259186564839154,0,0,0.23479782316355,0.231562702902555,0.274452909094741,0,0,0
"GlobalSpecies0928",-0.0075173152123447,0.554122973182707,0.445877026817293,0,0,-0.301124904237043,-0.191357780550613,0,0,0
"GlobalSpecies0929",0,0,0,0,0,1,0,0,-0.5,0
"GlobalSpecies0930",0.262324184422904,0,0,0,0.237667381465008,0,-0.5,0.288568890806314,0.211439543305774,0
"GlobalSpecies0931",0,0,0,-0.121714415450786,0,0.434203533557817,0,0,-0.378285584549214,0.565796466442183
"GlobalSpecies0932",0.209432532955677,0,0.228742958196207,0.180592827923176,0.179240544818921,-0.0343843447352754,-0.465615655264725,0,0.201991136106019,0
"GlobalSpecies0933",0,0,0.258577679224421,-0.5,0,0,0.244302849817808,0.229749907641909,0.267369563315863,0
"GlobalSpecies0934",0.221606660116493,0,0.297633989241952,-0.270265328433281,0,0.249197662266525,0,0.23156168837503,-0.229734671566719,0
"GlobalSpecies0935",1,0,0,0,0,0,-0.5,0,0,0
"GlobalSpecies0936",0,0,-0.24579086924369,0.492103461198233,0,-0.25420913075631,0,0,0.507896538801767,0
"GlobalSpecies0937",0,0,0,0,-0.244201657576829,-0.0396726752104421,1,0,-0.216125667212729,0
"GlobalSpecies0938",0,0,0,0,0,1,-0.5,0,0,0
"GlobalSpecies0939",0,0,0,0.50436080812999,0.49563919187001,0,0,0,0,0
"GlobalSpecies0940",-0.5,0,0,0,0,0,1,0,0,0
"GlobalSpecies0941",0,0,0,0.323865542757348,0,0.302991067945439,0,0,0.373143389297213,0
"GlobalSpecies0942",0.154755765666569,0.189811142588249,-0.117997367197013,-0.374435724668713,0.147741870407547,0.158156961801204,0.195069409076657,-0.00756690813427405,0,0.154464850459775
"GlobalSpecies0943",0,0,0,0,1,0,0,0,0,0
"GlobalSpecies0944",0,0,0,0,0,1,0,0,-0.5,0
"GlobalSpecies0945",0,0,0,-0.484085670922749,0.602356831084094,0,0,0,0.397643168915906,-0.0159143290772513
"GlobalSpecies0946",-0.5,0,0,0,0,0.283178358892808,0,0,0.319001709593873,0.397819931513319
"GlobalSpecies0947",0,0,-0.5,0,0,0,0,0,1,0
"GlobalSpecies0948",0,0,0,0,0.27913204430478,0.252485178623164,0.229579409040233,0,0.238803368031823,0
"GlobalSpecies0949",0.314939771896589,0,0.336722971659597,0.348337256443814,0,0,0,0,-0.5,0
"GlobalSpecies0950",-0.496128687476656,0,0,-0.0038713125233443,0,0.496956695156333,0.503043304843667,0,0,0
"GlobalSpecies0951",0.500900624370513,0,0,0,0,0.499099375629487,0,0,0,0
"GlobalSpecies0952",1,0,0,-0.5,0,0,0,0,0,0
"GlobalSpecies0953",0.167972242719315,0,0.150565028904986,0.169536510723652,0.158834942060869,0,-0.312690098173447,0.172918745778669,0.180172529812509,-0.187309901826553
"GlobalSpecies0954",0,0,0,0.524787820527698,0,0,0,0,0,0.475212179472302
"GlobalSpecies0955",0.532492716024901,0,0,0,0,0,0.467507283975099,0,0,0
"GlobalSpecies0956",1,0,0,0,0,0,0,-0.5,0,0
"GlobalSpecies0957",0.513634246255494,0.486365753744506,-0.433704320292455,-0.0662956797075448,0,0,0,0,0,0
"GlobalSpecies0958",0,0.532599635773221,0.467400364226779,0,0,0,0,0,-0.5,0
"GlobalSpecies0959",0,0,0,0,0,0,0,1,0,0
"GlobalSpecies0960",0.344991491954188,0,-0.5,0.394200243154295,0.260808264891517,0,0,0,0,0
"GlobalSpecies0961",0.341748867129904,0.386448095346945,-0.5,0,0,0,0,0,0.271803037523151,0
"GlobalSpecies0962",0,0,0,0,0.476292860885144,0,0,0,0,0.523707139114856
"GlobalSpecies0963",0,0,0,-0.5,0,0,0.488440174448348,0.511559825551651,0,0
"GlobalSpecies0964",0,0,0.345581681281995,0.308178399475287,0.346239919242717,0,0,-0.5,0,0
"GlobalSpecies0965",-0.5,0,0.263937535735641,0,0.247081311790948,0.238129704353356,0.250851448120055,0,0,0
"GlobalSpecies0966",0,0,-0.5,0,0,0,0,1,0,0
"GlobalSpecies0967",0,0,0,0,0,0,0,0,-0.5,1
"GlobalSpecies0968",0,0,1,0,-0.5,0,0,0,0,0
"GlobalSpecies0969",0,0,1,0,0,0,0,0,0,0
"GlobalSpecies0970",0,0,-0.5,0,0,0,0,0,0,1
"GlobalSpecies0971",0,0.286222550983397,0.35319953610375,0,0,0,0.360577912912853,0,0,0
"GlobalSpecies0972",0,0.379894222128062,0,0,0.322234904481127,0,0,0,0.297870873390811,0
"GlobalSpecies0973",0.313039982822263,0,0,0,0,0,0,0,0.352983272872382,0.333976744305355
"GlobalSpecies0974",0.176214768309112,0.21541251517697,0.210544375906945,0,0.204195769206814,0,-0.5,0,0.193632571400159,0
"GlobalSpecies0975",0,1,0,0,0,0,0,0,0,0
"GlobalSpecies0976",0.247083936957869,-0.47125163025851,0,0.24101125695557,0.257455838272355,-0.02874836974149,0.254448967814206,0,0,0
"GlobalSpecies0977",0,0,1,0,-0.014236641169012,0,0,0,0,-0.485763358830988
"GlobalSpecies0978",0,-0.194886397092079,0,0,-0.305113602907921,0,0,1,0,0
"GlobalSpecies0979",0.379514289020815,0.340083105862755,0,0,0,0,0.280402605116431,0,0,0
"GlobalSpecies0980",0,0,0,0,0,0,0,-0.5,1,0
"GlobalSpecies0981",0.0862320114941436,0.0962403724399034,0.116358320769175,0.0961439682835236,0.1020279043183,0.0857436136111265,0.0974401444908986,0.113463041158985,0.10410159407403,0.102249029359915
"GlobalSpecies0982",0,1,-0.218429259544856,-0.281570740455144,0,0,0,0,0,0
"GlobalSpecies0983",0,0,0,0,0.53308881804595,0,0,0.46691118195405,0,0
"GlobalSpecies0984",0,-0.363027793885051,0,0,-0.136972206114949,0.459291079642528,0,0,0.540708920357472,0
"GlobalSpecies0985",0.521727282894458,0.478272717105542,0,0,0,0,-0.5,0,0,0
"GlobalSpecies0986",0,0,0,0,0.473852541615325,0.526147458384675,-0.5,0,0,0
"GlobalSpecies0987",0,0,0,0,0,0,0,0,0,1
"GlobalSpecies0988",0,0.232773258035716,0,0.268926976803712,0,0.236657143363617,0,0.261642621796955,-0.0900332319889124,-0.409966768011088
"GlobalSpecies0989",0.263507367054343,0,0,0,0.424262935739021,0,0,0,0.312229697206636,0
"GlobalSpecies0990",0.172808880546003,0.179783192721253,0,0,-0.296254469904578,0.157414197647583,0.186229435308793,0.148351256561829,-0.203745530095422,0.155413037214539
"GlobalSpecies0991",-0.5,0,0,1,0,0,0,0,0,0
"GlobalSpecies0992",0,0,0,0,0,1,0,0,0,-0.5
"GlobalSpecies0993",-0.20219559484085,0,0,0.592379271645598,0,0,-0.29780440515915,0.407620728354402,0,0
"GlobalSpecies0994",0,0,0,0,0,0,1,-0.5,0,0
"GlobalSpecies0995",0.553212638768028,0,0,0,0.446787361231972,0,0,0,0,0
"GlobalSpecies0996",1,0,0,0,0,0,0,0,-0.5,0
"GlobalSpecies0997",-0.110725313742963,0,0,0,0,-0.389274686257037,1,0,0,0
"GlobalSpecies0998",0,0.144074514414944,0.195240373904543,0.182822978254864,0,0.148204834214667,0,-0.5,0.167471822113013,0.162185477097969
"GlobalSpecies0999",0.233302792769315,0,0.175072844356654,0.208129538939043,0.177794477945859,0,0,0.205700345989129,-0.5,0
"GlobalSpecies1000",0,0.380250143395097,0,0,0,0,-0.5,0.298411067309792,0.32133878929511,0
