"","results.valid_p","p_adj_bh","LR_stat"
"K19955",0.999989492980808,1,50.8092061771582
"K03523",1,1,-14.1797549416008
"K04079",1,1,22.7744367124088
"K12941",0.999996503446784,1,48.7054837214179
"K06447",1,1,-18.3233587334988
"K11811",0.0151366892930925,1,133.058260085298
"K05349",0.342423960707595,1,105.161742028572
"K06175",1,1,23.6866216660265
"K07699",1,1,-0.930237214181631
"K07322",0.998807888466883,1,62.4564794577503
"K00226",1,1,-7.82374759130818
"K07278",1,1,-64.9506096138777
"K01843",1,1,13.9497675861981
"K07165",0.955274732174318,1,77.2918917909882
"K01802",0.999999999999992,1,26.3300933471111
"K15268",0.0909845166362573,1,119.341713476149
"K01186",0.999999999999976,1,27.1165416353235
"K03709",0.985404777497828,1,71.6954725096431
"K03639",0.999999512097803,1,45.3173059390302
"K09001",0.513874905379943,1,98.844898743595
"K01425",0.999161993949666,1,61.3873023285488
"K03269",1,1,-111.488119537588
"K03892",0.085617618248295,1,119.875822245745
"K09786",1,1,21.3406754259967
"K00766",0.730148602222377,1,90.9438081621039
"K01183",0.999844208231165,1,56.809442154493
"K03741",0.822962896596687,1,86.8452572199903
"K05020",0.877997068390882,1,83.8138615941311
"K21273",1,1,-27.7259507333928
"K18446",1,1,-44.0936195686964
"K01912",0.999999999831984,1,34.9422596879334
"K06967",1,1,-50.644751476343
"K08659",0.999985911202994,1,51.3996899616651
"K03572",1,1,-83.9838508837602
"K20118",1,1,6.34377707399403
"K03091",1,1,-39.8475480493684
"K03293",0.926863121997308,1,80.249652052615
"K03521",1,1,17.2207817451292
"K03407",0.556229100131278,1,97.3553028236893
"K02429",1,1,15.8388272589841
"K00311",1,1,-4.08880695880706
"K06518",0.511209070740332,1,98.9387989314911
"K00965",0.999340620055577,1,60.6843020284647
"K05896",1,1,-64.3950712712003
"K04488",1,1,-21.4963951879189
"K06295",1,1,-43.0181372173128
"K03425",0.999999999999987,1,26.7034424716254
"K00963",1,1,-45.4591636909684
"K02073",0.999773510588844,1,57.7609873031579
"K02282",0.999999999999763,1,28.8928389677799
"K12251",0.999999999999998,1,25.500177645783
"K00560",1,1,-17.9743422952289
"K02822",0.998984667047357,1,61.9641355693738
"K19005",1,1,0.690053083215957
"K02002",0.999999947237751,1,41.9608703919624
"K07112",0.959495545755321,1,76.7394211517235
"K13639",0.476783565115271,1,100.156650183344
"K01607",0.517033856751543,1,98.7336776594426
"K03394",1,1,8.27727550229804
"K03316",0.800461169666321,1,87.9239370719829
"K00008",0.491023784394281,1,99.6514531624769
"K00748",1,1,-83.0980641545951
"K00703",1,1,-4.34939723475395
"K00390",0.669478805133484,1,93.2847415706547
"K03585",1,1,-77.8534091519984
"K03149",0.999863543293204,1,56.4805061985452
"K02049",0.99988032368063,1,56.1587697533878
"K01470",0.999971537956202,1,52.8714574977969
"K01159",1,1,-62.2895111814781
"K02237",1,1,7.57166685650873
"K08384",1,1,-37.0892568058801
"K05596",0.99698904588773,1,65.4970558704653
"K02047",0.999440678203598,1,60.2123709476907
"K12368",0.999993162977271,1,49.9674658807572
"K00657",0.797230517250015,1,88.07329783504
"K00228",1,1,-17.4493032918275
"K16328",0.999999999999979,1,27.0161603035926
"K00219",0.469009706587832,1,100.433564924175
"K01428",0.47722973862894,1,100.14078292361
"K04772",1,1,-26.9089475262289
"K02523",1,1,-67.5346643879805
"K00786",0.999999996264968,1,38.4747492108575
"K08970",1,1,24.1106222488201
"K03640",1,1,-62.7783475776413
"K21467",0.999999998851317,1,37.0692434562392
"K00997",1,1,6.22421417099355
"K21903",0.85209880094266,1,85.3255100058322
"K02484",1,1,-8.52682466554052
"K00297",0.921533086911967,1,80.7064357023902
"K22024",0.999957791380015,1,53.7335086240564
"K00263",0.972818927154858,1,74.6395547701669
"K01644",0.971096677739239,1,74.9510319234676
"K18475",1,1,13.8045899255119
"K01791",0.552761081703633,1,97.4773192491028
"K01174",1,1,17.6965680604651
"K01989",1,1,19.2880272612183
"K06962",1,1,-16.6425343877509
"K01657",0.999994433234358,1,49.5741629270683
"K01153",0.847551838005554,1,85.5736412888147
"K03089",1,1,-110.759980486721
"K00847",0.964054847267622,1,76.0908449242017
"K01524",1,1,-1.59626254648117
"K01693",0.265704456433789,1,108.413527212324
"K06921",0.999998754407824,1,46.8747655874744
"K06996",0.271213366217469,1,108.164242951423
"K06973",1,1,-50.6919376394924
"K07017",0.900681028582189,1,82.30983104488
"K00046",0.992483538458072,1,68.9010726602165
"K01269",1,1,-20.4013354548767
"K08998",0.994953198299914,1,67.3624518670546
"K21739",0.476782706749244,1,100.156680712004
"K00052",0.976826383053509,1,73.8493758928059
"K05306",0.865294829674224,1,84.5779402499229
"K00283",0.999999999899069,1,34.4093981781301
"K01190",0.0792863121052104,1,120.541372819038
"K03758",0.999999997594614,1,37.940588894205
"K05275",0.999997064060682,1,48.3863616926573
"K09691",0.992984806501401,1,68.6276648317892
"K15460",1,1,-46.700811866135
"K09919",1,1,21.5054988121765
"K01533",0.999999999999927,1,27.9712507666978
"K00833",0.808687917789191,1,87.5376683897139
"K11751",0.99991432241092,1,55.3565762034007
"K07451",0.999996862103198,1,48.5073889835278
"K11939",0.91215809189657,1,81.4596652012091
"K07153",1,1,-59.6348127987705
"K00874",0.615833979273256,1,95.2422869629557
"K02745",0.999999999999999,1,25.1532024232847
"K06399",1,1,10.1369893078838
"K01525",1,1,-55.5008447307046
"K07693",1,1,9.15990507128441
"K02304",0.999999993468752,1,39.1704981082892
"K07053",1,1,-29.0766340039493
"K07133",0.000296103031198834,0.0504608915668013,155.888157940026
"K11070",0.990137501031813,1,70.0071805051897
"K01753",0.983022089033918,1,72.3791678383803
"K14761",1,1,-37.0268915101313
"K18831",0.999999996690964,1,38.3265706214278
"K01908",0.333781642530735,1,105.507985937685
"K21071",1,1,-9.45680966850938
"K01354",1,1,-13.9747994161563
"K01012",1,1,20.1920691274462
"K03560",1,1,-92.1277000171115
"K00220",1,1,1.576327148823
"K03656",1,1,-47.1786555765873
"K04082",1,1,-30.6858997417759
"K02411",0.999999999633056,1,35.7835131902256
"K05973",1,1,6.6603314591888
"K02422",0.862940426260612,1,84.7145266738684
"K09768",0.999999999879649,1,34.5920084922257
"K07136",1,1,1.7080530369378
"K06405",0.999999999999999,1,24.6905883742872
"K09914",0.998624184266849,1,62.904104265113
"K00355",0.999855450772693,1,56.6230154664349
"K10543",0.999999587664354,1,45.0473642216477
"K16899",1,1,-110.982234950553
"K18234",0.997105523682103,1,65.3600105987996
"K04028",0.998828444558071,1,62.4026744403938
"K09973",0.999993810996019,1,49.7761845913814
"K00975",1,1,16.4463678065324
"K01805",0.993249151925763,1,68.4767846928855
"K02276",0.997931982640826,1,64.2208340680297
"K00547",0.807967946139593,1,87.5718259365158
"K01236",0.961800907335558,1,76.418899896419
"K18929",0.999938944782501,1,54.5673948193886
"K09922",0.509439973181014,1,99.0011356891124
"K06872",0.999999999969677,1,33.1990628155879
"K06177",1,1,-8.22649351134044
"K01534",0.999999999980374,1,32.7765999935365
"K07243",0.405318039807292,1,102.747832342602
"K01151",0.999999979387827,1,40.6665424671588
"K07262",1,1,-20.5842550631646
"K00332",1,1,-14.0754147199112
"K01101",1,1,-3.24510673755015
"K05816",0.94330017304908,1,78.6705902579216
"K08309",1,1,-19.7464154701034
"K01295",0.985729334356615,1,71.5954123206817
"K08987",0.000146129723502208,0.0282487234824101,159.450471666114
"K03799",0.999999999999825,1,28.6496311811529
"K14441",1,1,-31.4546726490656
"K02509",0.359096479601176,1,104.50494487722
"K02042",0.99999999960278,1,35.8706105342266
"K03654",0.999999986264723,1,40.1277314216441
"K06183",1,1,-20.6352684882939
"K01442",0.124234917210533,1,116.490988598549
"K16926",0.413074349662046,1,102.460494518849
"K01192",0.992845220545305,1,68.7054110653921
"K01163",0.999999999999964,1,27.4327967020525
"K22278",0.971668601119086,1,74.8492549916331
"K02687",1,1,-56.6483143264499
"K18220",0.992805286548512,1,68.727418168824
"K00060",0.999999999999905,1,28.1684582594072
"K09888",1,1,-67.1622361709249
"K22067",0.999974094241906,1,52.6696773719165
"K09690",0.999999647701996,1,44.7974752985116
"K11074",0.999999999999915,1,28.0889974558383
"K02761",0.999861702057343,1,56.5135909330665
"K01739",0.327553509139926,1,105.760169301914
"K13497",0.99999983529124,1,43.6233307263124
"K10036",1,1,0.926043275167331
"K01223",0.999924448300093,1,55.0608630146928
"K00688",0.999999999146221,1,36.72819110024
"K01999",1,1,12.0933614836356
"K03770",1,1,-49.9782665479577
"K18707",1,1,-42.344493624944
"K01467",0.999997671022823,1,47.9693434646352
"K00140",0.0248715031233052,1,129.598185050421
"K07104",0.99999699229959,1,48.4302292384452
"K06968",1,1,0.379248866550341
"K01818",1,1,24.2398382220096
"K08679",0.999999999999686,1,29.1219288942059
"K07058",1,1,15.4773767929149
"K03742",1,1,-17.8581813065512
"K05807",1,1,-77.993811360321
"K01938",0.56529543784604,1,97.0360618298031
"K02501",0.109709668488706,1,117.653297251095
"K02498",1,1,-59.7901840842343
"K06994",1,1,6.03572079605777
"K02526",0.103376591900922,1,118.197312732211
"K04566",1,1,12.4301665174684
"K19159",0.99474561689504,1,67.5139484268924
"K01187",0.995484619233,1,66.9489000142097
"K07586",1,1,-0.277636448580239
"K01176",0.999996202959506,1,48.8574024411643
"K02302",0.999948749253781,1,54.1686986655316
"K00266",0.999428198036631,1,60.2751613149312
"K05813",0.370434298377009,1,104.065927197903
"K09118",1,1,-45.541899075937
"K01897",0.999503876867503,1,59.8738106016762
"K03300",0.868330129764509,1,84.3996371844069
"K07726",0.999994824977201,1,49.4359371510736
"K03734",0.99999470392341,1,49.4796587218856
"K03205",0.99057719707829,1,69.8180119801625
"K04765",1,1,-42.622191431162
"K14415",0.87449412902504,1,84.0294203169909
"K03833",0.999999985123322,1,40.2327718291743
"K09816",0.999999486900449,1,45.398636361898
"K09927",0.0713572905377875,1,121.43808005756
"K09937",1,1,-9.4267798239089
"K12585",1,1,-46.019674887028
"K03590",1,1,-87.9073189249682
"K02386",1,1,-0.187847295133167
"K02193",1,1,-27.8901596783824
"K02017",0.999733932082683,1,58.1813446518629
"K06169",1,1,-5.64921881331301
"K02444",0.677468377505092,1,92.9857847306922
"K06201",0.832187392875627,1,86.3810037068506
"K05571",1,1,15.3817589494631
"K00411",1,1,5.87508813798527
"K00681",0.991520548293886,1,69.3859028545226
"K02388",0.404490787904583,1,102.778589386999
"K00138",9.29934991507524e-05,0.0237714632204111,161.673057329186
"K07124",0.999989797021796,1,50.7508190860507
"K13694",1,1,-23.5053383568052
"K18138",1,1,-24.7276830434939
"K11960",1,1,18.1993015407239
"K00244",0.999804336311881,1,57.3848498121207
"K03614",0.999999999500837,1,36.1233931996829
"K01935",0.999678546087196,1,58.6836146422481
"K00145",0.0813091911101074,1,120.324239666934
"K00274",0.998998040296253,1,61.9238783087467
"K11312",0.999999999999296,1,29.7871119340517
"K00242",1,1,-24.1678850190351
"K03077",0.921539067696257,1,80.7059356056207
"K21636",0.758795107870631,1,89.76491184614
"K02784",1,1,-44.5108417606337
"K03426",1,1,-10.1982793258379
"K03778",0.972732157880984,1,74.6556136550141
"K08994",0.99697021973621,1,65.5187745635447
"K10536",0.936758942025074,1,79.3343149571532
"K09698",1,1,-77.9120552335961
"K09913",0.926379667053736,1,80.2920377301959
"K06390",1,1,-8.3568004938991
"K20444",0.851746990125639,1,85.3448713302279
"K09820",0.999987323358901,1,51.1855527573455
"K01179",0.023400160024873,1,130.034085658706
"K07735",1,1,-22.5143254283191
"K00854",0.625753761128458,1,94.8856584373933
"K00003",0.999999999776881,1,35.2442303839456
"K04095",0.999772000809037,1,57.7781964566592
"K07152",1,1,20.1964123714264
"K07090",0.999999999999997,1,25.5554683684948
"K03604",0.234174500001222,1,109.902989845137
"K01667",1,1,21.7015512480492
"K02757",0.997049693186715,1,65.4262831824543
"K03474",1,1,17.2342240147117
"K01682",0.999994813091413,1,49.4402717788988
"K12297",1,1,-67.4954597411125
"K05936",1,1,16.592018857353
"K08325",0.999999999898229,1,34.4179683757506
"K07315",0.999999999999422,1,29.6223959825777
"K09791",1,1,-7.69946915231054
"K01779",0.917226369287605,1,81.0598236225352
"K01008",0.99999993385606,1,42.2823764008147
"K19285",0.999981057179834,1,52.0093400654795
"K16066",0.99999997662895,1,40.8356854800667
"K01222",0.999769881584657,1,57.8021797649442
"K17213",1,1,10.6395327052817
"K15342",0.00408128876420183,0.439275553831197,141.399776596553
"K07250",0.995831558206283,1,66.6558524458381
"K04080",1,1,1.27912333284567
"K00841",0.999999999954215,1,33.606578125071
"K02020",1,1,5.53079213919261
"K03471",1,1,-31.6290096943755
"K02612",0.815172235133073,1,87.2268187193769
"K01201",0.999999999999989,1,26.5806917563322
"K02457",0.96421619524384,1,76.0667597174888
"K03698",1,1,-35.9420648736524
"K03317",0.999828569785476,1,57.0494574846219
"K15583",0.999999153998675,1,46.220525352246
"K01640",0.999959427538764,1,53.6457409603155
"K02557",0.0811252075546699,1,120.343807888829
"K02768",0.999903410090495,1,55.6415476889372
"K08307",1,1,-55.0683959931055
"K03672",0.952737271722697,1,77.6052730184437
"K02117",1,1,-12.6557487416433
"K08999",1,1,-36.4782816284133
"K03652",0.999999995403668,1,38.7307724631539
"K10806",0.999998341114608,1,47.3702183932526
"K01695",0.602421558051359,1,95.7216148985665
"K01182",0.999999999801933,1,35.1169556654734
"K02746",1,1,19.1235269208108
"K03772",1,1,-41.9485201436906
"K06398",0.999999999999992,1,26.3133068004942
"K09160",1,1,-56.1577687620566
"K06910",0.999999792701207,1,43.9728376017868
"K03814",1,1,-2.01683596540661
"K01274",1,1,-12.1661168356044
"K07027",1,1,10.6794978613742
"K01690",0.9999999997572,1,35.3349884509907
"K06911",0.015166339812545,1,133.045003197134
"K10001",0.999999999999678,1,29.1405329596961
"K00851",0.048643986310166,1,124.559444422656
"K01458",0.999999994809097,1,38.8821292554477
"K09817",0.990252643384295,1,69.9583333000918
"K01126",0.999990565405863,1,50.5957642893175
"K10007",1,1,-16.5017389014823
"K00603",1,1,18.8662043699493
"K00523",0.999999997378009,1,38.044328049087
"K06890",1,1,-12.0065245643355
"K02393",1,1,12.4053034586306
"K09472",0.999990749915894,1,50.5567950807766
"K03315",0.304792934962387,1,106.702703723478
"K01580",0.366980717281694,1,104.199043703267
"K01113",0.99998464280671,1,51.5757623669912
"K02417",0.649187572474585,1,94.0343356149322
"K03458",0.998101542461484,1,63.93882969382
"K13590",1,1,5.09426259419428
"K05801",1,1,-33.9623002728278
"K00823",0.999192801594436,1,61.2762102479215
"K01698",0.999327199554555,1,60.7426681950722
"K14160",0.999999999999999,1,24.8667096557677
"K08600",0.999770324395355,1,57.7971849762137
"K02011",0.298267116376377,1,106.979598681778
"K03752",0.998685943509776,1,62.7598201530499
"K02431",0.999999650798854,1,44.7835261244011
"K00619",1,1,22.2711805642413
"K01487",0.749510957327501,1,90.1535236608976
"K10117",0.994149038414451,1,67.9226436269954
"K02558",1,1,-44.0914992518408
"K05814",0.685999272951473,1,92.6638853226199
"K22468",0.999991992839451,1,50.273825246416
"K03308",0.687229418294949,1,92.6172251948694
"K09954",1,1,8.86435833919893
"K02651",0.999999999999987,1,26.6868418646037
"K01749",0.831438982995778,1,86.4192059969007
"K19222",1,1,-35.97272573385
"K02065",1,1,-69.6616181286554
"K05520",0.0778715362219487,1,120.695893860169
"K16925",1,1,12.9586717081779
"K02018",1,1,21.7912972276813
"K10119",0.875250261432212,1,83.9832187106064
"K06412",1,1,-43.3961964688178
"K08169",1,1,9.70544607007599
"K21993",0.980573525360338,1,73.0048986509196
"K11720",1,1,-121.676889982854
"K07459",0.999823563145224,1,57.1221165329971
"K02821",0.999605276171041,1,59.2400528531748
"K10747",0.99770438237346,1,64.5692441838675
"K10764",1,1,-1.82162343023236
"K02009",0.999999998136082,1,37.6363390460062
"K16923",1,1,9.25319035417317
"K16511",1,1,-62.9115347531373
"K01433",0.972192919027545,1,74.7545211756419
"K08722",1,1,-13.7097658186815
"K12541",0.986434332704917,1,71.3714705338471
"K03529",1,1,-64.3950712712003
"K03578",1,1,-90.115508590663
"K16092",0.995017751444199,1,67.3142575628597
"K03408",0.725901508896111,1,91.1138629622299
"K02556",0.394965222274318,1,103.134376056879
"K07816",1,1,11.2238333418601
"K02389",0.968905372970751,1,75.3269493651346
"K05788",1,1,-64.959074322162
"K02809",0.820514124354707,1,86.9661836565767
"K08963",1,1,13.3811054643334
"K02408",0.977581116503882,1,73.6885686071556
"K03274",1,1,0.110688447303801
"K01255",0.999999999766678,1,35.2921962659332
"K06394",1,1,-6.39663966251587
"K00383",0.996246435002815,1,66.2766133202632
"K00101",0.904447975593197,1,82.0385281766401
"K04094",1,1,-72.1068700885886
"K01214",1,1,9.01200817663431
"K11537",1,1,-27.3486760063674
"K02551",1,1,2.05683665125423
"K10440",0.999701514752242,1,58.4855688114121
"K06916",1,1,-13.4396299724905
"K03522",0.999999999999978,1,27.0813325710685
"K00412",1,1,4.17266766834265
"K03782",0.0247632190145677,1,129.629484676207
"K01623",0.999999999976058,1,32.9686251052969
"K00091",0.906542032321157,1,81.8845643342981
"K02777",1,1,23.3957550771987
"K09798",1,1,-24.6817470704567
"K02026",0.999999999986874,1,32.3929598941693
"K03118",1,1,15.3080791223885
"K01426",0.959500159773815,1,76.7387937452428
"K11928",0.999999897338399,1,42.9196435031402
"K07173",0.999456610770602,1,60.1303694291728
"K06960",1,1,-81.2498404298616
"K04029",0.321329731671647,1,106.014528936836
"K02527",1,1,-77.277289562129
"K00571",0.989570144750388,1,70.241162374886
"K07712",1,1,-64.9514599883953
"K17073",1,1,16.8699791917188
"K12257",1,1,-63.0045057241036
"K00368",0.998524161090015,1,63.1261351720499
"K06400",0.999999992950318,1,39.2671551899963
"K06938",0.999999938572256,1,42.1767092555889
"K03666",1,1,-76.1815057550136
"K07273",0.999991307118896,1,50.4345864537493
"K07708",1,1,-36.9255431124372
"K02781",1,1,0.211851729864918
"K00019",0.0118945981204454,0.935436004456568,134.670415367186
"K01468",0.969002031617664,1,75.310811598435
"K00700",0.999999999999562,1,29.3933867923008
"K07003",0.999998424165037,1,47.2807122964006
"K21417",0.882851851334096,1,83.5084440297926
"K21147",0.999999999994668,1,31.5570451477424
"K00989",1,1,-63.9559904191222
"K02621",1,1,-51.9985919169415
"K06402",0.999999999962844,1,33.3991083890881
"K01273",0.999999999997476,1,30.8866854611576
"K00097",0.99999621560945,1,48.8512360881551
"K03297",0.000140550259543431,0.0282487234824101,159.643589895084
"K08680",0.99999999999048,1,32.0913207214994
"K06379",0.999999963998066,1,41.4264079913131
"K01042",0.999999970026449,1,41.1741521772448
"K10003",0.999999999999996,1,25.839822143629
"K09125",1,1,-8.05670447290788
"K00558",0.962263757353018,1,76.3527714066947
"K03832",1,1,-7.07070503545049
"K03831",1,1,-26.6481708399474
"K01811",0.990649568005902,1,69.7861739396654
"K09959",0.929548895485733,1,80.0104789628562
"K00432",0.207780584044287,1,111.248922089966
"K00957",0.997807662581494,1,64.4150548381301
"K07012",0.956764460170968,1,77.1016023269052
"K18850",1,1,4.10628880032212
"K00946",1,1,-40.8228848412612
"K03324",0.999999999634462,1,35.7793033579381
"K05539",1,1,-86.7179626279164
"K20276",0.905321764959247,1,81.9745651630377
"K03414",1,1,-3.02206771130787
"K03719",0.140194948891817,1,115.326457859872
"K13626",1,1,23.9404085183513
"K06382",1,1,6.56697006223496
"K02224",1,1,2.20604129840513
"K02298",0.999908944411589,1,55.5009067387664
"K01724",0.891698744129236,1,82.9300072474673
"K12267",0.999311383338973,1,60.8101387210737
"K17675",1,1,14.0024911285267
"K21600",1,1,22.5545522579184
"K08304",1,1,-26.1964198250627
"K02232",1,1,6.9654634043419
"K12972",0.111051139993243,1,117.541187778424
"K00930",0.848939325717353,1,85.4984025111308
"K00661",0.63455946729002,1,94.5673314925293
"K02847",1,1,19.5977779288121
"K07030",1,1,-77.8644210755721
"K04564",0.999999994084002,1,39.0458673256198
"K02190",1,1,8.61520684078096
"K04084",1,1,-48.9922233758076
"K03310",0.985827600455305,1,71.5647497931651
"K19157",0.997455125690673,1,64.9178900411265
"K16784",1,1,-16.9039771755902
"K03710",0.890901017000645,1,82.9834089678866
"K08641",0.999766598985583,1,57.8389386819559
"K01857",0.99999235400963,1,50.1839529312986
"K07038",0.999999999949563,1,33.7033618037328
"K18332",0.999999999950797,1,33.6785389643196
"K01436",0.999788124739352,1,57.5888367136624
"K00697",0.999915885531599,1,55.3130783004239
"K03534",0.390802040620337,1,103.290856499992
"K02406",0.81376916086946,1,87.2945812854049
"K01485",0.999999999838398,1,34.9011252828118
"K02760",1,1,18.6003190423396
"K02475",0.962632951103609,1,76.2995758509684
"K00690",0.999999999945855,1,33.7745703031738
"K06409",1,1,-64.7627811481965
"K04749",1,1,10.8155858864446
"K12952",0.998993173822505,1,61.9385824227681
"K07148",0.999940412078492,1,54.5116290364044
"K08282",1,1,2.63178809163617
"K01628",0.999999999999904,1,28.1796517163252
"K18567",0.999797546078527,1,57.472081374067
"K06281",1,1,8.0848119980472
"K06333",1,1,19.3866367869288
"K12950",1,1,-6.26007784330301
"K01958",1,1,-28.1569392071933
"K01886",1,1,-80.9304848657764
"K08323",0.982699400662631,1,72.4656518591643
"K02007",0.999995012303111,1,49.3663723423717
"K00639",0.999999999934507,1,33.9666668690003
"K02795",1,1,10.3093738063615
"K02169",1,1,14.9078121988878
"K09819",1,1,10.9770189830608
"K00123",0.999999999002908,1,36.9059487648091
"K01879",1,1,-44.0631899677808
"K03708",1,1,-52.2204794219738
"K02419",0.567103707364251,1,96.9723344285467
"K16209",0.999999929345405,1,42.3769885521755
"K05946",0.999994260671635,1,49.6322078744345
"K05367",0.999999989579035,1,39.767773120725
"K19002",1,1,-0.00169619755786243
"K03558",1,1,-58.2014083030599
"K12506",0.999999999999999,1,25.1566855166286
"K05565",0.999938299476448,1,54.5915335723927
"K09684",0.997367829605106,1,65.0329996250225
"K10112",0.999999999031263,1,36.8727987677498
"K07040",1,1,-42.0504639192797
"K03705",1,1,-46.0929976531878
"K01144",1,1,-49.1325582434593
"K09693",1,1,8.13002828439545
"K05337",0.999999999996982,1,31.0450231985367
"K03929",0.999999999846253,1,34.8485725059271
"K02755",0.995875713761761,1,66.6170706320336
"K02056",0.999999976154494,1,40.8628542256721
"K03773",1,1,-34.3071740873471
"K02460",0.999148271101782,1,61.4356251869035
"K06978",0.817839574781126,1,87.0972085595333
"K10547",0.565595304594219,1,97.0254952963007
"K08968",1,1,16.9707170726836
"K00020",0.99999551004727,1,49.1690179874316
"K02502",0.999758543457299,1,57.9272072359538
"K00633",0.999999630868066,1,44.8713447362928
"K03621",1,1,-83.887270665461
"K15986",1,1,-15.9469132200418
"K00077",0.0128079257333907,0.935436004456568,134.179883124034
"K01839",1,1,-5.59126221135421
"K13954",0.909769380812499,1,81.6426016024896
"K07006",0.999853982490412,1,56.6480937931572
"K00208",1,1,10.7947358736964
"K10254",0.999054023346981,1,61.7500223720874
"K16898",1,1,-69.8658978175817
"K00626",0.999999995532275,1,38.6955976099463
"K08990",1,1,-49.540126672291
"K13542",1,1,5.91026501348892
"K00111",0.985719317345976,1,71.598528265336
"K03187",0.999992724374201,1,50.0876135852089
"K02123",1,1,-3.84394761116079
"K03503",1,1,4.80799848329031
"K12132",1,1,8.118982300921
"K00956",0.999999972348085,1,41.0639797120529
"K01679",0.999746393126187,1,58.0554488286631
"K03072",1,1,-60.9838626744111
"K05916",0.433970799957371,1,101.694896556724
"K00652",0.999023962426501,1,61.8444739897411
"K02027",0.999666839889917,1,58.7797051761875
"K03635",0.997195772871516,1,65.2505055569754
"K01006",0.999999999999966,1,27.391180741269
"K06142",1,1,-88.6547378181331
"K16788",0.999999999999999,1,24.7941070014525
"K01582",1,1,-24.3590146918079
"K13640",1,1,-75.9238246484341
"K00433",0.85195232469254,1,85.3335744633828
"K07316",0.253129044538441,1,108.99412666928
"K03722",1,1,-11.1045319826174
"K00324",0.999999999806098,1,35.0943199929965
"K07287",1,1,-29.3906039119776
"K01415",1,1,-64.6291412317983
"K06898",0.999980270497953,1,52.094245409469
"K01439",0.999999993973429,1,39.0691458678765
"K09650",1,1,-77.9043344758279
"K11733",0.999999999999928,1,27.9577399947227
"K02062",1,1,13.3550115613232
"K18640",0.999266830887959,1,60.9930484990367
"K07729",0.949149790168905,1,78.0274544785402
"K02005",0.993557227668881,1,68.2945162585152
"K02021",0.999947500418129,1,54.2231778131427
"K01658",0.959733396989955,1,76.7070072365121
"K03783",1,1,14.3807389375987
"K02390",0.345525928570623,1,105.038463824156
"K03790",0.967561928246611,1,75.5472951802577
"K03820",1,1,-53.4795079424645
"K00812",1,1,3.48945787052503
"K02077",1,1,-13.9562259932549
"K00018",0.671590223842968,1,93.205961193185
"K03893",0.999990737730219,1,50.559390820381
"K07093",0.979776355253619,1,73.1948592364119
"K15553",0.99832044277437,1,63.5402588416722
"K00864",0.999999999925517,1,34.0974498562144
"K06407",0.999830841389073,1,57.0158556942814
"K00797",1,1,5.33626124218893
"K11103",0.192036201951344,1,112.105703826754
"K02798",0.999835878256826,1,56.9398690252802
"K02410",0.924946651344784,1,80.4165243895391
"K08139",0.982145271648891,1,72.6111607806757
"K02022",0.999997759512901,1,47.9002409618565
"K00453",0.00471620998445733,0.482232470910762,140.525613777609
"K07164",1,1,-66.6955536019936
"K02653",0.999946551967428,1,54.263766852127
"K01478",0.999999954304446,1,41.7584626620926
"K02437",0.999999999962521,1,33.4076698082441
"K13789",1,1,-16.9126543412246
"K21567",1,1,-18.2692231452564
"K05989",0.975964350807074,1,74.0280181721095
"K05363",1,1,-18.4723803191295
"K04068",0.977948889968213,1,73.6086380778863
"K01754",1,1,9.83378350405133
"K11940",1,1,-42.8399107232006
"K06204",1,1,-55.7032262287964
"K05823",1,1,9.90870843791453
"K11738",0.886137832348138,1,83.2970423905505
"K11189",1,1,-14.1321942513109
"K02483",1,1,-6.30705432435161
"K18104",0.999999999867454,1,34.6927901945302
"K07213",0.999527341140924,1,59.7382310033464
"K00042",0.524041200124284,1,98.4871154204026
"K16264",0.999626947769385,1,59.0858526248942
"K02456",0.891569376681494,1,82.938685000379
"K05350",0.180343979412155,1,112.773122153321
"K05825",0.999160515007741,1,61.3925437705594
"K02182",1,1,7.05998920603759
"K11144",1,1,-9.49654265009275
"K00350",1,1,-7.93594406272277
"K00329",1,1,10.7311616274961
"K03690",1,1,-16.296927268528
"K00675",0.99896196125279,1,62.031425718139
"K01761",0.999999999999954,1,27.6183394803714
"K07795",0.999986046874389,1,51.3799990102165
"K00335",1,1,15.7339298916303
"K04074",1,1,-45.5995155181182
"K03483",1,1,-3.73529385655632
"K13747",1,1,17.3927920228264
"K15778",1,1,-12.0523405501039
"K00856",1,1,-43.9137694631891
"K06218",0.999999990045391,1,39.7085987382467
"K03185",1,1,-22.7926348017886
"K00373",0.975720580513444,1,74.077610231891
"K00253",1,1,-3.73528247058184
"K00533",1,1,-3.94360043108844
"K03387",0.999999993640982,1,39.1367714065854
"K15581",0.999993229476765,1,49.9486291107597
"K02622",1,1,-45.6496060632332
"K07079",0.625380181264962,1,94.8991254392377
"K02339",1,1,-54.0935000285474
"K01684",1,1,-8.10152217794587
"K01902",0.999895710588714,1,55.8254819732842
"K10006",1,1,-16.5017389014823
"K09951",0.000151949123866264,0.0282487234824101,159.256423867498
"K03306",0.998564102137178,1,63.0391078563447
"K02769",0.999246592693698,1,61.0728934678888
"K00012",0.998587642725107,1,62.9868147012072
"K01653",0.99999849359132,1,47.2024447332973
"K03651",0.999976715169693,1,52.4428199513173
"K22441",0.998806360479688,1,62.4604461995949
"K04751",0.0271751564470556,1,128.959008228847
"K03366",0.982786745463058,1,72.442372512545
"K06223",0.786054974717675,1,88.5806079307043
"K07290",0.999999999999995,1,25.9944551862167
"K09818",1,1,0.167885991813307
"K16370",0.999999999999984,1,26.8526650735978
"K07246",0.9999999999985,1,30.4317344640062
"K01918",0.997817339002787,1,64.4002867215963
"K03564",0.999999998670546,1,37.2390544978866
"K01581",1,1,-13.7444315643532
"K09882",0.999999999608253,1,35.855344633565
"K02120",1,1,-11.6848475281769
"K00275",1,1,13.2731854476063
"K03599",1,1,-49.706304554143
"K09807",1,1,22.8052092143466
"K13256",0.999990266106628,1,50.6575028967962
"K15724",1,1,-23.7704471109737
"K01737",0.998706461377666,1,62.7105643459997
"K06079",0.999999999999972,1,27.2463759312791
"K05985",1,1,-76.5654625603576
"K10805",1,1,-27.3185423478937
"K02067",1,1,-48.1689700355843
"K00588",1,1,-36.2053363701988
"K00339",1,1,-44.7962772825176
"K13051",0.851607349618907,1,85.352548512634
"K01193",0.0222679704032326,1,130.386191365003
"K00163",1,1,-1.35687528473815
"K18672",1,1,-79.3948450395448
"K15555",0.999999267481273,1,45.981098293593
"K00912",1,1,-56.4246869848318
"K18369",0.981415188086626,1,72.7973948363482
"K02525",0.572078336660213,1,96.7969023454312
"K05934",1,1,6.28285377019517
"K03087",1,1,-46.7868721318909
"K08884",0.999990562875499,1,50.5962937948757
"K01002",0.999999999898726,1,34.4129083150441
"K03706",1,1,-59.5289434656374
"K03700",1,1,-44.4630492180117
"K01631",0.99884446197651,1,62.3601694077444
"K03975",0.999999999999413,1,29.6353532730209
"K07216",0.99999999991498,1,34.2327633099034
"K04691",1,1,-51.1806777624649
"K21688",1,1,-24.2093788123449
"K02392",0.871765856588973,1,84.1946695819937
"K02257",0.999999661982365,1,44.7321667136013
"K00620",1,1,12.9863888245932
"K03928",1,1,22.6145296622984
"K16089",0.999968218392335,1,53.1099728426931
"K17320",1,1,20.5372866950362
"K05568",1,1,24.1526255389799
"K00241",1,1,-41.2313861948065
"K00656",0.993241510753446,1,68.4812154451004
"K07166",0.999999999999863,1,28.4588855455477
"K03763",1,1,-89.3332725049124
"K05815",0.82449820727952,1,86.7689587086468
"K03427",0.457192813363987,1,100.856319950654
"K03436",0.999999999999752,1,28.9304168344371
"K02609",0.829709722582127,1,86.5071038048393
"K00108",0.680825012848752,1,92.8594712154065
"K08311",1,1,-75.6097039393694
"K13378",1,1,-44.2248275205347
"K13572",1,1,-32.8374527858087
"K09861",0.999932764414619,1,54.7896059215926
"K03732",1,1,-21.8362528482879
"K14153",1,1,21.1165518891938
"K06864",0.999999991403323,1,39.519998494413
"K09976",1,1,-57.0096975880889
"K01548",1.12309821961732e-11,7.65578619705804e-09,225.461162562151
"K03319",1,1,13.7277749947048
"K03337",0.773686664753498,1,89.1265819912451
"K00528",1,1,4.25722388121898
"K18926",0.141259274532596,1,115.252365246994
"K08093",0.978671487285495,1,73.4484349461796
"K03610",1,1,-43.2412710478862
"K03699",1,1,4.5174170361779
"K09889",1,1,-93.8024887127061
"K09181",1,1,7.34736926722007
"K14205",0.999999999998756,1,30.270904007964
"K09971",0.999775898715775,1,57.7335539160179
"K14260",1,1,17.4278774900398
"K01571",0.999999906339015,1,42.7852962052184
"K00863",0.999998390228292,1,47.3178067668525
"K04091",0.658771144946698,1,93.6819205099847
"K09862",1,1,-68.9140999429638
"K09157",0.999999998896477,1,37.022853209656
"K06334",0.999998048498842,1,47.6553684155343
"K03557",1,1,-78.35737230226
"K02837",1,1,-29.5113168932097
"K01712",0.99078312175848,1,69.7268761265824
"K09808",1,1,-81.9802983663988
"K13283",1,1,-1.07522250861081
"K02654",0.999885101416686,1,56.0596659948933
"K01226",0.999981231229741,1,51.9901170243322
"K05341",0.963207293074067,1,76.2160125461755
"K07084",0.99999999768139,1,37.8965175185
"K06421",0.999999661159155,1,44.7360012145796
"K11105",0.996859516363679,1,65.6441780879726
"K00794",0.999999985897205,1,40.1624276016865
"K01079",1,1,15.9519214854249
"K02856",0.999999970358783,1,41.158886723262
"K01758",0.999999999984979,1,32.5208292592449
"K07473",0.993767111459128,1,68.166074106074
"K04088",1,1,2.06434676793123
"K02033",0.99999999961273,1,35.842705248618
"K07106",0.583992585935681,1,96.3759089507045
"K02075",1,1,-15.3115575237481
"K02799",0.989881590588659,1,70.1140691524577
"K11645",0.998949523695494,1,62.0677359962021
"K01181",0.995785635987541,1,66.6958142712398
"K08234",0.999404268750687,1,60.3922119724587
"K09921",1,1,-28.5362929141608
"K03322",0.54665729752301,1,97.6919795249236
"K00009",0.999999606199734,1,44.9740738895188
"K07223",0.99617070864322,1,66.3484335459663
"K00830",0.999998702565181,1,46.9447016798523
"K03826",0.122072266763821,1,116.657266006629
"K03771",1,1,-42.2323990424441
"K19147",0.999944783504988,1,54.3377205141569
"K01685",0.220612508748712,1,110.581698462142
"K17319",1,1,-1.74088613773847
"K00112",1,1,21.4646889053007
"K07397",0.999999649055779,1,44.7913916678601
"K07483",0.983595708787547,1,72.2220810773742
"K02010",0.613399801528551,1,95.3295086688909
"K00631",1,1,-23.2135506407122
"K01785",0.987737384744984,1,70.9310917754761
"K03740",0.181389020353747,1,112.712284684429
"K10027",0.0311573423869655,1,127.957745235323
"K02000",0.999999754375363,1,44.2337506710315
"K07011",0.896185775304619,1,82.6246764575384
"K05782",0.831410685924718,1,86.4206484907834
"K01256",1,1,-57.8909192799708
"K21498",0.0886992124739928,1,119.566004198934
"K03580",1,1,-33.4465291839323
"K02031",0.720313980339174,1,91.3359418792439
"K10546",0.999926285816861,1,55.0033578936217
"K06041",1,1,10.4043927892095
"K07461",0.999999999999147,1,29.9488624524856
"K06203",1,1,-30.2243107398383
"K03181",1,1,-20.9566163761718
"K01673",0.723288554362297,1,91.2179441447292
"K09747",1,1,-46.8859805637231
"K01610",0.999999891058776,1,43.0069534650639
"K02533",1,1,-62.6087222798456
"K00832",0.999999997781118,1,37.8438891761353
"K01258",0.999999995758054,1,38.6314540724637
"K04516",1,1,-53.8098251145784
"K06966",0.738157742992024,1,90.6200105204789
"K03528",1,1,-67.5788605856418
"K00176",0.999999972343073,1,41.0642268476195
"K05311",1,1,-55.8317025398109
"K12524",1,1,-50.2202255268535
"K00872",0.99999999999996,1,27.5108741030513
"K11069",0.999952970279568,1,53.9751121060993
"K01703",0.999950631891666,1,54.0842308169567
"K13566",1,1,7.20468285096308
"K07574",1,1,3.71716495953473
"K13653",0.0710264780678962,1,121.477214667535
"K00245",1,1,-6.56123438429589
"K06148",0.999414054926512,1,60.3448582777382
"K07789",1,1,-14.338352582431
"K05832",0.999999999991026,1,32.0362850400096
"K03704",0.999999999999963,1,27.4477468615842
"K10548",0.46368939439294,1,100.623611832842
"K06176",1,1,-38.6556741605618
"K00865",0.986229746323925,1,71.4374213838128
"K16785",1,1,18.9487794310845
"K03749",1,1,-21.8543690934697
"K01611",1,1,18.2659192362207
"K11755",0.962773789489576,1,76.2791766089775
"K01950",1,1,-5.71402798601213
"K06915",0.988197825798566,1,70.7662353834151
"K01643",0.974996830794529,1,74.2225548695637
"K02421",0.99264119726173,1,68.816779517107
"K21405",0.999081479853721,1,61.6614044881246
"K15635",1,1,21.2811066755611
"K01259",0.99987361231922,1,56.2920811029977
"K16951",1,1,2.67930829432805
"K02044",1,1,-11.626468514167
"K01895",0.706648657844978,1,91.8717377495252
"K03048",1,1,-26.7643917116366
"K01551",0.937615448822435,1,79.2503462370093
"K00878",0.931147143807831,1,79.8650455706047
"K13953",0.0445627724932425,1,125.24584314922
"K00363",0.332240844361194,1,105.570161348189
"K07114",0.926864848480029,1,80.2495003313983
"K19976",0.999999153079313,1,46.2223392853548
"K04720",1,1,24.4539633295759
"K16165",0.999999918378685,1,42.5851670680927
"K00938",1,1,12.8033455029556
"K03307",0.380655106791255,1,103.674930593659
"K06929",1,1,9.68072255511095
"K03586",1,1,-21.5596172753058
"K05845",0.564958242438904,1,97.0479430672369
"K01760",0.223110758332531,1,110.454726778403
"K07271",0.458738932167021,1,100.800870541376
"K02194",1,1,-23.1797842253942
"K16011",1,1,15.2746494102188
"K15725",0.999999999999985,1,26.7878493551834
"K07502",1,1,-30.6802014611796
"K06980",1,1,-92.4797233417247
"K05820",0.999999999999998,1,25.3619779023779
"K02548",1,1,-11.5187030043077
"K06411",1,1,11.8283725740097
"K00610",1,1,-18.8528602524178
"K07171",0.892871118438076,1,82.8510522173434
"K01547",4.28085383292598e-13,4.37717304416681e-10,236.690463701665
"K02775",0.998920525697011,1,62.1509405399593
"K00784",1,1,-7.37434861800006
"K01953",0.240909550537715,1,109.57506026088
"K06384",0.999999876256232,1,43.1953360439246
"K08151",0.999999999801042,1,35.1217431065359
"K06985",1,1,21.1736192840356
"K00104",0.999990491391687,1,50.6111985432619
"K01447",0.999999999997581,1,30.8488856293578
"K18581",0.999999999719446,1,35.4909851473434
"K19119",0.418208556474019,1,102.271284880359
"K14058",1,1,-28.7812124018568
"K09760",1,1,-3.29632373574975
"K07099",1,1,-11.0041976189181
"K06381",1,1,-32.2948045330706
"K11707",0.99884808457843,1,62.3504842233335
"K09794",0.999999998530152,1,37.356397971322
"K16137",0.717954947430921,1,91.4291615532534
"K21053",0.6266414017543,1,94.853648338036
"K19286",1,1,-25.1861963059978
"K15923",0.999999999991256,1,32.0121368257027
"K06189",1,1,-83.1745810308387
"K08997",1,1,-5.33107184853552
"K03442",1,1,0.979540519945431
"K09892",1,1,-27.0602408965675
"K00996",0.999999999857541,1,34.7683828629112
"K06206",1,1,18.8652653328787
"K03151",1,1,-75.2359910191022
"K01029",0.107593842973241,1,117.832284749905
"K04069",0.656421152118489,1,93.7685922447382
"K07799",1,1,3.53808141387617
"K07668",1,1,-7.0517444201306
"K20461",0.999999999999999,1,24.7657232492802
"K06934",0.999999810320172,1,43.837282529122
"K00036",0.99999998608739,1,40.1445811289618
"K15539",1,1,-9.15189153939622
"K02970",1,1,-71.4178907635512
"K03824",0.0071652811360952,0.666045451059759,137.938101557375
"K07718",1,1,11.3093359053007
"K02082",0.999901520856123,1,55.6878822728482
"K01894",1,1,-35.7127365147646
"K06907",0.999999999971026,1,33.1544866629608
"K07115",1,1,-19.2462557145533
"K02409",0.924946651344784,1,80.4165243895391
"K08364",0.999999999874731,1,34.6337763465524
"K02440",0.0185175213313164,1,131.677508044327
"K09806",1,1,-48.8788468697326
"K12527",0.999999995653013,1,38.6616891854856
"K01090",0.999997202962424,1,48.2985396023215
"K02481",0.999999999998548,1,30.4039641430077
"K02197",1,1,-20.0784369630479
"K13895",1,1,-17.8999597413259
"K02553",0.999201560354139,1,61.2439399194587
"K07571",1,1,-73.0046866970624
"K03980",1,1,-76.1900127287898
"K01770",1,1,0.321198207881253
"K02244",1,1,-73.9368318655294
"K02624",0.958220157500149,1,76.9107954970465
"K01854",0.999999317517737,1,45.8642928665487
"K09769",1,1,-60.6024236503802
"K18118",0.999651995185618,1,58.8972902696341
"K03296",0.999999999999995,1,26.036005327099
"K01759",0.999999999981702,1,32.7093019359889
"K07443",0.800877587255674,1,87.9045922070046
"K07456",1,1,-106.052394259915
"K05895",1,1,5.88701276768325
"K00343",1,1,-21.551860978914
"K06897",1,1,-13.9144558242958
"K11741",4.60909413506716e-05,0.0134651392945891,165.045560481477
"K02203",1,1,12.0197774932138
"K07085",1,1,-15.7519375389334
"K07222",0.824348184193931,1,86.7764308115948
"K21420",0.999994840944214,1,49.4300995769736
"K20862",1,1,19.0628741642067
"K02119",1,1,7.547208656603
"K01788",0.604107213685011,1,95.6615357312407
"K09936",0.690602310352527,1,92.4889621899626
"K06445",0.999993018388468,1,50.0078433513135
"K11072",0.999988516106776,1,50.9867719194443
"K06387",1,1,-6.01099536244081
"K00651",0.925838543637424,1,80.3392455835544
"K01266",0.999643135528498,1,58.9653398602158
"K04486",1,1,5.01948893451311
"K07261",1,1,-27.2446195810618
"K01681",0.999975780873689,1,52.5262652537973
"K02121",1,1,-36.1616856963455
"K03562",1,1,-92.1277000171115
"K01466",0.88813111872847,1,83.1668609925597
"K14059",0.996767097687978,1,65.7459789055126
"K05712",0.430521811039453,1,101.820471951086
"K06396",1,1,-21.8750669412287
"K15599",0.999999999962722,1,33.4023659896707
"K01209",0.999855669120353,1,56.6192663795983
"K00282",1,1,24.0438781613863
"K02379",0.999945963524637,1,54.2886195344947
"K00016",0.999999878793833,1,43.1646034990443
"K02401",0.829635603917174,1,86.5108597577052
"K00130",0.194046672710875,1,111.993744041873
"K01195",1,1,16.4402858752646
"K00231",1,1,9.76685866890472
"K00459",0.999999999657609,1,35.7076914446806
"K01546",3.20692376830797e-15,6.55815910618981e-12,252.876082627197
"K07180",1,1,21.3406754259967
"K05569",1,1,22.6993212413112
"K06972",1,1,-15.4205158803682
"K06188",0.206474690774065,1,111.318314566494
"K00782",0.999999865297559,1,43.3215850937145
"K15792",1,1,-50.429499973272
"K07015",1,1,-54.8518815505289
"K00483",0.999999364701809,1,45.7465546260191
"K01996",1,1,-9.54819684796234
"K02231",0.999999876380179,1,43.193848782209
"K12942",1,1,11.803011413811
"K00605",0.999999999826796,1,34.9744454137156
"K07118",2.41612871751336e-05,0.00988196645462965,168.071746174791
"K00179",1,1,14.6392020794766
"K01914",1,1,17.9621206516376
"K02536",1,1,-43.9296737442087
"K01599",0.999999978907192,1,40.6974936806818
"K02050",0.978596786019672,1,73.4651961258601
"K03649",0.999582752301187,1,59.3924777873339
"K09895",1,1,-67.5788605856418
"K19055",0.299305505319416,1,106.93532565523
"K07035",0.999998256354397,1,47.4573560706112
"K12555",1,1,-39.5197521594088
"K21029",0.999996936105532,1,48.4639059671227
"K00598",0.999999999373299,1,36.3778973243399
"K08301",1,1,-69.9922815385534
"K00294",1,1,-40.2101094524812
"K03646",0.999999999597393,1,35.8854398350384
"K16301",0.204275634333061,1,111.435823503425
"K01659",0.988693852066441,1,70.58258224582
"K09692",1,1,12.3296439040545
"K08372",1,1,-34.8122861943409
"K03785",1,1,21.3013013985086
"K02793",1,1,-4.91201845215403
"K07659",1,1,-36.6610114924154
"K02051",0.999999981660668,1,40.5102524995067
"K09810",0.999999999999879,1,28.362613035253
"K01579",0.996300460863603,1,66.2246092984051
"K00971",1,1,-24.0039613100269
"K01297",0.999998731473833,1,46.9060326924618
"K01489",1,1,-6.81002509229381
"K03594",0.996380515050713,1,66.1463375238599
"K02477",0.999999999998149,1,30.6144672962126
"K00564",1,1,-39.3469786863624
"K06416",1,1,-12.1344985873657
"K00575",0.758599416885125,1,89.7731736013181
"K06198",1,1,-48.0308019284075
"K01486",0.808192993460573,1,87.5611565112811
"K02066",1,1,-61.9563827289712
"K09685",1,1,-31.0434718867699
"K02613",0.581330890345459,1,96.4700764364586
"K22129",0.999999688735931,1,44.6025205462454
"K02160",1,1,15.9500135330592
"K02575",0.72976059244759,1,90.9593903888324
"K00334",1,1,1.00600856575568
"K00756",0.999999999999997,1,25.7255133436919
"K04046",0.999999998138928,1,37.6345277203104
"K00366",1,1,1.92135998873403
"K02391",1,1,-17.4126972172489
"K12543",0.993746525043823,1,68.1788328571787
"K02507",1,1,-33.8403935418635
"K03549",0.999447944141078,1,60.1752366708457
"K04762",1,1,-35.2618601179151
"K02348",0.770542880748131,1,89.2629857733912
"K07140",0.59140599599679,1,96.1132232490272
"K02168",0.620618941383716,1,95.0705066042062
"K00285",0.541745564657869,1,97.8646621274146
"K01420",0.314273872622763,1,106.30588828452
"K00949",1,1,21.1729419348295
"K06023",1,1,-81.7814840878271
"K03981",1,1,-59.2804119747306
"K07734",0.216521603763273,1,110.791620765101
"K01480",0.999996313845645,1,48.8026870133549
"K14170",1,1,-0.919346771379367
"K00146",1,1,1.91681775646856
"K15256",0.384846496165947,1,103.515806397442
"K07078",0.999999986994478,1,40.0561511158168
"K08974",1,1,19.9232941012413
"K20814",1,1,-55.9823409276701
"K01619",0.999999999894757,1,34.4526869968553
"K00627",1,1,10.1840402404648
"K04774",1,1,-9.95137613022268
"K05879",0.999999266642338,1,45.9829922996314
"K00821",0.814974850380366,1,87.2363686806442
"K03476",0.709140773376874,1,91.7747630016477
"K03289",1,1,-35.7751024813005
"K06286",1,1,-51.3029400834179
"K03775",1,1,-50.5983711928131
"K03517",0.999966829644611,1,53.2030252948814
"K02800",0.989881590588659,1,70.1140691524577
"K07300",0.999999999905315,1,34.3434637669343
"K07095",1,1,7.91744906957786
"K02035",0.99976152080013,1,57.8948966062275
"K06374",1,1,15.7160662726913
"K03340",0.902393748483611,1,82.1873552920301
"K02068",0.999947426082892,1,54.226383111833
"K03292",0.724827392063797,1,91.1566971807367
"K01991",1,1,4.04533945904228
"K19784",0.972225839439192,1,74.7485263770845
"K03647",1,1,-3.7530181098395
"K10914",0.999999336344481,1,45.8182569257124
"K02217",0.999965470762395,1,53.290678623183
"K02407",0.996780287974859,1,65.7316044367276
"K05837",1,1,-30.3074728169717
"K07039",1,1,7.34511712189124
"K19802",0.999999995758194,1,38.6314132257984
"K02086",1,1,-41.8724353790983
"K03630",1,1,-47.8888353919306
"K00337",1,1,0.226893206332477
"K01961",0.999999999998525,1,30.417092126767
"K01154",0.0315367064544063,1,127.868251078186
"K14682",1,1,17.8668166370887
"K09167",0.999999777995557,1,44.0779261979305
"K04758",0.999999999999959,1,27.5196585928558
"K05800",0.999999984475995,1,40.2890004680985
"K02619",1,1,21.5214406613744
"K15024",0.594928565444158,1,95.9881731573863
"K00262",0.999999999733452,1,35.4355908460795
"K11719",1,1,-84.5964134775933
"K03281",0.999998629664251,1,47.0387538674794
"K09121",0.999999970848551,1,41.1360921417985
"K20866",0.99992375763368,1,55.0821481704059
"K00795",1,1,-43.2406074735913
"K08602",1,1,-29.0817878103301
"K02204",1,1,-35.9062135684862
"K03746",1,1,-36.3805854822576
"K02552",1,1,9.65241761808113
"K13292",1,1,-93.2654291795138
"K01077",0.277379301661281,1,107.888644507466
"K01666",0.999998982616641,1,46.5304423514784
"K01567",1,1,13.7744924281772
"K07192",0.999917275739089,1,55.2737690875215
"K09159",1,1,-65.2824144694023
"K06392",1,1,-5.98621093836343
"K08302",0.999984425633049,1,51.6045557879276
"K02538",0.999999882228051,1,43.1220329758496
"K03473",1,1,-48.7032660167066
"K13677",1,1,-39.6728497010041
"K16789",1,1,-8.99657757251407
"K03634",1,1,-62.7281723712089
"K00788",0.691365959075066,1,92.4598547186806
"K13288",1,1,-76.377831241396
"K15634",0.999964327965055,1,53.3619773888173
"K19710",1,1,-35.6949911771882
"K09774",1,1,-19.9927402708494
"K02118",1,1,-7.13017692133565
"K03641",1,1,0.145544448043779
"K03696",1,1,-34.1987622153954
"K03294",0.197842886583652,1,111.784446869512
"K19118",0.365972623917784,1,104.237999261034
"K00886",1,1,6.50359741396176
"K03320",3.61282079582533e-07,0.00018470546318657,186.374162703451
"K06209",1,1,-26.6531285659987
"K02226",1,1,12.0150582590733
"K01678",0.999999999999256,1,29.834249540164
"K07706",0.995410678445978,1,67.0088527663851
"K06950",1,1,0.805010914268792
"K01911",1,1,19.2700362697985
"K10778",0.953289652737249,1,77.5381517093598
"K05591",1,1,-18.494668617848
"K00982",1,1,-103.965951887663
"K02387",0.986156484481566,1,71.4608428034354
"K07320",1,1,-41.4131138235722
"K07154",0.989249926777585,1,70.3685903562911
"K02372",0.999999999983892,1,32.5874081098348
"K01141",1,1,-27.9668510937092
"K02744",0.997393618702998,1,64.9993427500522
"K03716",0.993679441506708,1,68.2201637259045
"K00260",1,1,-65.2536218433274
"K03643",1,1,-96.465312030418
"K21449",0.939155878148756,1,79.0971935813706
"K02227",1,1,8.49466348001056
"K02416",0.6997969881883,1,92.1367643848372
"K01464",0.999843353552039,1,56.823111236607
"K04041",1,1,14.0570117056321
"K00887",1,1,-45.1316022651173
"K07788",1,1,-8.88278643680425
"K06016",0.999994553266469,1,49.5327950541903
"K02058",0.981466264473775,1,72.7845601675417
"K00356",1,1,6.12230787205866
"K01241",1,1,-43.7213729734774
"K00882",0.999999999999837,1,28.596287722034
"K01621",0.925755676098901,1,80.3464533861243
"K19271",0.815168673231742,1,87.2269911028424
"K02418",0.99976363282339,1,57.8717553757251
"K01129",1,1,16.9713161331834
"K13628",1,1,-29.2352816248014
"K01910",0.990553535000162,1,69.8283773664638
"K14540",1,1,-77.5159863673808
"K06373",1,1,4.40992153833469
"K05541",1,1,-15.290207908488
"K02303",0.624664876100131,1,94.9249028790789
"K12373",0.999999999269391,1,36.5510464214623
"K00048",0.691405543923989,1,92.4583451993213
"K06385",0.999999999999986,1,26.7599203795618
"K07105",0.999999999999897,1,28.231821706399
"K21470",1,1,-19.5314462996527
"K00793",0.999908973799924,1,55.5001393625226
"K01817",0.958805661002911,1,76.8326233232913
"K09153",0.999999980289342,1,40.6066005498968
"K10041",0.99999999967279,1,35.6581743403079
"K04651",0.998086880723596,1,63.9640645758895
"K01061",0.718586435587532,1,91.4042384199502
"K01389",1,1,-32.8658999773371
"K06970",1,1,3.7635738397413
"K10823",0.999999999998325,1,30.5275496279122
"K06987",0.999999999999098,1,29.9966261125516
"K11179",1,1,-61.8482611041085
"K02802",0.999999999694641,1,35.5829134872982
"K00674",0.999997912812634,1,47.7742746932715
"K00040",0.44931326325936,1,101.139604971944
"K12339",1,1,4.41687915018821
"K02424",0.686508324245165,1,92.6445843468096
"K01271",0.999999999999996,1,25.8018389103421
"K01493",1,1,-9.18375419367118
"K13894",1,1,-17.8999597413259
"K16053",0.999999999599895,1,35.8785758731562
"K02041",0.999999992287048,1,39.3814292233843
"K03186",0.999999998358874,1,37.4859006370628
"K01813",0.984964916319145,1,71.8282159808604
"K07491",0.951059884942596,1,77.8055518609913
"K06726",0.998876508114031,1,62.273546481376
"K07402",0.998412641161293,1,63.358623734944
"K04477",1,1,-12.1362336630276
"K10039",0.999894143116618,1,55.8614083633169
"K06001",0.996464960451525,1,66.0621415165326
"K07334",0.999999999999868,1,28.4313464205821
"K07220",0.999999999997491,1,30.8813426743767
"K00325",0.999903480994779,1,55.6397927182443
"K04085",1,1,-27.9920230819384
"K03569",1,1,-24.9672393592663
"K03615",0.975389266238386,1,74.1443818468734
"K11104",1,1,7.07713641424823
"K02454",1,1,-9.60893091641208
"K03676",1,1,-20.6708023257347
"K19577",0.184592818692973,1,112.527262047257
"K00867",1,1,-77.257507226934
"K07638",1,1,-34.4552961750419
"K01572",0.999856205386761,1,56.6100366845704
"K00876",1,1,-24.090381090291
"K06918",1,1,-49.540126672291
"K01185",0.999999936521216,1,42.2235717546835
"K00901",1,1,-13.0439496769769
"K03325",0.00333675728891604,0.37909270310185,142.601323470723
"K01812",0.869602192817795,1,84.3241460099532
"K06284",1,1,-19.4567326507517
"K00798",0.999999999532439,1,36.0507440249486
"K22445",1,1,17.1309490687058
"K03566",1,1,22.2168396060731
"K01305",0.993822372899017,1,68.1316476980066
"K01823",0.99999927828196,1,45.9565312976394
"K03342",0.999999998932727,1,36.984289948039
"K13573",1,1,-34.1675523012881
"K01046",0.999999278119556,1,45.9569032378879
"K01716",1,1,-64.6326336110486
"K04047",0.154703357410538,1,114.34976326408
"K19265",0.628118060538886,1,94.8003592961588
"K20117",1,1,6.34377707399403
"K00413",1,1,-35.1069244205693
"K00666",0.999999999135709,1,36.7421614635417
"K07018",1,1,-6.6834202557053
"K10118",0.997447172982295,1,64.9285171955078
"K09986",1,1,-27.4931449390901
"K18330",1,1,-7.33636837235815
"K02055",0.923773770376418,1,80.5171664359656
"K00023",0.999999999991309,1,32.0064841662715
"K09155",0.910117978065281,1,81.6161138080124
"K11745",0.999999999779696,1,35.2306304128949
"K03336",0.999918171072895,1,55.2481330021363
"K02200",1,1,-10.7856203986242
"K00375",0.989321741162089,1,70.3402891976732
"K02427",1,1,-86.8644337163281
"K02057",1,1,19.3317129453645
"K06213",0.999999861303241,1,43.3652074835459
"K01750",0.991159678575423,1,69.5557337107439
"K01082",0.999999999999996,1,25.8144716895785
"K03924",0.999694687663787,1,58.5458260185733
"K13766",0.999923222841843,1,55.0985091323704
"K02415",0.999999999999998,1,25.4799188417505
"K10541",1,1,0.801366747282771
"K03727",1,1,-76.1376856105828
"K21479",1,1,-14.3952357608255
"K01476",0.999999999985893,1,32.4612548329613
"K06378",0.999999999998967,1,30.1118287181623
"K02759",0.999999974085878,1,40.975633126529
"K02405",0.999809364443418,1,57.3184750199189
"K13940",1,1,13.1808526453141
"K09009",1,1,-64.0160752697301
"K01778",0.999940305721104,1,54.5157131658451
"K10004",1,1,-7.58618462562399
"K22010",1,1,-22.8832347734091
"K02363",0.999999998250081,1,37.561637792594
"K22044",0.9999999350441,1,42.2564445778369
"K01968",0.999999999999942,1,27.7848285040039
"K00210",1,1,10.3539687875256
"K00362",0.0614101648329413,1,122.685752749703
"K05770",0.490664333229466,1,99.6641766871709
"K09773",1,1,-39.5849383427592
"K01069",1,1,-25.3394854067178
"K05878",0.99720265556314,1,65.2420297334382
"K01139",1,1,-66.0696677811881
"K08159",0.998746236450827,1,62.6130884070704
"K03437",1,1,-40.2561907409754
"K00342",1,1,-13.2370327697224
"K02001",0.999999990523438,1,39.6451493840065
"K07277",1,1,-123.137246182859
"K04024",0.970612880574896,1,75.0358996192573
"K15552",0.999541525932498,1,59.6533222544961
"K00252",0.564026791767317,1,97.0807595950122
"K15975",0.999997517601236,1,48.0835523839447
"K00344",0.0822750071584251,1,120.222094956544
"K09005",1,1,-24.8646397115323
"K02259",0.99936239713639,1,60.5873046110705
"K21571",1,1,-43.3256278363961
"K08303",0.999972282727373,1,52.8144473081264
"K00563",1,1,-6.6357368466301
"K11068",0.999972729326288,1,52.7795826256834
"K03449",0.00826862110360422,0.735188267690027,137.030334676234
"K07025",0.999998733905755,1,46.9027422637728
"K01095",1,1,-12.9745890419948
"K05522",1,1,1.38383147248007
"K06194",1,1,-10.7394646691384
"K05602",1,1,22.028703961942
"K07098",1,1,23.1335191756667
"K07023",0.999976704887689,1,52.4437549093168
"K19082",1,1,6.41148369951071
"K13893",1,1,-8.72815682708847
"K12700",1,1,14.6683698499967
"K08305",1,1,-37.8279039195121
"K07101",1,1,-5.08225647925821
"K04769",0.999999999999997,1,25.6035248237891
"K00979",1,1,-35.6906705013974
"K03973",1,1,4.41121264747778
"K02396",0.449181744246732,1,101.1443436144
"K00074",0.999999384508333,1,45.6946731052299
"K06075",0.937046183322573,1,79.3062474627228
"K07126",0.99999999925349,1,36.5754486698289
"K01893",1,1,-43.3690576549253
"K16153",1,1,-48.7030469931379
"K02770",0.99984831973213,1,56.7427215949065
"K01654",0.996458777457111,1,66.0683646462554
"K01665",0.999943435166538,1,54.3926646868576
"K03744",0.999997575290777,1,48.0413995349244
"K10125",0.999891361276513,1,55.923993887481
"K01058",1,1,-26.5933983675027
"K00857",1,1,-23.4431029735321
"K07665",0.99177578634195,1,69.2620917677077
"K01609",0.294437360076875,1,107.143603014816
"K00259",0.999831558688833,1,57.0051604927862
"K12137",1,1,19.8852448032501
"K03606",1,1,14.0484587115586
"K16509",1,1,-58.3132561260032
"K01744",0.999999999932595,1,33.9958587675728
"K06879",1,1,-62.8622047127239
"K09797",0.99998317322587,1,51.7637138278677
"K11184",1,1,-24.8262128232861
"K19411",1,1,-68.3402150561162
"K09158",1,1,-30.067705893697
"K03576",1,1,21.1910459851186
"K14652",0.99891271286265,1,62.1730204809172
"K07120",0.99999996752546,1,41.2841538996786
"K07005",0.985684506722324,1,71.6093427467039
"K08289",1,1,20.7171556421106
"K00526",0.00272371520092282,0.348124849117948,143.794331680515
"K01661",1,1,1.88376928572507
"K09933",0.999999960016794,1,41.5719397615454
"K06190",1,1,-48.6587535877366
"K01537",0.999998598561838,1,47.0774654278531
"K09800",1,1,-51.3330198677282
"K03694",1,1,14.4807966974762
"K02233",0.999999999999987,1,26.693809382914
"K07238",0.0615532052609991,1,122.666671497654
"K03169",0.999927581666296,1,54.9620129912113
"K01880",1,1,-65.908270066622
"K01560",0.824732400308533,1,86.7572871789065
"K07284",0.515601288673938,1,98.7841097345879
"K01424",0.999997864772649,1,47.8146516891863
"K02494",1,1,-45.1038961572766
"K03411",0.998575902734943,1,63.0129888572195
"K20038",0.978561436074573,1,73.4731114839142
"K01007",1,1,20.6715471321147
"K01800",0.996005599842116,1,66.5008913011133
"K00849",0.999999996539574,1,38.3812028881393
"K02810",0.820514124354707,1,86.9661836565767
"K01745",0.935626916421918,1,79.4440377094
"K18139",1,1,-14.2348153336885
"K03071",1,1,-67.464660991872
"K07444",1,1,-72.4789196137404
"K02394",1,1,7.36068571006157
"K14086",1,1,-14.9450371696053
"K13713",1,1,-20.5257107313365
"K10907",0.998935977748598,1,62.1068527430233
"K06861",1,1,-121.676889982854
"K01286",1,1,12.8800952636624
"K07452",0.914048573797383,1,81.3124395373945
"K12262",1,1,-14.8417772755085
"K01322",0.999608282021345,1,59.2191254258427
"K15257",1,1,22.6260472768162
"K00769",1,1,-4.70726750647802
"K00346",1,1,18.8902346952717
"K01815",0.996875554427163,1,65.6262491903642
"K18691",1,1,-37.6911072161856
"K07301",0.999810198081292,1,57.3073178595911
"K00067",0.405766745200232,1,102.731158721239
"K00348",1,1,6.30274122638275
"K07448",0.325171590352442,1,105.857231886197
"K01916",1,1,5.89609179744252
"K03761",0.910597317969102,1,81.5795762677266
"K00772",0.996536571307817,1,65.9893746358406
"K00850",1,1,-45.9999050292327
"K15270",1,1,2.1877759264201
"K03413",0.999999998608352,1,37.2924238537533
"K00299",0.419544699602664,1,102.222167957095
"K02371",0.999998508481919,1,47.1852201455276
"K03735",0.999642534371281,1,58.9699021424538
"K01250",0.99837688469781,1,63.4301360740801
"K00557",1,1,-16.8004392264384
"K00937",0.996837253910681,1,65.6689346455976
"K01011",0.999999999998731,1,30.2877390615879
"K00765",0.061212334180169,1,122.71220340094
"K05527",1,1,-51.5367850372822
"K03808",1,1,3.81045001115641
"K03548",1,1,-9.28562010908757
"K06196",0.928651860992718,1,80.0910736804334
"K09949",1,1,-67.3763577283543
"K07232",1,1,0.637299097185178
"K11717",1,1,2.54260806408172
"K13950",1,1,-4.78216377491771
"K07705",0.67855043963327,1,92.9451131769591
"K01430",0.615985371045918,1,95.2368586747839
"K01809",1,1,0.11914288945627
"K16147",1,1,8.51886035724971
"K03707",0.971756927037488,1,74.8333933506607
"K06215",0.999999999999987,1,26.6847258464782
"K01438",0.90874172159476,1,81.7202811822833
"K13280",0.999999943406254,1,42.0601423409875
"K00406",0.999999999979458,1,32.8205524467479
"K03092",1,1,21.0160409339156
"K03816",0.999998689971739,1,46.9612959610188
"K03767",1,1,-13.0288017145432
"K02172",0.214622389949236,1,110.889946950229
"K18928",0.999995998103098,1,48.9546911191085
"K06926",0.615942617676933,1,95.2383916785572
"K01639",0.952449954971803,1,77.6399528514746
"K02398",1,1,13.7691613035419
"K09065",1,1,1.12597850997406
"K03543",0.99998238027993,1,51.8589266810883
"K07010",0.999999993321043,1,39.1987578529618
"K01057",0.999999994121092,1,39.0379662861305
"K07778",1,1,14.2697965909371
"K01147",1,1,-45.7942909491627
"K20488",0.99999971402123,1,44.469988767523
"K07122",1,1,-39.5750130758485
"K10008",1,1,-38.8344718205216
"K03465",1,1,-12.526267765428
"K02351",0.185415787254655,1,112.480090318576
"K07798",0.999996957365612,1,48.4512330493046
"K02806",0.999999999999998,1,25.3517083307553
"K07080",1,1,-4.62507046955886
"K00860",1,1,-0.0952770993893637
"K05343",0.725629416139657,1,91.1247201665329
"K03750",0.999392147930333,1,60.4499111007373
"K03147",0.99916429482234,1,61.3791316008308
"K02808",0.999994318226377,1,49.6130302552704
"K04755",0.999999999121894,1,36.7602772018888
"K03188",0.848554295875484,1,85.5193227812412
"K03648",1,1,-40.2307585038266
"K03367",0.199656439826038,1,111.685407565572
"K06975",0.999999998196152,1,37.5975352967185
"K05567",0.999999999888416,1,34.5133487620522
"K07323",1,1,-35.5312000866226
"K02052",0.999999999949694,1,33.7007539769953
"K01419",1,1,-21.4165192979593
"K00127",1,1,19.7041671308912
"K07214",1,1,17.9000625253034
"K00940",1,1,3.68599005004717
"K03119",0.52901886086291,1,98.3120658401775
"K21472",1,1,19.5530187119459
"K07390",1,1,-38.573502969625
"K05297",1,1,15.2891490448046
"K05847",0.088929064398397,1,119.543239762756
"K02170",0.999999999864685,1,34.7144288797951
"K10439",0.999997088202921,1,48.371379030371
"K06940",1,1,3.13895451191519
"K08484",1,1,-49.3664396878356
"K00004",0.179634505699959,1,112.814562983119
"K07263",1,1,-36.3619859125917
"K02012",0.387290551016974,1,103.423330562235
"K03786",1,1,3.44783876188035
"K13668",1,1,-41.0241694947508
"K03688",0.99993501163329,1,54.7110520950922
"K02412",0.917946281981568,1,81.001660817484
"K06867",0.950030084424888,1,77.9259751345212
"K02025",0.9999999995675,1,35.9644514295103
"K14274",0.995197280869404,1,67.1773675198889
"K00158",0.487173655167243,1,99.7878084093414
"K05833",0.999999999998249,1,30.566088989572
"K07814",0.99848319989297,1,63.2132641738089
"K00135",0.0787885453460794,1,120.595483802646
"K01710",0.82976929148277,1,86.5040844798669
"K11075",1,1,18.3417691671225
"K22132",1,1,-22.8356755696858
"K05548",0.0180324203284393,1,131.861107417562
"K00128",0.0606301467157629,1,122.790455361823
"K07240",0.999999999999867,1,28.436731427478
"K11209",1,1,3.84118489534202
"K05881",1,1,17.3941484750449
"K01026",0.983245391374234,1,72.3185361748305
"K02171",0.999999999999393,1,29.6634725120231
"K07137",1,1,13.981336694878
"K02841",1,1,-55.004736140151
"K02443",0.989635857558148,1,70.2146116905764
"K03724",0.999996463756208,1,48.7262308070497
"K13963",1,1,20.793129086566
"K05592",1,1,-6.14714431836057
"K01960",1,1,-0.236109927707588
"K02774",0.999740592193812,1,58.1147337228435
"K07150",0.999156940654902,1,61.4051777372991
"K07493",0.998095094228517,1,63.9499488849426
"K04092",1,1,-27.1129704797085
"K09702",0.79649731900895,1,88.1070202611217
"K00053",0.999999999360653,1,36.4003742278848
"K04744",1,1,-76.1042444986797
"K02441",1,1,-25.8159964505667
"K00625",1,1,1.26714223421027
"K05364",1,1,-54.6912347425944
"K07793",1,1,10.233505379403
"K03405",0.15179617836828,1,114.539977534713
"K02517",1,1,-96.6935140543348
"K08973",1,1,-7.04773804544843
"K06410",1,1,0.068699211160606
"K08678",0.99999975441461,1,44.2335036411263
"K06956",0.843316531449901,1,85.8008094989886
"K03457",0.940996065762797,1,78.9104839612052
"K03637",0.999999842825097,1,43.5527623081011
"K10009",0.99987942502721,1,56.1770079254053
"K13012",0.999998957450234,1,46.5717747448027
"K00970",1,1,-7.1678220116919
"K00537",0.559678849325301,1,97.2338802583478
"K09014",0.999753059751552,1,57.9857888426569
"K02072",0.999994010025272,1,49.713698139028
"K06406",0.999999999935256,1,33.9550079082159
"K03429",1,1,-4.17924653014484
"K17318",1,1,16.5396226445328
"K00426",0.999999993341811,1,39.1948205142432
"K01575",0.983421330660942,1,72.2703007189662
"K04517",0.998470983287604,1,63.2388505868586
"K00371",0.967959277840273,1,75.482875781197
"K01556",0.0309505908111228,1,128.006916603663
"K06958",1,1,-56.8893737775368
"K07304",0.996232684510248,1,66.2897464722724
"K01790",0.81238159559246,1,87.3613190546941
"K01993",0.979170861902167,1,73.3351625084969
"K02258",1,1,24.3792774820231
"K00677",1,1,-90.6525056285683
"K15461",1,1,-15.0864633847173
"K00278",1,1,14.2041312888239
"K07113",1,1,-21.4371617120522
"K00611",1,1,-5.94234275092492
"K01597",1,1,-7.8003942033767
"K16013",0.99994369856491,1,54.3820260934426
"K01239",0.988617727740375,1,70.611194679941
"K03098",0.999990737634639,1,50.5594111678876
"K02851",1,1,-27.6869942507748
"K03563",0.983435404868312,1,72.2664242026428
"K00980",0.999999999999976,1,27.1298412823747
"K16012",0.998463670309233,1,63.254081199137
"K03809",0.886598431702819,1,83.2670938466769
"K13695",1,1,-12.680396400632
"K02564",0.999999906167317,1,42.7879708800738
"K00767",0.927614461183527,1,80.1833832099019
"K02006",0.999998279732125,1,47.4337242008091
"K06954",0.976248318144432,1,73.9697418120201
"K03638",1,1,10.4509552688112
"K01070",0.986190009508348,1,71.4501376786424
"K00347",1,1,17.4061100479778
"K02610",0.815172235133073,1,87.2268187193769
"K08295",0.999999999993881,1,31.6828057078642
"K07177",1,1,-48.8070348678761
"K01664",1,1,6.33913214071322
"K02650",1,1,19.7856818672093
"K01087",1,1,4.34962737105775
"K02083",0.63845761096205,1,94.4258344035977
"K09117",1,1,-7.59979076197624
"K09019",0.999999999993861,1,31.6858552621138
"K00381",0.999753480825602,1,57.9813323402165
"K00990",1,1,-6.4192617372841
"K07979",0.99999999776522,1,37.8524275629437
"K13979",0.562865164702136,1,97.121678491162
"K07645",0.999954788764453,1,53.8867661615811
"K02794",1,1,-16.4866036229291
"K03841",1,1,14.9272222742657
"K02825",1,1,-74.7854298678245
"K07121",1,1,-14.9527033218099
"K06132",0.961141189995107,1,76.5121011963358
"K00370",0.999989810271132,1,50.7482383106648
"K07075",0.99943521114569,1,60.2400290687845
"K09779",0.98521217844836,1,71.7539928890854
"K13571",1,1,-55.9823409276701
"K00156",0.988320881523986,1,70.7212781838542
"K05396",0.998390371001866,1,63.4033273491387
"K00606",0.999996172880334,1,48.8719885284308
"K09772",1,1,-67.4839918244102
"K03806",1,1,-47.2736047424279
"K01995",1,1,-0.218399130948342
"K02532",0.999898631748418,1,55.7571990916798
"K15034",0.703054403289552,1,92.0110508781496
"K04754",1,1,-24.3541927582149
"K03074",1,1,-36.2542145926039
"K01028",0.0422447609473984,1,125.659732269774
"K01720",0.999974102315739,1,52.669011563143
"K15780",1,1,-23.4257388136311
"K13634",1,1,-1.94414108386501
"K03148",0.999961316556305,1,53.5402818229993
"K21562",0.99999999997229,1,33.1108847467592
"K15772",0.999820785504257,1,57.1616266890372
"K01804",0.933437645273741,1,79.6523356877975
"K05995",0.999994175722711,1,49.6601899820741
"K09790",0.747274290671426,1,90.2461576456469
"K02191",1,1,-18.9628690096879
"K08217",0.23966402950215,1,109.635273922043
"K16148",1,1,-35.5300138201487
"K07032",0.665076335044062,1,93.4485050941098
"K14267",1,1,-12.8221357109313
"K07259",1,1,-47.5976373704354
"K06012",0.999999997053554,1,38.1854067420061
"K02275",0.99999981339863,1,43.8123892876705
"K02476",0.998908784395907,1,62.1840699100713
"K00392",1,1,23.6517467025877
"K19158",0.999851826657129,1,56.6845045628841
"K15125",0.999971593627322,1,52.8672437033421
"K07576",0.999999999999933,1,27.896805598789
"K09762",1,1,-104.594101815104
"K16927",1,1,8.00474883742447
"K06024",1,1,-64.3950712712003
"K00728",1,1,-5.65351576489854
"K03272",1,1,-3.01454055088783
"K03830",0.831174452458616,1,86.4326854802097
"K11961",0.99999999999824,1,30.5703889621099
"K00868",0.987501118489499,1,71.0137105471999
"K03568",1,1,7.14104909169237
"K09955",0.29971177203282,1,106.918026243436
"K04061",0.999999767550084,1,44.1486679116928
"K03593",1,1,-24.340118211832
"K00950",1,1,17.3414693203531
"K11102",0.999999594432368,1,45.0209679461141
"K01507",1,1,12.2949860327119
"K16924",1,1,13.4177806108369
"K03113",1,1,-31.5737983054909
"K01589",1,1,7.0616518708988
"K06044",0.52557523463061,1,98.4331611542455
"K15396",1,1,-58.7099585989432
"K08369",0.77995159226069,1,88.8519471337839
"K06143",0.999999977419727,1,40.789222191957
"K09787",1,1,-75.2111487183442
"K13993",0.0118634232492453,0.935436004456568,134.68774913965
"K05601",0.999999989959497,1,39.7196921507917
"K01512",0.999971839063192,1,52.8485755368088
"K02652",0.999985400888696,1,51.4722214591361
"K03303",0.967656837635377,1,75.5319642603591
"K08224",0.283215469484504,1,107.630955302212
"K07654",1,1,-45.252198615832
"K07067",1,1,-52.3611189516497
"K03611",1,1,-21.7581379059434
"K09457",1,1,-12.7783161011558
"K06195",1,1,-14.0662425254336
"K10947",1,1,-6.00670743947023
"K08281",1,1,10.7872652670596
"K02426",1,1,-31.1180556704942
"K07405",1,1,-67.1879811758991
"K03780",1,1,24.2800533344346
"K02662",0.999912404359049,1,55.4089741510784
"K13829",1,1,-0.216246654160045
"K00425",0.999998481441942,1,47.2163811174738
"K01696",0.831731416309036,1,86.4042905102058
"K15051",0.999999999998083,1,30.6451572831168
"K09815",0.999999119933022,1,46.2865377159205
"K03346",1,1,-47.8469465644696
"K03328",0.947070080047479,1,78.262106364964
"K12556",1,1,-11.6279024450672
"K07138",0.318561043567958,1,106.128468908946
"K01207",0.345100946746267,1,105.055323167098
"K01920",1,1,-33.0771188428405
"K09777",1,1,-48.2950760249421
"K10040",0.853471788569776,1,85.2496819757811
"K03184",1,1,11.12001030465
"K11732",1,1,-12.1897967589407
"K07009",0.999999999177663,1,36.6854053902939
"K02054",0.975614446866033,1,74.0990782805245
"K03547",1,1,16.7736504305731
"K02069",0.885992287955081,1,83.3064893612445
"K01821",0.999996338231369,1,48.7904491626191
"K00068",0.999999697217239,1,44.5592303849664
"K04562",1,1,-2.93859494751348
"K06397",1,1,20.2600597213739
"K06015",0.998354734158529,1,63.4737474690472
"K01479",0.926696844103696,1,80.2642524403303
"K06133",0.999999999968078,1,33.2494738776136
"K10542",1,1,10.7496451000241
"K13527",1,1,-45.6252276104322
"K01304",0.999999999999898,1,28.2285592372988
"K19221",0.999999999999938,1,27.8470720394532
"K03827",4.31235294854812e-05,0.0134651392945891,165.3606378777
"K03668",0.999998884152194,1,46.687051142542
"K01641",0.999999999999976,1,27.1319811813154
"K07141",0.999999878773592,1,43.1648510230876
"K01715",0.999999999998945,1,30.1298859872885
"K00180",0.999999982005571,1,40.4849477363015
"K20490",0.999997052930019,1,48.393230800748
"K03475",0.998979158530595,1,61.9805816503012
"K01629",0.999665290411537,1,58.7921960595297
"K07282",0.955282945069051,1,77.2908559593603
"K03430",0.956174705376784,1,77.1775189633299
"K07341",0.999256425425547,1,61.0343418477838
"K19081",0.999999993268027,1,39.2087564318638
"K06283",1,1,2.88406735416046
"K00027",0.999999664198728,1,44.7217991840035
"K14162",1,1,-12.7043718701999
"K03609",1,1,-42.796999095187
"K01066",0.331472245106832,1,105.601228250405
"K15554",0.999999189870731,1,46.1482684800567
"K02300",0.99999156055119,1,50.376585733541
"K01751",1,1,14.5358803713639
"K02413",1,1,7.21608595643477
"K07749",0.999999999998712,1,30.3002632243194
"K03321",0.451706522906359,1,101.053435910424
"K09704",1,1,19.014465362076
"K07071",0.999999855344539,1,43.4281338854164
"K14998",0.99999999999914,1,29.9564896332687
"K07335",1,1,-3.54566820581374
"K00209",0.999981126933175,1,52.0016557323559
"K04568",1,1,-28.2351318372579
"K02081",0.943480403989839,1,78.6515252805863
"K00973",0.991230563150441,1,69.5228380404853
"K01677",1,1,20.0689787471522
"K00799",1,1,-16.8192989995073
"K02230",0.831767374522984,1,86.4024554400141
"K02071",0.999972579671228,1,52.7913238310964
"K09952",0.661481984917985,1,93.5817243663354
"K19745",0.974147400649129,1,74.3884867615188
"K03546",0.999999202772574,1,46.1215465745364
"K06383",1,1,5.73189983417035
"K11752",0.989947438251308,1,70.0867827353056
"K00034",0.927090607069698,1,80.2296389651938
"K00705",1,1,12.2783760592481
"K03311",0.734528271696654,1,90.7672616658791
"K01247",0.980339057625527,1,73.0614120727831
"K07736",1,1,-30.3619223160565
"K00831",0.999999999999771,1,28.8670421929917
"K01299",1,1,-8.23857179801382
"K17218",0.00299762004377163,0.360596058206646,143.233393206246
"K08776",1,1,-62.3532671741034
"K03667",1,1,-25.3519815789316
"K03451",0.99999139030063,1,50.4157239339992
"K15866",0.999979189670635,1,52.2059497530896
"K17074",1,1,-12.76482545915
"K02535",1,1,-53.7963829145177
"K08724",1,1,-46.588069426425
"K01523",0.999999999999975,1,27.1662948982053
"K00374",1,1,21.243814060775
"K06346",1,1,-71.1222314144988
"K07720",0.999999999226181,1,36.6162271040409
"K00121",0.0011248304477337,0.153351884374362,148.803688295968
"K06077",1,1,-4.48475897952767
"K09017",0.999999999999999,1,24.9831555421413
"K02566",1,1,7.68489854304266
"K15576",0.999968341325415,1,53.1015569191512
"K00879",0.999999936392541,1,42.2264639341358
"K02236",1,1,-12.573629083208
"K06020",1,1,-56.4911647347044
"K03811",0.982127901571247,1,72.6156625489808
"K11747",0.999999999983531,1,32.6085703517086
"K06877",0.999999999999927,1,27.966060881229
"K10206",1,1,21.6200957954068
"K21395",0.999999999999995,1,26.0460646556652
"K03800",0.996883348279338,1,65.617507763051
"K01278",1,1,-40.140430376701
"K11734",1,1,6.59083626420633
"K03338",0.967122352524512,1,75.6178493106634
"K00428",0.999999999999997,1,25.7061180320223
"K07552",0.905811802087459,1,81.9385178490543
"K03697",1,1,-17.2067707795359
"K14445",0.999999999999938,1,27.8439458701034
"K02824",0.993360917394432,1,68.4114883716758
"K07219",0.999999999881813,1,34.5731210325061
"K06181",1,1,-17.9381066570612
"K01443",0.999999979152726,1,40.6817664586641
"K02474",0.999991027337332,1,50.4968274957821
"K12503",1,1,-16.3868755202978
"K07127",0.000490435740629187,0.0771493145835914,153.26856068833
"K04044",1,1,-36.7697940412633
"K03518",1,1,7.84135316461595
"K03797",1,1,-50.995142173704
"K07458",0.999999993520903,1,39.1603756689765
"K02453",0.999996119238723,1,48.8977381596969
"K20116",1,1,19.5562950436879
"K07088",0.999999999826816,1,34.9743209881001
"K02858",1,1,16.7767458190119
"K10974",0.992072549985246,1,69.1140199520686
"K01531",0.997295011109802,1,65.1265138231125
"K08218",1,1,2.18527969440373
"K01838",1,1,20.3133180069289
"K00065",0.0155807349959415,1,132.86210459382
"K02189",1,1,8.96723441706081
"K10763",1,1,-54.9497888434838
"K01975",0.99999973843215,1,44.3311558866585
"K17836",0.373283923212586,1,103.956477885262
"K01206",0.999414446818367,1,60.342947340072
"K03299",0.5500579060533,1,97.5723978085687
"K00926",0.999999999999576,1,29.3656337015848
"K02221",1,1,-26.1872186699294
"K11071",0.999644990207817,1,58.9512208106745
"K07704",0.999990815826436,1,50.542700036065
"K20534",0.999991706722503,1,50.3423955198589
"K03313",1,1,15.5104166264929
"K03885",0.0932080780050041,1,119.127717170075
"K01488",0.995666328036651,1,66.79792006451
"K02666",1,1,-24.792153159613
"K02046",0.999994547289025,1,49.5348750385269
"K19416",1,1,-51.2875840407101
"K01449",1,1,6.36345063587305
"K01686",0.741000292768675,1,90.5040667895659
"K04750",0.699971624384842,1,92.1300374890059
"K02669",0.999998911890487,1,46.6442830857662
"K07496",1,1,22.4629014330693
"K03567",1,1,-53.6994169650149
"K06885",1,1,22.0149041405651
"K07503",1,1,-62.7898132351228
"K06042",1,1,12.5918696163199
"K08223",1,1,21.5165318086028
"K13787",1,1,-81.5068116327948
"K03617",1,1,-1.73395695800923
"K00290",1,1,21.2306503992362
"K03312",0.999995239064585,1,49.2788425848497
"K02500",0.193103139615662,1,112.046189994161
"K13052",1,1,0.962312153889627
"K00634",1,1,21.825267492598
"K03152",0.999999995571829,1,38.6845860428523
"K00174",1,1,7.08932220747909
"K05846",0.251073350235588,1,109.090652788435
"K14155",0.998548284800366,1,63.0738232864396
"K06871",0.999999987986368,1,39.9525033485838
"K17713",1,1,3.28947023964565
"K15371",1,1,4.71482063780326
"K00616",0.999999997711386,1,37.8809180343549
"K00161",1,1,16.4262250152132
"K00175",1,1,0.00790525266461373
"K01719",1,1,-20.2152232420503
"K05836",0.993352674687993,1,68.4163355600311
"K03498",1,1,18.6584251155415
"K09946",0.999954020746157,1,53.9244678936394
"K12960",0.999998612359372,1,47.0603923713717
"K01208",0.99999999750179,1,37.9860896994472
"K08992",1,1,-48.8810770846512
"K05805",1,1,12.452688036393
"K02034",0.999946089959156,1,54.2833005580097
"K00691",1,1,-0.733091826576299
"K02420",0.754561622271855,1,89.9429533322613
"K01816",0.745149323022714,1,90.3338252426051
"K01156",0.98395145176985,1,72.1224028011683
"K01429",0.999997204790664,1,48.2973568369973
"K07313",0.999979373954715,1,52.1872873746963
"K11263",1,1,4.67584369988577
"K22306",1,1,-13.976261087564
"K15770",0.999999110446737,1,46.3044947715462
"K17734",1,1,7.77343980230901
"K07862",0.999999997980565,1,37.7315289014672
"K07160",0.999999724778405,1,44.4102376097499
"K02195",1,1,-39.2329967369791
"K00768",1,1,16.8053947625261
"K03189",0.960450228425409,1,76.6084262088909
"K13010",0.999999996091163,1,38.5306378362963
"K00917",0.999992268734632,1,50.2055215461847
"K03737",1,1,-6.07528545900772
"K16087",0.574889321631681,1,96.697689125111
"K18955",1,1,-76.1376856105828
"K03410",1,1,15.1140346824521
"K03406",0.99922658273626,1,61.1499872970477
"K02048",0.999994590767596,1,49.5196971798474
"K03559",1,1,-47.0579352005291
"K09780",0.999999999999757,1,28.915022090091
"K07147",0.999999084873033,1,46.3520268350714
"K15984",0.999999180435876,1,46.1675587890689
"K11145",1,1,-55.5629687021422
"K03570",1,1,-41.811277036949
"K00243",1,1,-82.4289477109435
"K01200",0.97111722664112,1,74.9474026388708
"K07260",0.999999999909763,1,34.2939280227311
"K04565",0.988297523324401,1,70.7298418720937
"K08591",1,1,-58.6949803520479
"K07102",1,1,-21.9141312014642
"K07404",1,1,16.5806905453829
"K07442",1,1,-83.3371152507893
"K01421",0.999999999999995,1,26.0346814355462
"K07007",1,1,-55.1539903309042
"K01595",0.999999999971375,1,33.1426491745303
"K02756",0.997049693186715,1,65.4262831824543
"K02019",0.999999999999749,1,28.9404442815734
"K01495",1,1,11.0751064837252
"K18893",0.999999999524414,1,36.0696262747966
"K06953",1,1,23.1409743656142
"K06191",1,1,-17.3868850099698
"K02032",0.994941767182682,1,67.3709313375315
"K01768",1,1,8.88614727026294
"K14187",1,1,-33.5193404704445
"K07667",0.00056003060174978,0.0818044700413071,152.568393795923
"K21416",0.999953251446912,1,53.9616589814724
"K06076",1,1,0.924019283968619
"K07464",0.695270265069364,1,92.3106359805214
"K04083",1,1,-82.6475102352488
"K06393",1,1,-6.39663966251587
"K07484",0.997295307396408,1,65.1261377724709
"K04072",1,1,1.41029940176645
"K03829",0.613898337560451,1,95.311653866706
"K15771",0.979547251546391,1,73.2483381721684
"K07149",1,1,23.403723226553
"K03577",0.999995319617647,1,49.2468151690135
"K00895",1,1,-53.0275714257703
"K03600",1,1,-71.9869083908678
"K03150",0.999999999977123,1,32.924525015853
"K01356",1,1,-29.2140959377155
"K06200",0.590719628841532,1,96.1375708831783
"K11710",0.999797687974925,1,57.4702856977677
"K03484",0.999629300265697,1,59.068633835111
"K12143",1,1,5.64563875206164
"K06149",1,1,-23.0027822802202
"K07091",1,1,-111.034688769009
"K13015",1,1,14.7934692457625
"K00041",0.648796547244209,1,94.0486576227123
"K00548",0.999999557421788,1,45.1605599629546
"K00407",0.999999999800514,1,35.1245645195677
"K18331",1,1,-0.583044072994085
"K07119",0.989432993808091,1,70.2961324924115
"K07652",1,1,-18.1211649268377
"K07497",0.0746126321742494,1,121.060632459915
"K06131",1,1,-1.12944498861037
"K07305",0.999999999910994,1,34.2798110376802
"K00836",0.847047639154369,1,85.6008806445962
"K13529",0.974768109505368,1,74.2676683577964
"K00556",1,1,-74.7656104087642
"K01845",0.747391764758879,1,90.241301531502
"K04070",1,1,-19.3906130696033
"K01620",0.99828830910365,1,63.6015147926631
"K02598",0.999998362968424,1,47.3470783832469
"K03154",0.99998613226279,1,51.3675151888833
"K21572",1,1,-41.9790528716273
"K11936",0.992871455099785,1,68.6908971526806
"K19267",0.012674577248834,0.935436004456568,134.249503863695
"K03839",1,1,-2.4908972516771
"K07584",1,1,-64.4666807336196
"K05786",0.0120502026392674,0.935436004456568,134.584502694169
"K06902",0.999999985226355,1,40.2236090308198
"K06186",1,1,-71.8478077300731
"K06408",0.999732774301432,1,58.1927707119624
"K16291",1,1,7.52237704084527
"K12308",0.198983866432211,1,111.722066954111
"K04764",1,1,-72.3219029259633
"K11748",0.999973640465708,1,52.7067948089492
"K21575",1,1,-15.5210071368222
"K09765",0.997976112157314,1,64.1494395617457
"K10831",0.999985960568773,1,51.3925454888453
"K16787",1,1,8.96452404880847
"K07407",0.998085775176101,1,63.9659605223236
"K07000",1,1,-13.8846094963679
"K07340",0.99969931499323,1,58.5051184176884
"K09771",0.0057161217259279,0.556641377596312,139.34728242844
"K02053",0.967794895241528,1,75.5096009115845
"K10005",1,1,-27.6358161780158
"K06603",0.999999999552321,1,36.0025988358695
"K03644",0.999999999999541,1,29.4315277983885
"K03502",0.946309027102138,1,78.3462638076077
"K13641",0.999999999898652,1,34.4136621075908
"K19804",1,1,-71.8316493631827
"K00573",1,1,-1.61713175969805
"K01119",0.993102063941148,1,68.5613404885681
"K00883",0.999999999999976,1,27.1183467096874
"K04760",1,1,-41.0963776136857
"K00595",1,1,23.8784006378246
"K01647",0.988899541920734,1,70.5044652286285
"K19117",0.348405571398168,1,104.924475391339
"K01997",1,1,9.08146402309762
"K03453",0.435417743125397,1,101.642300038703
"K01627",1,1,-5.68077571436476
"K01118",0.709905290646531,1,91.7449498330085
"K17103",1,1,-17.2192527401554
"K07343",0.618225072221026,1,95.1565017295232
"K18889",0.997030626608437,1,65.4486675045545
"K00658",1,1,5.95567121620348
"K08483",1,1,17.7947817272839
"K12510",1,1,-27.9290578056708
"K07792",0.999999999416634,1,36.297453251304
"K07768",1,1,-48.6186167368658
"K03561",1,1,-48.0525210397228
"K19350",0.999999999988668,1,32.2544442086173
"K07727",0.927285561762146,1,80.2124523861951
"K07775",1,1,-24.3907665275432
"K10979",0.0166169813684283,1,132.423045640533
"K18682",1,1,-92.580176584796
"K00349",1,1,-7.93594406272277
"K11735",1,1,-4.23202362108884
"K14215",1,1,-27.7259507333928
"K07001",0.998053752243261,1,64.0204672688866
"K06948",1,1,-76.3855566070364
"K01998",1,1,4.17102317655576
"K12940",0.999993907600815,1,49.7460913648286
"K02614",0.999999999974053,1,33.0467933830311
"K09857",1,1,-26.1835994382553
"K05570",0.999999999999947,1,27.7244071383606
"K11895",0.714174138597427,1,91.5779179190397
"K03491",0.999999999999999,1,24.8201859690703
"K00013",0.123450768279604,1,116.551024490033
"K11788",1,1,-21.5148668294695
"K01243",1,1,-19.8648829452171
"K13730",0.999983003853115,1,51.7843934883123
"K01926",1,1,-62.0561284690763
"K04761",1,1,23.2143355661639
"K00389",0.999859667746911,1,56.5496838091827
"K01198",0.462143071597625,1,100.678934991701
"K02240",1,1,-60.7363630660914
"K03583",1,1,-32.0910223348318
"K04063",1,1,0.826654893411046
"K15532",0.939341574457429,1,79.0785410963606
"K12511",1,1,16.8480005526274
"K06298",1,1,-28.7332733558908
"K01496",0.967135082260298,1,75.6158164623339
"K09022",0.99999619141325,1,48.863014145046
"K01963",1,1,-0.269287897038339
"K09902",1,1,-69.2553559932243
"K06888",0.99999582031015,1,49.0354462078033
"K03270",1,1,-57.914765864503
"K13421",1,1,-53.8194967809488
"K10540",1,1,11.8980676587898
"K06179",1,1,-64.3284737290999
"K01814",0.23642051755258,1,109.792989921496
"K00033",0.999999998651862,1,37.2553324944089
"K03784",0.999999998530963,1,37.3557515710525
"K02242",1,1,13.2417710644535
"K02400",0.567103707364251,1,96.9723344285467
"K18930",0.988484742513028,1,70.6608014210756
"K15580",0.999999144828608,1,46.2385362649297
"K06919",0.73054136578262,1,90.9280254271354
"K03582",1,1,-49.4826686577758
"K06048",0.999999999983522,1,32.6090498235723
"K02198",1,1,-23.1797842253942
"K02315",0.999999986581925,1,40.0970712161487
"K00029",1,1,-29.1882274960901
"K00031",0.380957427989835,1,103.663430108322
"K14048",0.999514393530351,1,59.8137685690955
"K06221",0.459707410849408,1,100.766159193258
"K02803",0.888424322506821,1,83.1475841077723
"K02045",0.958781538387071,1,76.8358606532439
"K10111",0.999999999953887,1,33.6136904550714
"K13896",1,1,-35.4819020352453
"K20859",1,1,8.07265032918724
"K09809",0.944458571151439,1,78.5472654333129
"K07670",1,1,-45.5375507244085
"K05499",0.89038249446054,1,83.0179821572951
"K12574",1,1,-81.8348976694462
"K07588",1,1,-20.414400599306
"K03412",0.997030355565739,1,65.4489848141176
"K09781",0.962504977370631,1,76.3180605801926
"K02188",1,1,23.6564963291544
"K02243",1,1,-39.4794908195058
"K06212",0.999581594926658,1,59.400109321245
"K02245",1,1,-44.0377585496423
"K10716",0.795774218116331,1,88.140215857865
"K02008",0.998852768019053,1,62.3379229611744
"K08972",1,1,-21.4261917025906
"K11535",0.999999997785658,1,37.8414401770768
