disease,dataset,datasize,test_study,auc,f1,mcc,acc,confusion_matrix
CRC,1,8w,PRJNA318004,0.7851648351648352,0.6577894088669951,0.33573313069410743,0.6578947368421053,[[77 53] [25 73]]
CRC,1,8w,PRJDB11845,0.725,0.42182333490788854,0.16179581148900182,0.5294117647058824,[[49  1] [47  5]]
CRC,1,8w,PRJNA290926,0.7478769230769231,0.6037953248022904,0.38939867285348934,0.6509803921568628,[[127   3] [ 86  39]]
CRC,1,8w,PRJNA824020,0.752913752913753,0.6118421052631579,0.31481898828944727,0.6610169491525424,[[30  3] [17  9]]
CRC,1,8w,PRJEB6070,0.8170731707317074,0.6510822510822512,0.39476624817171696,0.6593406593406593,[[23 27] [ 4 37]]
CRC,1,8w,PRJNA430990,0.7740429505135387,0.7324046920821115,0.4871064118245594,0.863013698630137,[[114   5] [ 15  12]]
CRC,1,8w,PRJEB36789,0.8810073048827374,0.7273675518275458,0.5189636370814894,0.7320261437908496,[[66 36] [ 5 46]]
CRC,1,16w,PRJNA318004,0.7732339089481948,0.6654051131536263,0.3392048255795269,0.6666666666666666,[[83 47] [29 69]]
CRC,1,16w,PRJDB11845,0.8365384615384616,0.584021750496706,0.30527848465778457,0.6176470588235294,[[46  4] [35 17]]
CRC,1,16w,PRJNA290926,0.7480615384615384,0.6037953248022904,0.38939867285348934,0.6509803921568628,[[127   3] [ 86  39]]
CRC,1,16w,PRJNA824020,0.7645687645687645,0.6361570918532944,0.3518084811104581,0.6779661016949152,[[30  3] [16 10]]
CRC,1,16w,PRJEB6070,0.835609756097561,0.7114634146341463,0.48187058002213,0.7142857142857143,[[28 22] [ 4 37]]
CRC,1,16w,PRJNA430990,0.8135698723934018,0.6750397456279809,0.4295873850528347,0.8561643835616438,[[117   2] [ 19   8]]
CRC,1,16w,PRJEB36789,0.9009996155324875,0.7630530973451327,0.5777916225298083,0.8169934640522876,[[99  3] [25 26]]
CRC,1,4w,PRJNA318004,0.7687598116169545,0.6692136570267917,0.3442951225347539,0.6710526315789473,[[85 45] [30 68]]
CRC,1,4w,PRJDB11845,0.7653846153846153,0.6541702993315897,0.3239190779097843,0.6568627450980392,[[38 12] [23 29]]
CRC,1,4w,PRJNA290926,0.7027076923076924,0.4844591402928673,0.2683287672469022,0.5803921568627451,[[129   1] [106  19]]
CRC,1,4w,PRJNA824020,0.7377622377622378,0.6003565062388592,0.4133497165423976,0.6779661016949152,[[33  0] [19  7]]
CRC,1,4w,PRJEB6070,0.8297560975609756,0.5589285714285713,0.2672660160314397,0.5824175824175825,[[16 34] [ 4 37]]
CRC,1,4w,PRJNA430990,0.8032990974167444,0.766025641025641,0.5327844981851296,0.863013698630137,[[110   9] [ 11  16]]
CRC,1,4w,PRJEB36789,0.8815840061514801,0.7546226415094341,0.5104656101507404,0.7777777777777778,[[83 19] [15 36]]
CRC,1,2k,PRJNA318004,0.6449764521193093,0.624443314692425,0.2604598055449407,0.6447368421052632,[[100  30] [ 51  47]]
CRC,1,2k,PRJDB11845,0.7896153846153846,0.6941223510595762,0.43591825526665573,0.7058823529411765,[[26 24] [ 6 46]]
CRC,1,2k,PRJNA290926,0.6366769230769231,0.4290755919854281,0.11012054927957894,0.5372549019607843,[[124   6] [112  13]]
CRC,1,2k,PRJNA824020,0.6480186480186481,0.5986394557823129,0.20050623970159606,0.6101694915254238,[[23 10] [13 13]]
CRC,1,2k,PRJEB6070,0.7151219512195123,0.3546099290780142,0.0,0.5494505494505495,[[50  0] [41  0]]
CRC,1,2k,PRJNA430990,0.7127295362589479,0.6197916666666667,0.2497412136824446,0.7397260273972602,[[95 24] [14 13]]
CRC,1,2k,PRJEB36789,0.7437524029219531,0.5850981404958677,0.3314967720658979,0.7254901960784313,[[100   2] [ 40  11]]
CRC,1,2w,PRJNA318004,0.747331240188383,0.6675209898365002,0.42090829000194335,0.7105263157894737,[[122   8] [ 58  40]]
CRC,1,2w,PRJDB11845,0.7865384615384614,0.6099224806201551,0.34138133125161396,0.6372549019607843,[[46  4] [33 19]]
CRC,1,2w,PRJNA290926,0.7500923076923076,0.6395010395010394,0.3807498052542948,0.6666666666666666,[[120  10] [ 75  50]]
CRC,1,2w,PRJNA824020,0.6841491841491842,0.5868347338935574,0.3464815675719615,0.6610169491525424,[[32  1] [19  7]]
CRC,1,2w,PRJEB6070,0.8219512195121952,0.7467634603750756,0.5247468548745434,0.7472527472527473,[[32 18] [ 5 36]]
CRC,1,2w,PRJNA430990,0.8266417678182385,0.27507447864945384,0.15512630699850574,0.2808219178082192,[[ 14 105] [  0  27]]
CRC,1,2w,PRJEB36789,0.8983083429450212,0.6725371491469455,0.4733646312031287,0.7712418300653595,[[101   1] [ 34  17]]
CRC,1,1w,PRJNA318004,0.754552590266876,0.6704846955283763,0.40090661158593016,0.706140350877193,[[118  12] [ 55  43]]
CRC,1,1w,PRJDB11845,0.7538461538461538,0.5887096774193549,0.25161196972438193,0.6078431372549019,[[42  8] [32 20]]
CRC,1,1w,PRJNA290926,0.7249846153846154,0.6436695697387235,0.35346178026733743,0.6627450980392157,[[114  16] [ 70  55]]
CRC,1,1w,PRJNA824020,0.7948717948717949,0.6653319986653319,0.45166140213642386,0.711864406779661,[[32  1] [16 10]]
CRC,1,1w,PRJEB6070,0.8156097560975609,0.7247428917120387,0.4797826705114705,0.7252747252747253,[[31 19] [ 6 35]]
CRC,1,1w,PRJNA430990,0.7357609710550888,0.6758879781420765,0.35776308837076787,0.821917808219178,[[109  10] [ 16  11]]
CRC,1,1w,PRJEB36789,0.9102268358323722,0.7857039362472833,0.57149098133529,0.8104575163398693,[[88 14] [15 36]]
CRC,1,5k,PRJNA318004,0.69850863422292,0.6125490196078431,0.28820191922879246,0.6578947368421053,[[114  16] [ 62  36]]
CRC,1,5k,PRJDB11845,0.6753846153846154,0.5835905605894653,0.22155378523951694,0.5980392156862745,[[40 10] [31 21]]
CRC,1,5k,PRJNA290926,0.6839384615384615,0.508888888888889,0.2834588088613057,0.592156862745098,[[128   2] [102  23]]
CRC,1,5k,PRJNA824020,0.6095571095571095,0.48546511627906974,0.15315556545621234,0.5932203389830508,[[31  2] [22  4]]
CRC,1,5k,PRJEB6070,0.797560975609756,0.5773993808049536,0.33876628256260166,0.6043956043956044,[[16 34] [ 2 39]]
CRC,1,5k,PRJNA430990,0.7164643635231871,0.4415758271179958,0.17716122820300356,0.4520547945205479,[[43 76] [ 4 23]]
CRC,1,5k,PRJEB36789,0.8660130718954249,0.7438961038961038,0.5718696387472675,0.8104575163398693,[[101   1] [ 28  23]]
CRC,1,1k,PRJNA318004,0.6267660910518054,0.37919084683297116,-0.009021043340719289,0.5657894736842105,[[127   3] [ 96   2]]
CRC,1,1k,PRJDB11845,0.5880769230769232,0.3289473684210526,0.0,0.49019607843137253,[[50  0] [52  0]]
CRC,1,1k,PRJNA290926,0.590276923076923,0.42895752895752903,0.15493174675916538,0.5450980392156862,[[127   3] [113  12]]
CRC,1,1k,PRJNA824020,0.7086247086247086,0.42156862745098045,-0.05239477363283321,0.5254237288135594,[[28  5] [23  3]]
CRC,1,1k,PRJEB6070,0.7395121951219512,0.3546099290780142,0.0,0.5494505494505495,[[50  0] [41  0]]
CRC,1,1k,PRJNA430990,0.6616868969810146,0.4495824385588165,0.20913261606497444,0.4589041095890411,[[43 76] [ 3 24]]
CRC,1,1k,PRJEB36789,0.7970011534025375,0.5347699629825489,0.2325882867634668,0.6993464052287581,[[99  3] [43  8]]
CRC,2,8w,PRJNA318004,0.7787284144427001,0.6830153703560671,0.37464877619003656,0.6842105263157895,[[85 45] [27 71]]
CRC,2,8w,PRJDB11845,0.8350000000000001,0.46347165400350676,0.2661770133372711,0.5588235294117647,[[50  0] [45  7]]
CRC,2,8w,PRJNA290926,0.7492923076923077,0.5981017091622304,0.38230967099981533,0.6470588235294118,[[127   3] [ 87  38]]
CRC,2,8w,PRJNA824020,0.6923076923076924,0.5455182072829131,0.24676248227076286,0.6271186440677966,[[31  2] [20  6]]
CRC,2,8w,PRJEB6070,0.8400000000000001,0.3106060606060606,0.0,0.45054945054945056,[[ 0 50] [ 0 41]]
CRC,2,8w,PRJNA430990,0.7852474323062557,0.5589583333333333,0.26462806201248157,0.6027397260273972,[[67 52] [ 6 21]]
CRC,2,8w,PRJEB36789,0.8904267589388697,0.7462686567164178,0.49322002520781055,0.7712418300653595,[[83 19] [16 35]]
CRC,2,16w,PRJNA318004,0.7748037676609106,0.6918204989572874,0.39237075149529144,0.6929824561403509,[[86 44] [26 72]]
CRC,2,16w,PRJDB11845,0.7923076923076924,0.5111630625365283,0.3172462155650128,0.5980392156862745,[[ 9 41] [ 0 52]]
CRC,2,16w,PRJNA290926,0.7323692307692309,0.6029411764705882,0.3691887949279695,0.6470588235294118,[[125   5] [ 85  40]]
CRC,2,16w,PRJNA824020,0.7389277389277389,0.558288770053476,0.30777554651641725,0.6440677966101694,[[32  1] [20  6]]
CRC,2,16w,PRJEB6070,0.8224390243902439,0.6053571428571429,0.37393797857030375,0.6263736263736264,[[18 32] [ 2 39]]
CRC,2,16w,PRJNA430990,0.7855586679116091,0.7188608492956319,0.4997812355786646,0.8698630136986302,[[117   2] [ 17  10]]
CRC,2,16w,PRJEB36789,0.9046520569011919,0.7897463002114165,0.6051634161865347,0.8300653594771242,[[97  5] [21 30]]
CRC,2,4w,PRJNA318004,0.7721350078492936,0.6527003837032181,0.3537242558475904,0.6535087719298246,[[69 61] [18 80]]
CRC,2,4w,PRJDB11845,0.7719230769230769,0.6559523809523811,0.3671326750629819,0.6666666666666666,[[43  7] [27 25]]
CRC,2,4w,PRJNA290926,0.7350153846153846,0.5284780578898227,0.30798226643587695,0.6039215686274509,[[128   2] [ 99  26]]
CRC,2,4w,PRJNA824020,0.682983682983683,0.5162210338680927,0.20220137649043693,0.6101694915254238,[[31  2] [21  5]]
CRC,2,4w,PRJEB6070,0.804390243902439,0.7240751970891449,0.48890120703870477,0.7252747252747253,[[30 20] [ 5 36]]
CRC,2,4w,PRJNA430990,0.7939620292561469,0.4490566037735849,0.0,0.815068493150685,[[119   0] [ 27   0]]
CRC,2,4w,PRJEB36789,0.8660130718954249,0.6535947712418301,0.47058823529411764,0.6535947712418301,[[50 52] [ 1 50]]
CRC,2,2k,PRJNA318004,0.6852433281004711,0.5167443832132259,0.24429486862971883,0.6271929824561403,[[126   4] [ 81  17]]
CRC,2,2k,PRJDB11845,0.6015384615384616,0.5356001162452775,0.08392092333255913,0.5392156862745098,[[32 18] [29 23]]
CRC,2,2k,PRJNA290926,0.6351384615384615,0.44277777777777777,0.0987967746213675,0.5372549019607843,[[121   9] [109  16]]
CRC,2,2k,PRJNA824020,0.627039627039627,0.5078411745078412,0.1010295241620948,0.576271186440678,[[28  5] [20  6]]
CRC,2,2k,PRJEB6070,0.6853658536585366,0.3546099290780142,0.0,0.5494505494505495,[[50  0] [41  0]]
CRC,2,2k,PRJNA430990,0.6302521008403361,0.4490566037735849,0.0,0.815068493150685,[[119   0] [ 27   0]]
CRC,2,2k,PRJEB36789,0.8294886582083814,0.7128857381150959,0.44252621407075415,0.7647058823529411,[[91 11] [25 26]]
CRC,2,2w,PRJNA318004,0.773469387755102,0.5565258812321372,0.24268656381508677,0.5701754385964912,[[45 85] [13 85]]
CRC,2,2w,PRJDB11845,0.7461538461538462,0.5367647058823528,0.2611746720153499,0.5882352941176471,[[47  3] [39 13]]
CRC,2,2w,PRJNA290926,0.7567384615384615,0.6094402673350042,0.3964317930455126,0.6549019607843137,[[127   3] [ 85  40]]
CRC,2,2w,PRJNA824020,0.7564102564102564,0.6141135972461274,0.3830249426709789,0.6779661016949152,[[32  1] [18  8]]
CRC,2,2w,PRJEB6070,0.7995121951219513,0.5333333333333334,0.28324257903672473,0.5714285714285714,[[13 37] [ 2 39]]
CRC,2,2w,PRJNA430990,0.7802676626206038,0.6903499469777307,0.3925420066422479,0.8356164383561644,[[111   8] [ 16  11]]
CRC,2,2w,PRJEB36789,0.889273356401384,0.7447873227689741,0.5072861478372059,0.7908496732026143,[[93  9] [23 28]]
CRC,2,1w,PRJNA318004,0.6760596546310832,0.5555137991779213,0.24717303632418863,0.6359649122807017,[[121   9] [ 74  24]]
CRC,2,1w,PRJDB11845,0.6765384615384616,0.597071008767704,0.19517921597917515,0.5980392156862745,[[28 22] [19 33]]
CRC,2,1w,PRJNA290926,0.6970461538461539,0.5565217391304348,0.28887822022102666,0.611764705882353,[[123   7] [ 92  33]]
CRC,2,1w,PRJNA824020,0.7296037296037297,0.6596153846153846,0.38764210332006027,0.6949152542372882,[[30  3] [15 11]]
CRC,2,1w,PRJEB6070,0.7980487804878049,0.7582125603864734,0.5349649241866192,0.7582417582417582,[[34 16] [ 6 35]]
CRC,2,1w,PRJNA430990,0.7846249610955494,0.6305830583058306,0.3686377279074157,0.684931506849315,[[78 41] [ 5 22]]
CRC,2,1w,PRJEB36789,0.8787004998077663,0.7352941176470589,0.47058823529411764,0.7647058823529411,[[84 18] [18 33]]
CRC,2,5k,PRJNA318004,0.757221350078493,0.7033567525370804,0.41160190729441354,0.7149122807017544,[[104  26] [ 39  59]]
CRC,2,5k,PRJDB11845,0.7892307692307693,0.6470588235294119,0.3427660986126889,0.6568627450980392,[[42  8] [27 25]]
CRC,2,5k,PRJNA290926,0.7432615384615384,0.6547989711655611,0.44503872126023253,0.6862745098039216,[[126   4] [ 76  49]]
CRC,2,5k,PRJNA824020,0.7226107226107226,0.6822933164396578,0.4225825002115686,0.711864406779661,[[30  3] [14 12]]
CRC,2,5k,PRJEB6070,0.8682926829268293,0.7691192461036607,0.5610675074957376,0.7692307692307693,[[34 16] [ 5 36]]
CRC,2,5k,PRJNA430990,0.775599128540305,0.7188608492956319,0.4997812355786646,0.8698630136986302,[[117   2] [ 17  10]]
CRC,2,5k,PRJEB36789,0.8704344482891195,0.8098762764060727,0.6590909090909091,0.8496732026143791,[[100   2] [ 21  30]]
CRC,2,1k,PRJNA318004,0.6886185243328101,0.4940029424232601,0.1830195880493273,0.6096491228070176,[[124   6] [ 83  15]]
CRC,2,1k,PRJDB11845,0.6034615384615385,0.5979503350413875,0.23574758339572235,0.6078431372549019,[[39 11] [29 23]]
CRC,2,1k,PRJNA290926,0.5801846153846155,0.526996540833208,0.14163921674942698,0.5647058823529412,[[108  22] [ 89  36]]
CRC,2,1k,PRJNA824020,0.5221445221445222,0.358695652173913,0.0,0.559322033898305,[[33  0] [26  0]]
CRC,2,1k,PRJEB6070,0.7,0.3546099290780142,0.0,0.5494505494505495,[[50  0] [41  0]]
CRC,2,1k,PRJNA430990,0.6563958916900093,0.5828571428571427,0.1874494916563509,0.7945205479452054,[[110   9] [ 21   6]]
CRC,2,1k,PRJEB36789,0.7414455978469819,0.510706340378198,0.24330567536209485,0.6993464052287581,[[101   1] [ 45   6]]
CRC,5,8w,PRJNA318004,0.7748037676609106,0.6994416873449132,0.40281691541718195,0.7017543859649122,[[90 40] [28 70]]
CRC,5,8w,PRJDB11845,0.7638461538461538,0.5062478892266127,0.2776989906795157,0.5784313725490197,[[49  1] [42 10]]
CRC,5,8w,PRJNA290926,0.7478769230769232,0.6172954510169228,0.3968285726858871,0.6588235294117647,[[126   4] [ 83  42]]
CRC,5,8w,PRJNA824020,0.7132867132867132,0.6141135972461274,0.3830249426709789,0.6779661016949152,[[32  1] [18  8]]
CRC,5,8w,PRJEB6070,0.8165853658536585,0.641025641025641,0.36442403604699364,0.6483516483516484,[[23 27] [ 5 36]]
CRC,5,8w,PRJNA430990,0.810146280734516,0.7348668280871671,0.4703532650694747,0.8356164383561644,[[106  13] [ 11  16]]
CRC,5,8w,PRJEB36789,0.883121876201461,0.7501088850174216,0.5404084085364719,0.803921568627451,[[97  5] [25 26]]
CRC,5,16w,PRJNA318004,0.8018053375196234,0.696896133171493,0.40815745059145403,0.6973684210526315,[[84 46] [23 75]]
CRC,5,16w,PRJDB11845,0.8065384615384615,0.7546897546897546,0.5095248106964598,0.7549019607843137,[[37 13] [12 40]]
CRC,5,16w,PRJNA290926,0.7578461538461538,0.598751790102721,0.4047261328328203,0.6509803921568628,[[129   1] [ 88  37]]
CRC,5,16w,PRJNA824020,0.7097902097902098,0.6281512605042017,0.44620065287316024,0.6949152542372882,[[33  0] [18  8]]
CRC,5,16w,PRJEB6070,0.8292682926829268,0.5958634691029057,0.33872069218911494,0.6153846153846154,[[18 32] [ 3 38]]
CRC,5,16w,PRJNA430990,0.8017429193899782,0.1560693641618497,0.0,0.18493150684931506,[[  0 119] [  0  27]]
CRC,5,16w,PRJEB36789,0.9165705497885429,0.783427700348432,0.609396716009213,0.8300653594771242,[[99  3] [23 28]]
CRC,5,4w,PRJNA318004,0.7794348508634223,0.6972228102927308,0.41429425670970116,0.6973684210526315,[[82 48] [21 77]]
CRC,5,4w,PRJDB11845,0.7876923076923077,0.6739319965126417,0.3543190352140536,0.6764705882352942,[[30 20] [13 39]]
CRC,5,4w,PRJNA290926,0.7611692307692308,0.6029411764705882,0.3691887949279695,0.6470588235294118,[[125   5] [ 85  40]]
CRC,5,4w,PRJNA824020,0.6923076923076923,0.5083333333333333,0.3038218101251,0.6271186440677966,[[33  0] [22  4]]
CRC,5,4w,PRJEB6070,0.8346341463414634,0.5958634691029057,0.33872069218911494,0.6153846153846154,[[18 32] [ 3 38]]
CRC,5,4w,PRJNA430990,0.8101462807345161,0.7775238095238095,0.5941870298151419,0.8904109589041096,[[117   2] [ 14  13]]
CRC,5,4w,PRJEB36789,0.8994617454825067,0.767123287671233,0.5556623828915215,0.8104575163398693,[[95  7] [22 29]]
CRC,5,2k,PRJNA318004,0.7214285714285713,0.40644732469258893,0.15390921560202406,0.5877192982456141,[[130   0] [ 94   4]]
CRC,5,2k,PRJDB11845,0.5626923076923077,0.4035087719298246,0.044109333638747784,0.5196078431372549,[[ 4 46] [ 3 49]]
CRC,5,2k,PRJNA290926,0.6546461538461539,0.5255727418648767,0.2911820338405681,0.6,[[127   3] [ 99  26]]
CRC,5,2k,PRJNA824020,0.6142191142191142,0.5563909774436091,0.14967869130392214,0.5932203389830508,[[26  7] [17  9]]
CRC,5,2k,PRJEB6070,0.7448780487804878,0.3546099290780142,0.0,0.5494505494505495,[[50  0] [41  0]]
CRC,5,2k,PRJNA430990,0.7338935574229692,0.6645457758925416,0.3401073012719202,0.821917808219178,[[110   9] [ 17  10]]
CRC,5,2k,PRJEB36789,0.8102652825836217,0.766043506141173,0.5341830052865181,0.7973856209150327,[[89 13] [18 33]]
CRC,5,2w,PRJNA318004,0.7400313971742543,0.6771929824561405,0.3726352940706805,0.6973684210526315,[[108  22] [ 47  51]]
CRC,5,2w,PRJDB11845,0.7253846153846153,0.6015625,0.3127587686017422,0.6274509803921569,[[45  5] [33 19]]
CRC,5,2w,PRJNA290926,0.7179692307692309,0.606301216470708,0.34091419893693875,0.6431372549019608,[[121   9] [ 82  43]]
CRC,5,2w,PRJNA824020,0.7132867132867133,0.6402439024390244,0.4179531540382884,0.6949152542372882,[[32  1] [17  9]]
CRC,5,2w,PRJEB6070,0.8073170731707318,0.3106060606060606,0.0,0.45054945054945056,[[ 0 50] [ 0 41]]
CRC,5,2w,PRJNA430990,0.7852474323062558,0.7591642228739004,0.5421083732525452,0.8767123287671232,[[115   4] [ 14  13]]
CRC,5,2w,PRJEB36789,0.8827374086889659,0.7538610038610039,0.5393598899705937,0.803921568627451,[[96  6] [24 27]]
CRC,5,1w,PRJNA318004,0.7505494505494505,0.6495631119065164,0.33524727965068934,0.6798245614035088,[[111  19] [ 54  44]]
CRC,5,1w,PRJDB11845,0.7607692307692308,0.6533386645341863,0.35138657838985177,0.6666666666666666,[[24 26] [ 8 44]]
CRC,5,1w,PRJNA290926,0.7130461538461539,0.5284780578898227,0.30798226643587695,0.6039215686274509,[[128   2] [ 99  26]]
CRC,5,1w,PRJNA824020,0.7342657342657343,0.6672932330827068,0.3800537205282197,0.6949152542372882,[[29  4] [14 12]]
CRC,5,1w,PRJEB6070,0.8351219512195123,0.6735930735930735,0.44311581557902013,0.6813186813186813,[[24 26] [ 3 38]]
CRC,5,1w,PRJNA430990,0.8123249299719888,0.7775238095238095,0.5941870298151419,0.8904109589041096,[[117   2] [ 14  13]]
CRC,5,1w,PRJEB36789,0.9277201076509035,0.831365139348134,0.6864064729836442,0.8627450980392157,[[99  3] [18 33]]
CRC,5,5k,PRJNA318004,0.7164835164835165,0.6309125180175186,0.34599576104478263,0.6798245614035088,[[119  11] [ 62  36]]
CRC,5,5k,PRJDB11845,0.6684615384615386,0.5856866537717602,0.18283482006601323,0.5882352941176471,[[34 16] [26 26]]
CRC,5,5k,PRJNA290926,0.6854769230769229,0.5022216438305229,0.2749807004398411,0.5882352941176471,[[128   2] [103  22]]
CRC,5,5k,PRJNA824020,0.6223776223776223,0.4953947368421053,0.060376244329483034,0.559322033898305,[[27  6] [20  6]]
CRC,5,5k,PRJEB6070,0.7921951219512194,0.612862862862863,0.34148508260684607,0.6263736263736264,[[20 30] [ 4 37]]
CRC,5,5k,PRJNA430990,0.7320261437908496,0.49069767441860457,0.2495252369350894,0.5068493150684932,[[50 69] [ 3 24]]
CRC,5,5k,PRJEB36789,0.8475586312956555,0.7667682926829269,0.5749025622728424,0.8169934640522876,[[98  4] [24 27]]
CRC,5,1k,PRJNA318004,0.7322605965463108,0.6608126122993103,0.3290622006347964,0.6622807017543859,[[83 47] [30 68]]
CRC,5,1k,PRJDB11845,0.6726923076923077,0.34999375234287144,0.09757142403137059,0.5,[[50  0] [51  1]]
CRC,5,1k,PRJNA290926,0.6884307692307692,0.6009118127381601,0.3333974297349129,0.6392156862745098,[[121   9] [ 83  42]]
CRC,5,1k,PRJNA824020,0.6713286713286712,0.6640695235241234,0.33838643244561745,0.6779661016949152,[[26  7] [12 14]]
CRC,5,1k,PRJEB6070,0.7117073170731707,0.4340796019900498,0.0701334384369672,0.5604395604395604,[[47  3] [37  4]]
CRC,5,1k,PRJNA430990,0.7594148770619359,0.4490566037735849,0.0,0.815068493150685,[[119   0] [ 27   0]]
CRC,5,1k,PRJEB36789,0.6532103037293349,0.5493372606774668,0.10382904420501732,0.5816993464052288,[[65 37] [27 24]]
CRC,3,8w,PRJNA318004,0.7731554160125588,0.6882051282051281,0.42862729873811645,0.7192982456140351,[[118  12] [ 52  46]]
CRC,3,8w,PRJDB11845,0.7892307692307693,0.48328267477203657,0.21447288119444738,0.5588235294117647,[[48  2] [43  9]]
CRC,3,8w,PRJNA290926,0.7766153846153846,0.6336206896551724,0.41772979144306466,0.6705882352941176,[[126   4] [ 80  45]]
CRC,3,8w,PRJNA824020,0.7365967365967366,0.71967057332911,0.5009861716344697,0.7457627118644068,[[31  2] [13 13]]
CRC,3,8w,PRJEB6070,0.8204878048780488,0.3106060606060606,0.0,0.45054945054945056,[[ 0 50] [ 0 41]]
CRC,3,8w,PRJNA430990,0.876750700280112,0.758818384996599,0.5638718143279018,0.8835616438356164,[[117   2] [ 15  12]]
CRC,3,8w,PRJEB36789,0.9111880046136102,0.8300410528857765,0.6601706163700763,0.8496732026143791,[[91 11] [12 39]]
CRC,3,16w,PRJNA318004,0.7675824175824176,0.711278195488722,0.42358767660519625,0.7192982456140351,[[101  29] [ 35  63]]
CRC,3,16w,PRJDB11845,0.7765384615384616,0.4278553526673827,0.2226293741257699,0.5392156862745098,[[50  0] [47  5]]
CRC,3,16w,PRJNA290926,0.752676923076923,0.5719642857142857,0.36116804626428073,0.6313725490196078,[[128   2] [ 92  33]]
CRC,3,16w,PRJNA824020,0.7715617715617715,0.6003565062388592,0.4133497165423976,0.6779661016949152,[[33  0] [19  7]]
CRC,3,16w,PRJEB6070,0.8302439024390244,0.5191708440590705,0.3357826678076163,0.5714285714285714,[[11 39] [ 0 41]]
CRC,3,16w,PRJNA430990,0.7908496732026143,0.758818384996599,0.5638718143279018,0.8835616438356164,[[117   2] [ 15  12]]
CRC,3,16w,PRJEB36789,0.8919646289888504,0.6141153336468175,0.41073999859669125,0.6143790849673203,[[45 57] [ 2 49]]
CRC,3,4w,PRJNA318004,0.7711145996860284,0.6675209898365002,0.42090829000194335,0.7105263157894737,[[122   8] [ 58  40]]
CRC,3,4w,PRJDB11845,0.7984615384615384,0.7143408981168518,0.43214932192154015,0.7156862745098039,[[33 17] [12 40]]
CRC,3,4w,PRJNA290926,0.7860923076923078,0.5779423018740323,0.3684139483959219,0.6352941176470588,[[128   2] [ 91  34]]
CRC,3,4w,PRJNA824020,0.7226107226107226,0.358695652173913,0.0,0.559322033898305,[[33  0] [26  0]]
CRC,3,4w,PRJEB6070,0.8151219512195123,0.6654411764705882,0.40012826145677355,0.6703296703296703,[[25 25] [ 5 36]]
CRC,3,4w,PRJNA430990,0.7634609399315282,0.7241565452091767,0.4653043423719468,0.8561643835616438,[[113   6] [ 15  12]]
CRC,3,4w,PRJEB36789,0.8863898500576701,0.7461283185840708,0.5424166252320649,0.803921568627451,[[98  4] [26 25]]
CRC,3,2k,PRJNA318004,0.7080062794348507,0.5513832586587014,0.25009605088649434,0.6359649122807017,[[122   8] [ 75  23]]
CRC,3,2k,PRJDB11845,0.5592307692307692,0.4278553526673827,0.12168092038275251,0.5392156862745098,[[ 5 45] [ 2 50]]
CRC,3,2k,PRJNA290926,0.6691692307692307,0.4509441512166308,0.18916616086591126,0.5568627450980392,[[127   3] [110  15]]
CRC,3,2k,PRJNA824020,0.6585081585081586,0.358695652173913,0.0,0.559322033898305,[[33  0] [26  0]]
CRC,3,2k,PRJEB6070,0.7102439024390244,0.6683423400779188,0.35072858672496804,0.6813186813186813,[[40 10] [19 22]]
CRC,3,2k,PRJNA430990,0.7236227824463117,0.4490566037735849,0.0,0.815068493150685,[[119   0] [ 27   0]]
CRC,3,2k,PRJEB36789,0.8542868127643214,0.7824055262088582,0.5739139114016565,0.8169934640522876,[[93  9] [19 32]]
CRC,3,2w,PRJNA318004,0.7586342229199373,0.666564039408867,0.3535513694739623,0.6666666666666666,[[78 52] [24 74]]
CRC,3,2w,PRJDB11845,0.7661538461538461,0.6619883040935672,0.33710193876865807,0.6666666666666666,[[28 22] [12 40]]
CRC,3,2w,PRJNA290926,0.7417846153846154,0.5628913227837823,0.36263267605670846,0.6274509803921569,[[129   1] [ 94  31]]
CRC,3,2w,PRJNA824020,0.7552447552447553,0.6802168021680217,0.5089466451388752,0.7288135593220338,[[33  0] [16 10]]
CRC,3,2w,PRJEB6070,0.8351219512195122,0.6448780487804877,0.343104052230947,0.6483516483516484,[[25 25] [ 7 34]]
CRC,3,2w,PRJNA430990,0.771864301276066,0.7188608492956319,0.4997812355786646,0.8698630136986302,[[117   2] [ 17  10]]
CRC,3,2w,PRJEB36789,0.8848519800076893,0.7667682926829269,0.5749025622728424,0.8169934640522876,[[98  4] [24 27]]
CRC,3,1w,PRJNA318004,0.7408163265306122,0.6420561586076972,0.38361800676335,0.6929824561403509,[[122   8] [ 62  36]]
CRC,3,1w,PRJDB11845,0.7784615384615385,0.67836026803311,0.4021576422632911,0.6862745098039216,[[43  7] [25 27]]
CRC,3,1w,PRJNA290926,0.7416615384615385,0.5378151260504201,0.3330734734458286,0.611764705882353,[[129   1] [ 98  27]]
CRC,3,1w,PRJNA824020,0.6864801864801865,0.5461538461538462,0.14689595494233862,0.5932203389830508,[[27  6] [18  8]]
CRC,3,1w,PRJEB6070,0.8404878048780487,0.7359767891682785,0.4980510372065871,0.7362637362637363,[[32 18] [ 6 35]]
CRC,3,1w,PRJNA430990,0.7952069716775598,0.48229465196483223,0.21875867099208487,0.5,[[50 69] [ 4 23]]
CRC,3,1w,PRJEB36789,0.9392541330257593,0.5933641975308642,0.40389034790078004,0.5947712418300654,[[41 61] [ 1 50]]
CRC,3,5k,PRJNA318004,0.7405808477237048,0.6529823118058412,0.3250221769810876,0.6754385964912281,[[106  24] [ 50  48]]
CRC,3,5k,PRJDB11845,0.7542307692307693,0.4634716540035067,0.17895940365205854,0.5588235294117647,[[ 7 43] [ 2 50]]
CRC,3,5k,PRJNA290926,0.6921846153846154,0.5626845352804937,0.31661073144765983,0.6196078431372549,[[125   5] [ 92  33]]
CRC,3,5k,PRJNA824020,0.712121212121212,0.5730263157894737,0.2300047403027925,0.6271186440677966,[[29  4] [18  8]]
CRC,3,5k,PRJEB6070,0.8360975609756097,0.7354651162790697,0.5067762066985606,0.7362637362637363,[[31 19] [ 5 36]]
CRC,3,5k,PRJNA430990,0.7721755368814193,0.6269454123112659,0.32143673914342324,0.6986301369863014,[[83 36] [ 8 19]]
CRC,3,5k,PRJEB36789,0.8767781622452903,0.7633149171270718,0.5641381002023329,0.7712418300653595,[[73 29] [ 6 45]]
CRC,3,1k,PRJNA318004,0.6108320251177394,0.5157108327840036,0.20569927827994045,0.618421052631579,[[123   7] [ 80  18]]
CRC,3,1k,PRJDB11845,0.7165384615384616,0.6655092592592593,0.3330793147423316,0.6666666666666666,[[31 19] [15 37]]
CRC,3,1k,PRJNA290926,0.6026461538461538,0.33766233766233766,0.0,0.5098039215686274,[[130   0] [125   0]]
CRC,3,1k,PRJNA824020,0.6037296037296036,0.5595585848750406,0.18707276376508486,0.6101694915254238,[[28  5] [18  8]]
CRC,3,1k,PRJEB6070,0.6565853658536586,0.5027322404371584,0.07822603472575203,0.5604395604395604,[[41  9] [31 10]]
CRC,3,1k,PRJNA430990,0.6906318082788672,0.6495235324070706,0.30202143113960583,0.773972602739726,[[100  19] [ 14  13]]
CRC,3,1k,PRJEB36789,0.7131872356785852,0.44089790439257215,0.16275769175423188,0.6797385620915033,[[102   0] [ 49   2]]
CRC,4,8w,PRJNA318004,0.7766875981161695,0.6859847408346633,0.4481540558937285,0.7236842105263158,[[122   8] [ 55  43]]
CRC,4,8w,PRJDB11845,0.7742307692307693,0.4999455278352762,0.18566676746557004,0.5588235294117647,[[46  4] [41 11]]
CRC,4,8w,PRJNA290926,0.7756923076923077,0.5870188115111499,0.3909428589093416,0.6431372549019608,[[129   1] [ 90  35]]
CRC,4,8w,PRJNA824020,0.7261072261072261,0.6449160595502058,0.3441788287886675,0.6779661016949152,[[29  4] [15 11]]
CRC,4,8w,PRJEB6070,0.811219512195122,0.6735930735930735,0.44311581557902013,0.6813186813186813,[[24 26] [ 3 38]]
CRC,4,8w,PRJNA430990,0.8145035792094615,0.6032608695652174,0.31874849372851477,0.6575342465753424,[[75 44] [ 6 21]]
CRC,4,8w,PRJEB36789,0.9184928873510189,0.4974379188017344,0.3273268353539886,0.5098039215686274,[[27 75] [ 0 51]]
CRC,4,16w,PRJNA318004,0.7727629513343798,0.6790775697510749,0.36981773444894767,0.6798245614035088,[[83 47] [26 72]]
CRC,4,16w,PRJDB11845,0.7976923076923077,0.7254901960784313,0.45153846153846156,0.7254901960784313,[[37 13] [15 37]]
CRC,4,16w,PRJNA290926,0.7306461538461538,0.6289088940029781,0.38703963748441006,0.6627450980392157,[[123   7] [ 79  46]]
CRC,4,16w,PRJNA824020,0.7016317016317017,0.5868347338935574,0.3464815675719615,0.6610169491525424,[[32  1] [19  7]]
CRC,4,16w,PRJEB6070,0.8243902439024391,0.6877450980392157,0.4471110637697624,0.6923076923076923,[[26 24] [ 4 37]]
CRC,4,16w,PRJNA430990,0.7871148459383753,0.7267919615979173,0.4551394908237209,0.8424657534246576,[[109  10] [ 13  14]]
CRC,4,16w,PRJEB36789,0.8898500576701269,0.7602787832946135,0.5568181818181818,0.8104575163398693,[[97  5] [24 27]]
CRC,4,4w,PRJNA318004,0.7891679748822606,0.7105263157894738,0.449607535321821,0.7105263157894737,[[81 49] [17 81]]
CRC,4,4w,PRJDB11845,0.8111538461538461,0.5666194574572394,0.3517896646716064,0.6176470588235294,[[49  1] [38 14]]
CRC,4,4w,PRJNA290926,0.7367384615384616,0.5891706360325021,0.3609539281509757,0.6392156862745098,[[126   4] [ 88  37]]
CRC,4,4w,PRJNA824020,0.7272727272727273,0.6402439024390244,0.4179531540382884,0.6949152542372882,[[32  1] [17  9]]
CRC,4,4w,PRJEB6070,0.8219512195121952,0.7346938775510203,0.5167534774045314,0.7362637362637363,[[30 20] [ 4 37]]
CRC,4,4w,PRJNA430990,0.8048552754435108,0.7337386018237082,0.47724802165216246,0.8561643835616438,[[112   7] [ 14  13]]
CRC,4,4w,PRJEB36789,0.8744713571703191,0.6851666764654006,0.4610054485521032,0.7712418300653595,[[99  3] [32 19]]
CRC,4,2k,PRJNA318004,0.6941915227629514,0.39590015339562123,0.13299276232160895,0.5833333333333334,[[130   0] [ 95   3]]
CRC,4,2k,PRJDB11845,0.6057692307692308,0.5432835820895523,0.20726939083047097,0.5882352941176471,[[14 36] [ 6 46]]
CRC,4,2k,PRJNA290926,0.640123076923077,0.5326378119272522,0.23717948717948717,0.592156862745098,[[121   9] [ 95  30]]
CRC,4,2k,PRJNA824020,0.6258741258741258,0.358695652173913,0.0,0.559322033898305,[[33  0] [26  0]]
CRC,4,2k,PRJEB6070,0.7541463414634146,0.7113310493592184,0.44556218017702653,0.7252747252747253,[[43  7] [18 23]]
CRC,4,2k,PRJNA430990,0.7905384375972612,0.767762460233298,0.5498461227532311,0.8767123287671232,[[114   5] [ 13  14]]
CRC,4,2k,PRJEB36789,0.7712418300653595,0.4208055723803755,0.11470786693528089,0.673202614379085,[[102   0] [ 50   1]]
CRC,4,2w,PRJNA318004,0.7531397174254317,0.7058570568504343,0.4719463459969217,0.7368421052631579,[[121   9] [ 51  47]]
CRC,4,2w,PRJDB11845,0.8273076923076922,0.7185652345289713,0.4853626716970754,0.7254901960784313,[[45  5] [23 29]]
CRC,4,2w,PRJNA290926,0.7222769230769231,0.5838654746700724,0.37558882671751587,0.6392156862745098,[[128   2] [ 90  35]]
CRC,4,2w,PRJNA824020,0.703962703962704,0.5868347338935574,0.3464815675719615,0.6610169491525424,[[32  1] [19  7]]
CRC,4,2w,PRJEB6070,0.8239024390243903,0.7125850340136054,0.4710985585270437,0.7142857142857143,[[29 21] [ 5 36]]
CRC,4,2w,PRJNA430990,0.7958294428882664,0.6868785338272567,0.39879887072638526,0.773972602739726,[[95 24] [ 9 18]]
CRC,4,2w,PRJEB36789,0.868319876970396,0.7587198515769944,0.5222251208167956,0.7777777777777778,[[81 21] [13 38]]
CRC,4,1w,PRJNA318004,0.7559654631083202,0.6814288317842172,0.3731855388279114,0.6973684210526315,[[105  25] [ 44  54]]
CRC,4,1w,PRJDB11845,0.7738461538461539,0.6511968734733757,0.33192034867333087,0.6568627450980392,[[40 10] [25 27]]
CRC,4,1w,PRJNA290926,0.7293538461538462,0.6457233454830749,0.3666136855132312,0.6666666666666666,[[116  14] [ 71  54]]
CRC,4,1w,PRJNA824020,0.62004662004662,0.4742347927160015,0.26075756076191825,0.6101694915254238,[[33  0] [23  3]]
CRC,4,1w,PRJEB6070,0.8541463414634146,0.7895825727151029,0.5793584501023474,0.7912087912087912,[[40 10] [ 9 32]]
CRC,4,1w,PRJNA430990,0.7665732959850606,0.7056451612903226,0.4321044503965736,0.8493150684931506,[[113   6] [ 16  11]]
CRC,4,1w,PRJEB36789,0.9158016147635526,0.8076188702090998,0.619188040421558,0.8235294117647058,[[85 17] [10 41]]
CRC,4,5k,PRJNA318004,0.7322605965463108,0.5641577060931899,0.2690130281313746,0.5789473684210527,[[45 85] [11 87]]
CRC,4,5k,PRJDB11845,0.7811538461538462,0.6711284807034685,0.3584585514503981,0.6764705882352942,[[28 22] [11 41]]
CRC,4,5k,PRJNA290926,0.7023384615384616,0.5598388952819333,0.3464428957601527,0.6235294117647059,[[128   2] [ 94  31]]
CRC,4,5k,PRJNA824020,0.6958041958041958,0.5406006674082314,0.3428138963364343,0.6440677966101694,[[33  0] [21  5]]
CRC,4,5k,PRJEB6070,0.8429268292682928,0.736231884057971,0.49046601367383824,0.7362637362637363,[[33 17] [ 7 34]]
CRC,4,5k,PRJNA430990,0.7382508558979147,0.6264619883040936,0.29658157422413517,0.7123287671232876,[[87 32] [10 17]]
CRC,4,5k,PRJEB36789,0.9407920030757402,0.8397753236862148,0.6799001036500849,0.8562091503267973,[[90 12] [10 41]]
CRC,4,1k,PRJNA318004,0.7025117739403454,0.6591641225392147,0.3550597160841671,0.6885964912280702,[[112  18] [ 53  45]]
CRC,4,1k,PRJDB11845,0.48807692307692313,0.3289473684210526,0.0,0.49019607843137253,[[50  0] [52  0]]
CRC,4,1k,PRJNA290926,0.6074461538461539,0.40842245989304815,0.13930602141648046,0.5372549019607843,[[128   2] [116   9]]
CRC,4,1k,PRJNA824020,0.6072261072261071,0.4403794037940379,-0.03701430146464547,0.5254237288135594,[[27  6] [22  4]]
CRC,4,1k,PRJEB6070,0.6985365853658536,0.6385302879841112,0.3771523597155722,0.6483516483516484,[[22 28] [ 4 37]]
CRC,4,1k,PRJNA430990,0.7332710862122627,0.4490566037735849,0.0,0.815068493150685,[[119   0] [ 27   0]]
CRC,4,1k,PRJEB36789,0.7902729719338716,0.5602641717116126,0.21516574145596762,0.6928104575163399,[[95  7] [40 11]]
