,query_gene,BiGG_gene,score
0,gene_0,STM_v1_0.STM0045,191
1,gene_1,STM_v1_0.STM0047,45
5,gene_5,STM_v1_0.STM0247,160
6,gene_6,STM_v1_0.STM0386,258
7,gene_7,STM_v1_0.STM0401,256
10,gene_10,STM_v1_0.STM0644,215
11,gene_11,STM_v1_0.STM0659,344
12,gene_12,STM_v1_0.STM0830,122
13,gene_13,STM_v1_0.STM0878,106
19,gene_19,STM_v1_0.STM0984,286
20,gene_20,STM_v1_0.STM1125,337
22,gene_22,STM_v1_0.STM1221,102
26,gene_26,STM_v1_0.STM1385,144
27,gene_27,STM_v1_0.STM1449,317
28,gene_28,STM_v1_0.STM1511,80
29,gene_29,STM_v1_0.STM1686,56
32,gene_32,STM_v1_0.STM1780,102
33,gene_33,STM_v1_0.STM1909,321
34,gene_34,STM_v1_0.STM1954,72
35,gene_35,STM_v1_0.STM2018,70
36,gene_36,STM_v1_0.STM2019,472
42,gene_42,STM_v1_0.STM2065,194
43,gene_43,STM_v1_0.STM2080,462
44,gene_44,STM_v1_0.STM2082,159
47,gene_47,STM_v1_0.STM2257,53
50,gene_50,STM_v1_0.STM2431,63
52,gene_52,STM_v1_0.STM2555,491
55,gene_55,STM_v1_0.STM2916,92
56,gene_56,STM_v1_0.STM2935,412
59,gene_59,STM_v1_0.STM3314,173
62,gene_62,STM_v1_0.STM3382,313
63,gene_63,STM_v1_0.STM3409,196
66,gene_66,STM_v1_0.STM3500,722
67,gene_67,STM_v1_0.STM3506,42
70,gene_70,STM_v1_0.STM3538,597
71,gene_71,STM_v1_0.STM3560,211
72,gene_72,STM_v1_0.STM3561,143
74,gene_74,STM_v1_0.STM3733,204
76,gene_76,STM_v1_0.STM3865,585
78,gene_78,STM_v1_0.STM3915,96
83,gene_83,STM_v1_0.STM4086,638
84,gene_84,STM_v1_0.STM4166,140
85,gene_85,STM_v1_0.STM4273,42
86,gene_86,STM_v1_0.STM4279,144
89,gene_89,STM_v1_0.STM4451,126
90,gene_90,STM_v1_0.STM4452,418
91,gene_91,STM_v1_0.STM4465,427
92,gene_92,STM_v1_0.STM4469,389
95,gene_96,iAF692.Mbar_A0086,258
97,gene_98,iAF692.Mbar_A0171,229
98,gene_99,iAF692.Mbar_A0186,597
99,gene_100,iAF692.Mbar_A0218,555
100,gene_101,iAF692.Mbar_A0219,152
101,gene_102,iAF692.Mbar_A0227,211
102,gene_103,iAF692.Mbar_A0291,127
105,gene_106,iAF692.Mbar_A0408,92
106,gene_107,iAF692.Mbar_A0541,241
110,gene_111,iAF692.Mbar_A0666,507
112,gene_113,iAF692.Mbar_A0760,259
113,gene_114,iAF692.Mbar_A0762,124
114,gene_115,iAF692.Mbar_A0883,490
116,gene_117,iAF692.Mbar_A1001,51
119,gene_120,iAF692.Mbar_A1138,96
122,gene_123,iAF692.Mbar_A1238,80
123,gene_124,iAF692.Mbar_A1305,101
124,gene_125,iAF692.Mbar_A1365,95
125,gene_126,iAF692.Mbar_A1414,46
127,gene_128,iAF692.Mbar_A1438,362
132,gene_133,iAF692.Mbar_A1641,508
135,gene_136,iAF692.Mbar_A1781,347
136,gene_137,iAF692.Mbar_A1820,452
137,gene_138,iAF692.Mbar_A1871,188
138,gene_139,iAF692.Mbar_A2020,68
139,gene_140,iAF692.Mbar_A2125,138
140,gene_141,iAF692.Mbar_A2173,54
141,gene_142,iAF692.Mbar_A2175,236
143,gene_144,iAF692.Mbar_A2221,121
147,gene_148,iAF692.Mbar_A2398,132
151,gene_152,iAF692.Mbar_A3045,433
152,gene_153,iAF692.Mbar_A3173,290
154,gene_155,iAF692.Mbar_A3183,120
155,gene_156,iAF692.Mbar_A3251,421
156,gene_157,iAF692.Mbar_A3252,239
157,gene_158,iAF692.Mbar_A3319,172
158,gene_159,iAF692.Mbar_A3353,160
160,gene_161,iAF692.Mbar_A3423,341
161,gene_162,iAF692.Mbar_A3429,304
162,gene_163,iAF692.Mbar_A3463,430
167,gene_168,iAF987.Gmet_0043,77
168,gene_169,iAF987.Gmet_0058,642
169,gene_170,iAF987.Gmet_0060,184
170,gene_171,iAF987.Gmet_0067,234
171,gene_172,iAF987.Gmet_0068,67
172,gene_173,iAF987.Gmet_0069,70
173,gene_174,iAF987.Gmet_0072,312
174,gene_175,iAF987.Gmet_0073,498
175,gene_176,iAF987.Gmet_0075,496
177,gene_178,iAF987.Gmet_0189,352
178,gene_179,iAF987.Gmet_0204,306
179,gene_180,iAF987.Gmet_0209,496
180,gene_181,iAF987.Gmet_0300,192
181,gene_182,iAF987.Gmet_0301,219
182,gene_183,iAF987.Gmet_0302,154
183,gene_184,iAF987.Gmet_0336,42
184,gene_185,iAF987.Gmet_0337,49
188,gene_189,iAF987.Gmet_0386,227
189,gene_190,iAF987.Gmet_0387,180
190,gene_191,iAF987.Gmet_0389,323
191,gene_192,iAF987.Gmet_0406,204
192,gene_193,iAF987.Gmet_0408,269
193,gene_194,iAF987.Gmet_0415,208
194,gene_195,iAF987.Gmet_0470,268
195,gene_196,iAF987.Gmet_0481,181
196,gene_197,iAF987.Gmet_0485,240
197,gene_198,iAF987.Gmet_0486,221
199,gene_200,iAF987.Gmet_0492,89
202,gene_203,iAF987.Gmet_0549,241
205,gene_206,iAF987.Gmet_0662,45
207,gene_208,iAF987.Gmet_0683,186
208,gene_209,iAF987.Gmet_0684,280
209,gene_210,iAF987.Gmet_0819,438
211,gene_212,iAF987.Gmet_0865,165
214,gene_215,iAF987.Gmet_0916,299
215,gene_216,iAF987.Gmet_0928,160
216,gene_217,iAF987.Gmet_0940,810
217,gene_218,iAF987.Gmet_0941,158
218,gene_219,iAF987.Gmet_0977,125
219,gene_220,iAF987.Gmet_0978,140
220,gene_221,iAF987.Gmet_0984,528
222,gene_223,iAF987.Gmet_0991,127
223,gene_224,iAF987.Gmet_1036,144
227,gene_228,iAF987.Gmet_1168,149
229,gene_230,iAF987.Gmet_1179,84
230,gene_231,iAF987.Gmet_1186,516
231,gene_232,iAF987.Gmet_1254,226
233,gene_234,iAF987.Gmet_1260,548
234,gene_235,iAF987.Gmet_1261,150
235,gene_236,iAF987.Gmet_1262,404
238,gene_239,iAF987.Gmet_1308,244
239,gene_240,iAF987.Gmet_1353,404
240,gene_241,iAF987.Gmet_1357,649
241,gene_242,iAF987.Gmet_1361,40
242,gene_243,iAF987.Gmet_1416,540
246,gene_247,iAF987.Gmet_1558,392
249,gene_250,iAF987.Gmet_1568,367
251,gene_252,iAF987.Gmet_1573,94
253,gene_254,iAF987.Gmet_1599,287
254,gene_255,iAF987.Gmet_1601,126
255,gene_256,iAF987.Gmet_1603,429
256,gene_257,iAF987.Gmet_1605,513
257,gene_258,iAF987.Gmet_1626,470
258,gene_259,iAF987.Gmet_1629,273
260,gene_261,iAF987.Gmet_1657,65
261,gene_262,iAF987.Gmet_1706,84
262,gene_263,iAF987.Gmet_1759,170
263,gene_264,iAF987.Gmet_1762,243
264,gene_265,iAF987.Gmet_1770,347
266,gene_267,iAF987.Gmet_1819,202
267,gene_268,iAF987.Gmet_1820,135
268,gene_269,iAF987.Gmet_1822,108
269,gene_270,iAF987.Gmet_1841,328
270,gene_271,iAF987.Gmet_1844,320
272,gene_273,iAF987.Gmet_1888,148
273,gene_274,iAF987.Gmet_1899,219
274,gene_275,iAF987.Gmet_1903,135
275,gene_276,iAF987.Gmet_1914,75
276,gene_277,iAF987.Gmet_1917,82
277,gene_278,iAF987.Gmet_1919,65
278,gene_279,iAF987.Gmet_1934,588
279,gene_280,iAF987.Gmet_1939,426
280,gene_281,iAF987.Gmet_1991,58
282,gene_283,iAF987.Gmet_2054,338
284,gene_285,iAF987.Gmet_2066,314
285,gene_286,iAF987.Gmet_2080,114
286,gene_287,iAF987.Gmet_2094,153
287,gene_288,iAF987.Gmet_2095,228
290,gene_291,iAF987.Gmet_2257,285
292,gene_293,iAF987.Gmet_2349,274
293,gene_294,iAF987.Gmet_2372,478
294,gene_295,iAF987.Gmet_2391,424
295,gene_296,iAF987.Gmet_2444,55
296,gene_297,iAF987.Gmet_2465,140
297,gene_298,iAF987.Gmet_2482,480
298,gene_299,iAF987.Gmet_2495,288
299,gene_300,iAF987.Gmet_2496,226
300,gene_301,iAF987.Gmet_2497,338
303,gene_304,iAF987.Gmet_2822,612
304,gene_305,iAF987.Gmet_2823,53
307,gene_308,iAF987.Gmet_2859,194
308,gene_309,iAF987.Gmet_2904,426
309,gene_310,iAF987.Gmet_2909,220
312,gene_313,iAF987.Gmet_2992,261
313,gene_314,iAF987.Gmet_2999,195
315,gene_316,iAF987.Gmet_3023,296
316,gene_317,iAF987.Gmet_3075,106
318,gene_319,iAF987.Gmet_3171,82
320,gene_321,iAF987.Gmet_3203,583
321,gene_322,iAF987.Gmet_3233,135
323,gene_324,iAF987.Gmet_3239,576
324,gene_325,iAF987.Gmet_3241,46
325,gene_326,iAF987.Gmet_3243,162
327,gene_328,iAF987.Gmet_3259,168
328,gene_329,iAF987.Gmet_3260,345
329,gene_330,iAF987.Gmet_3294,352
331,gene_332,iAF987.Gmet_3339,298
333,gene_334,iAF987.Gmet_3356,452
334,gene_335,iAF987.Gmet_3406,615
335,gene_336,iAF987.Gmet_3408,564
336,gene_337,iAF987.Gmet_3470,112
337,gene_338,iAF987.Gmet_3476,57
338,gene_339,iAF987.Gmet_3508,43
340,gene_341,iAF987.Gmet_3528,236
342,gene_343,iAM_Pb448.PBANKA_083310,166
343,gene_344,iAM_Pb448.PBANKA_091170,67
346,gene_347,iAM_Pb448.PBANKA_113700,312
347,gene_348,iAM_Pb448.PBANKA_131810,259
348,gene_349,iAM_Pb448.PBANKA_145030,597
349,gene_350,iAM_Pb448.PBANKA_146280,94
351,gene_352,iAM_Pc455.PCYB_073980,150
354,gene_355,iAM_Pc455.PCYB_111980,328
356,gene_357,iAM_Pc455.PCYB_126090,237
357,gene_358,iAM_Pc455.PCYB_146140,595
358,gene_359,iAM_Pc455.PCYB_147430,106
360,gene_361,iAM_Pf480.PF3D7_1235700,594
361,gene_362,iAM_Pf480.PF3D7_1249900,98
362,gene_363,iAM_Pf480.PF3D7_1454400,243
364,gene_365,iAM_Pv461.PVX_085660,96
365,gene_366,iAM_Pv461.PVX_087090,149
367,gene_368,iAM_Pv461.PVX_100735,589
368,gene_369,iAM_Pv461.PVX_101390,100
370,gene_371,iAM_Pv461.PVX_115000,308
371,gene_372,iAM_Pv461.PVX_117760,232
372,gene_373,iAT_PLT_636.4905,132
373,gene_374,iAT_PLT_636.506,601
374,gene_375,iAT_PLT_636.5834,734
375,gene_376,iAT_PLT_636.6539,72
377,gene_378,iCHOv1.100682535,220
380,gene_381,iCHOv1.100752445,138
382,gene_383,iCHOv1.100754792,196
383,gene_384,iCHOv1.100757350,769
385,gene_386,iCHOv1.100760751,318
387,gene_388,iCHOv1.100762480,216
388,gene_389,iCHOv1.100763024,605
390,gene_391,iCHOv1.100765478,113
391,gene_392,iCHOv1.100767455,80
392,gene_393,iCHOv1.100769146,38
394,gene_395,iCHOv1.100773599,92
395,gene_396,iCN718.ABAYE_RS01780,177
397,gene_398,iCN718.ABAYE_RS03665,176
398,gene_399,iCN718.ABAYE_RS04050,476
399,gene_400,iCN718.ABAYE_RS04335,269
400,gene_401,iCN718.ABAYE_RS04620,574
401,gene_402,iCN718.ABAYE_RS04905,347
404,gene_405,iCN718.ABAYE_RS05795,77
405,gene_406,iCN718.ABAYE_RS06050,218
406,gene_407,iCN718.ABAYE_RS06300,489
408,gene_409,iCN718.ABAYE_RS08040,99
409,gene_410,iCN718.ABAYE_RS09790,140
410,gene_411,iCN718.ABAYE_RS10745,344
412,gene_413,iCN718.ABAYE_RS11400,329
414,gene_415,iCN718.ABAYE_RS12870,77
415,gene_416,iCN718.ABAYE_RS13845,92
416,gene_417,iCN718.ABAYE_RS13935,432
419,gene_420,iCN718.ABAYE_RS14570,261
421,gene_422,iCN718.ABAYE_RS14895,125
422,gene_423,iCN718.ABAYE_RS15590,351
423,gene_424,iCN718.ABAYE_RS16270,62
424,gene_425,iCN718.ABAYE_RS16380,558
427,gene_428,iCN718.ABAYE_RS17030,159
428,gene_429,iCN718.ABAYE_RS17145,92
431,gene_432,iCN718.ABAYE_RS17470,468
432,gene_433,iCN718.ABAYE_RS17565,259
433,gene_434,iCN718.ABAYE_RS18625,58
436,gene_437,iCN900.CD630_00210,1353
437,gene_438,iCN900.CD630_00340,179
438,gene_439,iCN900.CD630_00480,216
439,gene_440,iCN900.CD630_00500,584
440,gene_441,iCN900.CD630_00520,546
441,gene_442,iCN900.CD630_00910,252
442,gene_443,iCN900.CD630_01000,290
443,gene_444,iCN900.CD630_01010,300
444,gene_445,iCN900.CD630_01020,272
445,gene_446,iCN900.CD630_01030,188
446,gene_447,iCN900.CD630_01130,347
447,gene_448,iCN900.CD630_01160,311
448,gene_449,iCN900.CD630_01180,128
449,gene_450,iCN900.CD630_01190,374
450,gene_451,iCN900.CD630_01200,685
451,gene_452,iCN900.CD630_01230,422
452,gene_453,iCN900.CD630_01300,535
455,gene_456,iCN900.CD630_01980,653
457,gene_458,iCN900.CD630_02210,340
458,gene_459,iCN900.CD630_02220,188
459,gene_460,iCN900.CD630_02240,451
460,gene_461,iCN900.CD630_02250,1334
461,gene_462,iCN900.CD630_02510,68
462,gene_463,iCN900.CD630_02970,247
463,gene_464,iCN900.CD630_03010,409
464,gene_465,iCN900.CD630_03130,778
465,gene_466,iCN900.CD630_03960,244
467,gene_468,iCN900.CD630_04050,211
468,gene_469,iCN900.CD630_04310,100
469,gene_470,iCN900.CD630_04900,159
471,gene_472,iCN900.CD630_05910,778
472,gene_473,iCN900.CD630_06960,328
473,gene_474,iCN900.CD630_06970,152
474,gene_475,iCN900.CD630_06990,402
475,gene_476,iCN900.CD630_07080,319
478,gene_479,iCN900.CD630_07180,749
479,gene_480,iCN900.CD630_07510,135
480,gene_481,iCN900.CD630_07520,311
481,gene_482,iCN900.CD630_07530,98
482,gene_483,iCN900.CD630_07540,363
484,gene_485,iCN900.CD630_08000,265
485,gene_486,iCN900.CD630_08330,231
486,gene_487,iCN900.CD630_08410,580
487,gene_488,iCN900.CD630_08680,241
488,gene_489,iCN900.CD630_08700,211
490,gene_491,iCN900.CD630_08820,417
491,gene_492,iCN900.CD630_08840,424
492,gene_493,iCN900.CD630_08850,769
493,gene_494,iCN900.CD630_08930,301
494,gene_495,iCN900.CD630_08940,294
495,gene_496,iCN900.CD630_09000,119
497,gene_498,iCN900.CD630_09890,604
498,gene_499,iCN900.CD630_09900,528
499,gene_500,iCN900.CD630_09910,219
500,gene_501,iCN900.CD630_09920,393
501,gene_502,iCN900.CD630_10030,329
502,gene_503,iCN900.CD630_10050,452
507,gene_508,iCN900.CD630_10540,529
508,gene_509,iCN900.CD630_10550,261
509,gene_510,iCN900.CD630_10560,236
510,gene_511,iCN900.CD630_10570,253
511,gene_512,iCN900.CD630_10580,284
512,gene_513,iCN900.CD630_10590,439
513,gene_514,iCN900.CD630_10600,198
514,gene_515,iCN900.CD630_10620,70
515,gene_516,iCN900.CD630_10690,182
516,gene_517,iCN900.CD630_11200,320
517,gene_518,iCN900.CD630_11530,152
518,gene_519,iCN900.CD630_11750,490
519,gene_520,iCN900.CD630_11780,295
520,gene_521,iCN900.CD630_11790,265
521,gene_522,iCN900.CD630_11800,310
522,gene_523,iCN900.CD630_11810,257
523,gene_524,iCN900.CD630_11820,267
524,gene_525,iCN900.CD630_11840,469
525,gene_526,iCN900.CD630_11910,765
526,gene_527,iCN900.CD630_12050,285
527,gene_528,iCN900.CD630_12070,586
528,gene_529,iCN900.CD630_12230,400
529,gene_530,iCN900.CD630_12240,250
530,gene_531,iCN900.CD630_12790,434
531,gene_532,iCN900.CD630_12820,917
532,gene_533,iCN900.CD630_13150,177
533,gene_534,iCN900.CD630_13270,150
535,gene_536,iCN900.CD630_13340,587
537,gene_538,iCN900.CD630_13820,666
541,gene_542,iCN900.CD630_14490,141
542,gene_543,iCN900.CD630_14500,290
543,gene_544,iCN900.CD630_14770,75
544,gene_545,iCN900.CD630_14780,96
545,gene_546,iCN900.CD630_14790,805
546,gene_547,iCN900.CD630_14890,165
547,gene_548,iCN900.CD630_14950,285
548,gene_549,iCN900.CD630_15020,224
549,gene_550,iCN900.CD630_15120,328
550,gene_551,iCN900.CD630_15130,336
551,gene_552,iCN900.CD630_15140,135
552,gene_553,iCN900.CD630_15260,351
555,gene_556,iCN900.CD630_15480,202
556,gene_557,iCN900.CD630_15540,211
557,gene_558,iCN900.CD630_15770,538
558,gene_559,iCN900.CD630_15870,87
559,gene_560,iCN900.CD630_15990,221
560,gene_561,iCN900.CD630_16010,174
561,gene_562,iCN900.CD630_16140,133
563,gene_564,iCN900.CD630_16280,315
564,gene_565,iCN900.CD630_16550,270
565,gene_566,iCN900.CD630_16740,206
567,gene_568,iCN900.CD630_16970,221
568,gene_569,iCN900.CD630_16990,228
569,gene_570,iCN900.CD630_17020,551
570,gene_571,iCN900.CD630_17040,306
572,gene_573,iCN900.CD630_17290,332
573,gene_574,iCN900.CD630_17750,145
575,gene_576,iCN900.CD630_17850,432
577,gene_578,iCN900.CD630_18140,74
578,gene_579,iCN900.CD630_18180,229
579,gene_580,iCN900.CD630_18250,438
580,gene_581,iCN900.CD630_19040,207
581,gene_582,iCN900.CD630_19390,105
582,gene_583,iCN900.CD630_19470,228
584,gene_585,iCN900.CD630_19790,247
586,gene_587,iCN900.CD630_20140,671
587,gene_588,iCN900.CD630_20200,909
588,gene_589,iCN900.CD630_20300,391
589,gene_590,iCN900.CD630_20310,330
590,gene_591,iCN900.CD630_20320,263
591,gene_592,iCN900.CD630_20330,364
592,gene_593,iCN900.CD630_20500,129
593,gene_594,iCN900.CD630_20590,704
594,gene_595,iCN900.CD630_20810,174
595,gene_596,iCN900.CD630_20830,309
597,gene_598,iCN900.CD630_20860,65
599,gene_600,iCN900.CD630_20990,768
600,gene_601,iCN900.CD630_21000,167
601,gene_602,iCN900.CD630_21010,184
604,gene_605,iCN900.CD630_21170,239
605,gene_606,iCN900.CD630_21180,549
607,gene_608,iCN900.CD630_21240,129
608,gene_609,iCN900.CD630_21280,419
609,gene_610,iCN900.CD630_21300,381
610,gene_611,iCN900.CD630_21350,160
611,gene_612,iCN900.CD630_21360,239
612,gene_613,iCN900.CD630_21380,228
613,gene_614,iCN900.CD630_21550,366
615,gene_616,iCN900.CD630_21940,86
616,gene_617,iCN900.CD630_22170,197
617,gene_618,iCN900.CD630_22450,658
618,gene_619,iCN900.CD630_22560,252
619,gene_620,iCN900.CD630_22690,664
620,gene_621,iCN900.CD630_22700,292
621,gene_622,iCN900.CD630_22760,447
624,gene_625,iCN900.CD630_23180,415
625,gene_626,iCN900.CD630_23210,364
626,gene_627,iCN900.CD630_23220,327
628,gene_629,iCN900.CD630_23390,475
630,gene_631,iCN900.CD630_23700,306
631,gene_632,iCN900.CD630_23710,365
632,gene_633,iCN900.CD630_23720,253
633,gene_634,iCN900.CD630_23790,242
634,gene_635,iCN900.CD630_24100,1086
636,gene_637,iCN900.CD630_24640,271
637,gene_638,iCN900.CD630_24930,87
638,gene_639,iCN900.CD630_25000,491
639,gene_640,iCN900.CD630_25030,704
640,gene_641,iCN900.CD630_25210,800
641,gene_642,iCN900.CD630_25240,135
643,gene_644,iCN900.CD630_25740,119
644,gene_645,iCN900.CD630_25750,239
645,gene_646,iCN900.CD630_25770,171
646,gene_647,iCN900.CD630_25840,323
647,gene_648,iCN900.CD630_25870,375
648,gene_649,iCN900.CD630_25880,186
649,gene_650,iCN900.CD630_25960,314
651,gene_652,iCN900.CD630_26230,208
652,gene_653,iCN900.CD630_26270,80
653,gene_654,iCN900.CD630_26300,304
654,gene_655,iCN900.CD630_26530,373
655,gene_656,iCN900.CD630_26540,221
657,gene_658,iCN900.CD630_26640,287
658,gene_659,iCN900.CD630_26760,412
659,gene_660,iCN900.CD630_26770,216
660,gene_661,iCN900.CD630_26780,275
661,gene_662,iCN900.CD630_26820,1340
662,gene_663,iCN900.CD630_26910,206
664,gene_665,iCN900.CD630_26960,333
665,gene_666,iCN900.CD630_27140,390
666,gene_667,iCN900.CD630_27260,505
667,gene_668,iCN900.CD630_27330,344
668,gene_669,iCN900.CD630_27390,665
669,gene_670,iCN900.CD630_27410,359
670,gene_671,iCN900.CD630_27420,149
671,gene_672,iCN900.CD630_27440,749
673,gene_674,iCN900.CD630_27550,338
674,gene_675,iCN900.CD630_27800,564
675,gene_676,iCN900.CD630_28280,403
676,gene_677,iCN900.CD630_28320,198
677,gene_678,iCN900.CD630_28750,155
678,gene_679,iCN900.CD630_29540,223
679,gene_680,iCN900.CD630_29550,750
680,gene_681,iCN900.CD630_29560,405
684,gene_685,iCN900.CD630_29600,77
685,gene_686,iCN900.CD630_31690,155
686,gene_687,iCN900.CD630_31700,503
687,gene_688,iCN900.CD630_31710,600
689,gene_690,iCN900.CD630_31730,368
690,gene_691,iCN900.CD630_31740,414
692,gene_693,iCN900.CD630_31780,313
694,gene_695,iCN900.CD630_31890,108
695,gene_696,iCN900.CD630_31950,520
696,gene_697,iCN900.CD630_32150,109
699,gene_700,iCN900.CD630_32530,278
700,gene_701,iCN900.CD630_32560,1124
701,gene_702,iCN900.CD630_32580,60
702,gene_703,iCN900.CD630_32610,354
703,gene_704,iCN900.CD630_32620,233
704,gene_705,iCN900.CD630_32630,266
705,gene_706,iCN900.CD630_32680,101
706,gene_707,iCN900.CD630_32740,54
707,gene_708,iCN900.CD630_32810,278
709,gene_710,iCN900.CD630_32860,323
710,gene_711,iCN900.CD630_33080,155
712,gene_713,iCN900.CD630_33940,586
713,gene_714,iCN900.CD630_33950,344
714,gene_715,iCN900.CD630_34020,293
715,gene_716,iCN900.CD630_34050,147
716,gene_717,iCN900.CD630_34060,761
717,gene_718,iCN900.CD630_34070,568
720,gene_721,iCN900.CD630_34190,355
721,gene_722,iCN900.CD630_34200,280
722,gene_723,iCN900.CD630_34210,197
724,gene_725,iCN900.CD630_34240,243
725,gene_726,iCN900.CD630_34260,274
726,gene_727,iCN900.CD630_34290,243
728,gene_729,iCN900.CD630_34330,233
730,gene_731,iCN900.CD630_34350,483
732,gene_733,iCN900.CD630_34590,343
733,gene_734,iCN900.CD630_34600,328
734,gene_735,iCN900.CD630_34630,309
735,gene_736,iCN900.CD630_34680,631
736,gene_737,iCN900.CD630_34690,158
737,gene_738,iCN900.CD630_34700,551
738,gene_739,iCN900.CD630_34710,57
739,gene_740,iCN900.CD630_34720,60
740,gene_741,iCN900.CD630_34740,141
742,gene_743,iCN900.CD630_35180,417
743,gene_744,iCN900.CD630_35270,106
744,gene_745,iCN900.CD630_35300,274
745,gene_746,iCN900.CD630_35430,523
746,gene_747,iCN900.CD630_35520,582
747,gene_748,iCN900.CD630_35550,248
748,gene_749,iCN900.CD630_35580,235
749,gene_750,iCN900.CD630_35620,273
750,gene_751,iCN900.CD630_35660,252
751,gene_752,iCN900.CD630_35880,1222
752,gene_753,iCN900.CD630_35890,373
753,gene_754,iCN900.CD630_35900,1208
754,gene_755,iCN900.CD630_35960,280
755,gene_756,iCN900.CD630_36550,343
757,gene_758,iCN900.CD630_36700,366
758,gene_759,iEK1008.Rv0018c,122
759,gene_760,iEK1008.Rv0125,88
761,gene_762,iEK1008.Rv0357c,364
763,gene_764,iEK1008.Rv0684,805
765,gene_766,iEK1008.Rv1023,435
766,gene_767,iEK1008.Rv1076,118
768,gene_769,iEK1008.Rv1286,460
769,gene_770,iEK1008.Rv1322A,42
771,gene_772,iEK1008.Rv1714,179
772,gene_773,iEK1008.Rv1715,197
773,gene_774,iEK1008.Rv1928c,151
774,gene_775,iEK1008.Rv2267c,134
775,gene_776,iEK1008.Rv2334,362
776,gene_777,iEK1008.Rv2397c,115
778,gene_779,iEK1008.Rv2581c,151
779,gene_780,iEK1008.Rv2834c,90
782,gene_783,iEK1008.Rv3084,127
783,gene_784,iEK1008.Rv3111,159
784,gene_785,iEK1008.Rv3116,82
785,gene_786,iEK1008.Rv3206c,80
787,gene_788,iEK1008.Rv3487c,117
789,gene_790,iEK1008.Rv3710,549
791,gene_792,iHN637.CLJU_RS00085,241
795,gene_796,iHN637.CLJU_RS00620,86
796,gene_797,iHN637.CLJU_RS00625,207
798,gene_799,iHN637.CLJU_RS00840,728
799,gene_800,iHN637.CLJU_RS00915,65
800,gene_801,iHN637.CLJU_RS00920,1214
801,gene_802,iHN637.CLJU_RS01075,730
802,gene_803,iHN637.CLJU_RS01135,266
803,gene_804,iHN637.CLJU_RS01165,53
804,gene_805,iHN637.CLJU_RS01180,581
805,gene_806,iHN637.CLJU_RS01190,629
806,gene_807,iHN637.CLJU_RS01195,80
807,gene_808,iHN637.CLJU_RS01260,538
808,gene_809,iHN637.CLJU_RS01300,578
812,gene_813,iHN637.CLJU_RS01495,352
813,gene_814,iHN637.CLJU_RS01500,385
815,gene_816,iHN637.CLJU_RS01590,359
816,gene_817,iHN637.CLJU_RS01595,570
817,gene_818,iHN637.CLJU_RS02030,484
818,gene_819,iHN637.CLJU_RS02150,359
819,gene_820,iHN637.CLJU_RS02155,1202
820,gene_821,iHN637.CLJU_RS02195,431
821,gene_822,iHN637.CLJU_RS02275,422
822,gene_823,iHN637.CLJU_RS02395,256
823,gene_824,iHN637.CLJU_RS02400,245
824,gene_825,iHN637.CLJU_RS02615,531
825,gene_826,iHN637.CLJU_RS02730,435
826,gene_827,iHN637.CLJU_RS02945,243
827,gene_828,iHN637.CLJU_RS03115,296
828,gene_829,iHN637.CLJU_RS03120,153
829,gene_830,iHN637.CLJU_RS03130,229
830,gene_831,iHN637.CLJU_RS03245,125
832,gene_833,iHN637.CLJU_RS03255,223
833,gene_834,iHN637.CLJU_RS03265,511
834,gene_835,iHN637.CLJU_RS03270,300
835,gene_836,iHN637.CLJU_RS03295,451
836,gene_837,iHN637.CLJU_RS03300,488
837,gene_838,iHN637.CLJU_RS03400,633
838,gene_839,iHN637.CLJU_RS03465,125
839,gene_840,iHN637.CLJU_RS03520,259
841,gene_842,iHN637.CLJU_RS03675,371
843,gene_844,iHN637.CLJU_RS03910,290
844,gene_845,iHN637.CLJU_RS04010,1169
845,gene_846,iHN637.CLJU_RS04215,470
846,gene_847,iHN637.CLJU_RS04220,348
847,gene_848,iHN637.CLJU_RS04225,190
849,gene_850,iHN637.CLJU_RS04465,560
850,gene_851,iHN637.CLJU_RS04470,216
851,gene_852,iHN637.CLJU_RS04475,375
852,gene_853,iHN637.CLJU_RS04575,403
853,gene_854,iHN637.CLJU_RS04600,425
854,gene_855,iHN637.CLJU_RS04605,1392
855,gene_856,iHN637.CLJU_RS04950,274
856,gene_857,iHN637.CLJU_RS05135,440
857,gene_858,iHN637.CLJU_RS05190,313
858,gene_859,iHN637.CLJU_RS05195,289
859,gene_860,iHN637.CLJU_RS05200,231
860,gene_861,iHN637.CLJU_RS05470,625
861,gene_862,iHN637.CLJU_RS05525,132
862,gene_863,iHN637.CLJU_RS05570,328
863,gene_864,iHN637.CLJU_RS05575,211
864,gene_865,iHN637.CLJU_RS05580,69
865,gene_866,iHN637.CLJU_RS05585,178
866,gene_867,iHN637.CLJU_RS05590,171
867,gene_868,iHN637.CLJU_RS05595,167
868,gene_869,iHN637.CLJU_RS05660,1375
869,gene_870,iHN637.CLJU_RS05680,150
871,gene_872,iHN637.CLJU_RS05725,214
872,gene_873,iHN637.CLJU_RS05730,444
873,gene_874,iHN637.CLJU_RS05735,234
874,gene_875,iHN637.CLJU_RS05740,182
875,gene_876,iHN637.CLJU_RS05750,361
876,gene_877,iHN637.CLJU_RS05755,335
877,gene_878,iHN637.CLJU_RS05805,604
878,gene_879,iHN637.CLJU_RS05810,238
879,gene_880,iHN637.CLJU_RS05895,322
881,gene_882,iHN637.CLJU_RS06145,176
883,gene_884,iHN637.CLJU_RS06205,250
885,gene_886,iHN637.CLJU_RS06265,463
886,gene_887,iHN637.CLJU_RS06280,289
887,gene_888,iHN637.CLJU_RS06285,88
888,gene_889,iHN637.CLJU_RS06400,226
889,gene_890,iHN637.CLJU_RS06410,231
890,gene_891,iHN637.CLJU_RS06430,395
891,gene_892,iHN637.CLJU_RS06465,149
892,gene_893,iHN637.CLJU_RS06515,159
893,gene_894,iHN637.CLJU_RS06565,606
894,gene_895,iHN637.CLJU_RS06575,633
895,gene_896,iHN637.CLJU_RS06595,483
898,gene_899,iHN637.CLJU_RS07005,606
899,gene_900,iHN637.CLJU_RS07045,137
900,gene_901,iHN637.CLJU_RS07205,478
901,gene_902,iHN637.CLJU_RS07210,740
902,gene_903,iHN637.CLJU_RS07215,154
903,gene_904,iHN637.CLJU_RS07240,424
904,gene_905,iHN637.CLJU_RS07395,396
905,gene_906,iHN637.CLJU_RS07410,226
906,gene_907,iHN637.CLJU_RS07805,145
908,gene_909,iHN637.CLJU_RS07880,210
909,gene_910,iHN637.CLJU_RS07885,280
910,gene_911,iHN637.CLJU_RS07890,187
912,gene_913,iHN637.CLJU_RS07900,492
913,gene_914,iHN637.CLJU_RS07905,221
915,gene_916,iHN637.CLJU_RS08905,141
916,gene_917,iHN637.CLJU_RS09955,121
917,gene_918,iHN637.CLJU_RS10005,418
918,gene_919,iHN637.CLJU_RS10010,418
919,gene_920,iHN637.CLJU_RS10015,673
920,gene_921,iHN637.CLJU_RS10025,162
921,gene_922,iHN637.CLJU_RS10075,325
922,gene_923,iHN637.CLJU_RS10190,246
923,gene_924,iHN637.CLJU_RS10210,237
925,gene_926,iHN637.CLJU_RS10465,275
927,gene_928,iHN637.CLJU_RS10565,264
928,gene_929,iHN637.CLJU_RS10570,368
929,gene_930,iHN637.CLJU_RS10635,50
930,gene_931,iHN637.CLJU_RS10825,216
931,gene_932,iHN637.CLJU_RS10830,475
933,gene_934,iHN637.CLJU_RS10870,284
934,gene_935,iHN637.CLJU_RS10875,211
935,gene_936,iHN637.CLJU_RS10880,117
936,gene_937,iHN637.CLJU_RS11215,128
937,gene_938,iHN637.CLJU_RS11345,57
941,gene_942,iHN637.CLJU_RS11425,80
942,gene_943,iHN637.CLJU_RS11515,593
943,gene_944,iHN637.CLJU_RS11570,243
945,gene_946,iHN637.CLJU_RS12020,261
946,gene_947,iHN637.CLJU_RS12050,108
947,gene_948,iHN637.CLJU_RS12420,1132
948,gene_949,iHN637.CLJU_RS12425,341
949,gene_950,iHN637.CLJU_RS12430,392
950,gene_951,iHN637.CLJU_RS12495,437
951,gene_952,iHN637.CLJU_RS12550,376
952,gene_953,iHN637.CLJU_RS12555,364
954,gene_955,iHN637.CLJU_RS13140,252
955,gene_956,iHN637.CLJU_RS13685,286
956,gene_957,iHN637.CLJU_RS13835,391
958,gene_959,iHN637.CLJU_RS14330,755
959,gene_960,iHN637.CLJU_RS14370,105
960,gene_961,iHN637.CLJU_RS14475,1297
961,gene_962,iHN637.CLJU_RS15025,220
962,gene_963,iHN637.CLJU_RS15045,460
963,gene_964,iHN637.CLJU_RS15095,369
964,gene_965,iHN637.CLJU_RS15680,96
967,gene_968,iHN637.CLJU_RS15710,253
971,gene_972,iHN637.CLJU_RS15740,292
973,gene_974,iHN637.CLJU_RS15750,380
974,gene_975,iHN637.CLJU_RS15830,302
975,gene_976,iHN637.CLJU_RS16285,265
976,gene_977,iHN637.CLJU_RS16295,179
977,gene_978,iHN637.CLJU_RS16355,556
978,gene_979,iHN637.CLJU_RS16615,686
979,gene_980,iHN637.CLJU_RS16620,186
980,gene_981,iHN637.CLJU_RS16730,267
981,gene_982,iHN637.CLJU_RS16870,289
982,gene_983,iHN637.CLJU_RS16970,437
983,gene_984,iHN637.CLJU_RS17035,220
985,gene_986,iHN637.CLJU_RS17100,255
986,gene_987,iHN637.CLJU_RS17105,1082
988,gene_989,iHN637.CLJU_RS17275,178
989,gene_990,iHN637.CLJU_RS17490,75
990,gene_991,iHN637.CLJU_RS17500,100
991,gene_992,iHN637.CLJU_RS17585,216
992,gene_993,iHN637.CLJU_RS17590,149
993,gene_994,iHN637.CLJU_RS17595,410
995,gene_996,iHN637.CLJU_RS17720,219
997,gene_998,iHN637.CLJU_RS18300,676
998,gene_999,iHN637.CLJU_RS18305,648
999,gene_1000,iHN637.CLJU_RS18325,314
1000,gene_1001,iHN637.CLJU_RS18335,657
1001,gene_1002,iHN637.CLJU_RS18360,340
1002,gene_1003,iHN637.CLJU_RS18405,276
1003,gene_1004,iHN637.CLJU_RS18410,1291
1004,gene_1005,iHN637.CLJU_RS18460,241
1005,gene_1006,iHN637.CLJU_RS18480,245
1006,gene_1007,iHN637.CLJU_RS18540,736
1007,gene_1008,iHN637.CLJU_RS18545,44
1008,gene_1009,iHN637.CLJU_RS18940,435
1009,gene_1010,iHN637.CLJU_RS19255,477
1010,gene_1011,iHN637.CLJU_RS19260,622
1011,gene_1012,iHN637.CLJU_RS19265,279
1012,gene_1013,iHN637.CLJU_RS19270,536
1014,gene_1015,iHN637.CLJU_RS19400,234
1017,gene_1018,iHN637.CLJU_RS19905,646
1018,gene_1019,iHN637.CLJU_RS19935,60
1019,gene_1020,iHN637.CLJU_RS19990,247
1020,gene_1021,iHN637.CLJU_RS19995,356
1021,gene_1022,iHN637.CLJU_RS20110,247
1022,gene_1023,iHN637.CLJU_RS20335,199
1023,gene_1024,iHN637.CLJU_RS20455,244
1024,gene_1025,iHN637.CLJU_RS20465,185
1025,gene_1026,iHN637.CLJU_RS20600,424
1026,gene_1027,iHN637.CLJU_RS20680,439
1027,gene_1028,iHN637.CLJU_RS20735,306
1028,gene_1029,iHN637.CLJU_RS20740,334
1029,gene_1030,iHN637.CLJU_RS20745,557
1030,gene_1031,iHN637.CLJU_RS20750,182
1031,gene_1032,iHN637.CLJU_RS20755,97
1032,gene_1033,iHN637.CLJU_RS20760,449
1033,gene_1034,iHN637.CLJU_RS20765,236
1034,gene_1035,iHN637.CLJU_RS20770,260
1035,gene_1036,iHN637.CLJU_RS20775,379
1036,gene_1037,iHN637.CLJU_RS20780,288
1038,gene_1039,iIT341.HP0055,326
1039,gene_1040,iIT341.HP0096,138
1040,gene_1041,iIT341.HP0588,41
1041,gene_1042,iIT341.HP0687,53
1043,gene_1044,iIT341.HP0824,89
1046,gene_1047,iIT341.HP1132,619
1047,gene_1048,iIT341.HP1134,537
1050,gene_1051,iIT341.HP1278,455
1052,gene_1053,iIT341.HP1576,160
1053,gene_1054,iJN1463.PP_0043,161
1054,gene_1055,iJN1463.PP_0065,187
1055,gene_1056,iJN1463.PP_0083,480
1056,gene_1057,iJN1463.PP_0114,106
1057,gene_1058,iJN1463.PP_0118,140
1059,gene_1060,iJN1463.PP_0184,474
1061,gene_1062,iJN1463.PP_0209,167
1068,gene_1069,iJN1463.PP_0303,173
1069,gene_1070,iJN1463.PP_0310,202
1070,gene_1071,iJN1463.PP_0322,480
1071,gene_1072,iJN1463.PP_0416,92
1072,gene_1073,iJN1463.PP_0420,207
1074,gene_1075,iJN1463.PP_0671,481
1076,gene_1077,iJN1463.PP_0843,140
1077,gene_1078,iJN1463.PP_0868,240
1079,gene_1080,iJN1463.PP_0953,137
1080,gene_1081,iJN1463.PP_0967,344
1081,gene_1082,iJN1463.PP_1000,392
1084,gene_1085,iJN1463.PP_1075,596
1086,gene_1087,iJN1463.PP_1138,134
1088,gene_1089,iJN1463.PP_1140,114
1091,gene_1092,iJN1463.PP_1225,102
1092,gene_1093,iJN1463.PP_1226,108
1093,gene_1094,iJN1463.PP_1280,150
1094,gene_1095,iJN1463.PP_1292,171
1095,gene_1096,iJN1463.PP_1303,404
1096,gene_1097,iJN1463.PP_1304,480
1097,gene_1098,iJN1463.PP_1308,73
1099,gene_1100,iJN1463.PP_1336,128
1102,gene_1103,iJN1463.PP_1722,98
1103,gene_1104,iJN1463.PP_1768,330
1105,gene_1106,iJN1463.PP_1915,84
1106,gene_1107,iJN1463.PP_1988,351
1107,gene_1108,iJN1463.PP_2008,241
1108,gene_1109,iJN1463.PP_2185,435
1109,gene_1110,iJN1463.PP_2410,194
1113,gene_1114,iJN1463.PP_2904,620
1114,gene_1115,iJN1463.PP_3074,98
1115,gene_1116,iJN1463.PP_3285,80
1116,gene_1117,iJN1463.PP_3461,164
1117,gene_1118,iJN1463.PP_3511,322
1119,gene_1120,iJN1463.PP_3755,228
1120,gene_1121,iJN1463.PP_3766,41
1121,gene_1122,iJN1463.PP_3803,139
1122,gene_1123,iJN1463.PP_4000,241
1123,gene_1124,iJN1463.PP_4058,634
1124,gene_1125,iJN1463.PP_4210,221
1126,gene_1127,iJN1463.PP_4243,245
1131,gene_1132,iJN1463.PP_4636,419
1135,gene_1136,iJN1463.PP_4784,454
1136,gene_1137,iJN1463.PP_4803,120
1138,gene_1139,iJN1463.PP_4863,211
1141,gene_1142,iJN1463.PP_4893,244
1142,gene_1143,iJN1463.PP_4935,261
1143,gene_1144,iJN1463.PP_4946,320
1144,gene_1145,iJN1463.PP_5013,169
1145,gene_1146,iJN1463.PP_5078,218
1146,gene_1147,iJN1463.PP_5089,315
1147,gene_1148,iJN1463.PP_5123,164
1148,gene_1149,iJN1463.PP_5168,258
1149,gene_1150,iJN1463.PP_5315,71
1151,gene_1152,iJN1463.PP_5371,71
1153,gene_1154,iLB1027_lipid.PHATRDRAFT_15323,52
1154,gene_1155,iLB1027_lipid.PHATRDRAFT_15815,561
1155,gene_1156,iLB1027_lipid.PHATRDRAFT_16944,154
1159,gene_1160,iLB1027_lipid.PHATRDRAFT_43429,344
1160,gene_1161,iLB1027_lipid.PHATRDRAFT_54086,587
1162,gene_1163,iLB1027_lipid.PHATRDRAFT_9984,40
1163,gene_1164,iLJ478.TM0010,721
1164,gene_1165,iLJ478.TM0012,145
1165,gene_1166,iLJ478.TM0015,157
1166,gene_1167,iLJ478.TM0017,356
1167,gene_1168,iLJ478.TM0018,319
1170,gene_1171,iLJ478.TM0115,284
1173,gene_1174,iLJ478.TM0141,224
1175,gene_1176,iLJ478.TM0168,814
1176,gene_1177,iLJ478.TM0172,426
1177,gene_1178,iLJ478.TM0201,564
1178,gene_1179,iLJ478.TM0239,283
1179,gene_1180,iLJ478.TM0240,362
1180,gene_1181,iLJ478.TM0274,496
1183,gene_1184,iLJ478.TM0402,400
1184,gene_1185,iLJ478.TM0446,202
1185,gene_1186,iLJ478.TM0548,496
1186,gene_1187,iLJ478.TM0550,416
1187,gene_1188,iLJ478.TM0551,622
1189,gene_1190,iLJ478.TM0720,498
1190,gene_1191,iLJ478.TM0751,483
1191,gene_1192,iLJ478.TM0846,134
1192,gene_1193,iLJ478.TM0877,434
1193,gene_1194,iLJ478.TM0881,334
1194,gene_1195,iLJ478.TM0882,436
1196,gene_1197,iLJ478.TM0911,320
1200,gene_1201,iLJ478.TM1077,301
1202,gene_1203,iLJ478.TM1136,124
1204,gene_1205,iLJ478.TM1139,217
1205,gene_1206,iLJ478.TM1148,485
1207,gene_1208,iLJ478.TM1287,45
1208,gene_1209,iLJ478.TM1379,245
1209,gene_1210,iLJ478.TM1384,189
1210,gene_1211,iLJ478.TM1401,158
1212,gene_1213,iLJ478.TM1430,605
1214,gene_1215,iLJ478.TM1433,156
1216,gene_1217,iLJ478.TM1610,625
1217,gene_1218,iLJ478.TM1612,550
1218,gene_1219,iLJ478.TM1621,73
1219,gene_1220,iLJ478.TM1689,60
1220,gene_1221,iLJ478.TM1724,261
1224,gene_1225,iLJ478.TM1782,332
1225,gene_1226,iLJ478.TM1783,376
1226,gene_1227,iLJ478.TM1784,268
1227,gene_1228,iLJ478.TM1785,352
1230,gene_1231,iML1515.b0089,159
1232,gene_1233,iML1515.b0199,160
1233,gene_1234,iML1515.b0273,360
1235,gene_1236,iML1515.b0386,269
1236,gene_1237,iML1515.b0403,258
1237,gene_1238,iML1515.b0459,173
1239,gene_1240,iML1515.b0650,333
1240,gene_1241,iML1515.b0783,162
1241,gene_1242,iML1515.b0811,125
1246,gene_1247,iML1515.b0907,325
1248,gene_1249,iML1515.b0914,282
1250,gene_1251,iML1515.b1010,76
1251,gene_1252,iML1515.b1015,337
1253,gene_1254,iML1515.b1207,107
1254,gene_1255,iML1515.b1210,150
1255,gene_1256,iML1515.b1246,327
1256,gene_1257,iML1515.b1308,59
1259,gene_1260,iML1515.b1463,94
1260,gene_1261,iML1515.b1539,74
1261,gene_1262,iML1515.b1587,181
1264,gene_1265,iML1515.b1655,79
1265,gene_1266,iML1515.b1679,73
1266,gene_1267,iML1515.b1680,321
1267,gene_1268,iML1515.b1683,50
1268,gene_1269,iML1515.b1711,138
1270,gene_1271,iML1515.b1771,63
1271,gene_1272,iML1515.b1821,87
1272,gene_1273,iML1515.b1858,139
1275,gene_1276,iML1515.b1920,42
1276,gene_1277,iML1515.b1985,159
1277,gene_1278,iML1515.b1993,62
1278,gene_1279,iML1515.b2028,476
1279,gene_1280,iML1515.b2036,469
1280,gene_1281,iML1515.b2037,99
1283,gene_1284,iML1515.b2173,102
1284,gene_1285,iML1515.b2175,60
1285,gene_1286,iML1515.b2180,95
1287,gene_1288,iML1515.b2221,201
1288,gene_1289,iML1515.b2223,367
1289,gene_1290,iML1515.b2224,395
1290,gene_1291,iML1515.b2329,328
1291,gene_1292,iML1515.b2411,468
1292,gene_1293,iML1515.b2415,63
1294,gene_1295,iML1515.b2529,142
1295,gene_1296,iML1515.b2551,479
1296,gene_1297,iML1515.b2700,63
1297,gene_1298,iML1515.b2710,152
1298,gene_1299,iML1515.b2738,75
1299,gene_1300,iML1515.b2752,410
1301,gene_1302,iML1515.b2877,64
1302,gene_1303,iML1515.b2924,127
1303,gene_1304,iML1515.b2954,160
1304,gene_1305,iML1515.b3011,244
1305,gene_1306,iML1515.b3040,75
1307,gene_1308,iML1515.b3201,127
1308,gene_1309,iML1515.b3248,138
1310,gene_1311,iML1515.b3258,323
1311,gene_1312,iML1515.b3290,196
1312,gene_1313,iML1515.b3291,87
1315,gene_1316,iML1515.b3389,246
1316,gene_1317,iML1515.b3403,51
1317,gene_1318,iML1515.b3409,45
1320,gene_1321,iML1515.b3432,598
1322,gene_1323,iML1515.b3455,139
1323,gene_1324,iML1515.b3551,228
1324,gene_1325,iML1515.b3590,87
1325,gene_1326,iML1515.b3642,173
1326,gene_1327,iML1515.b3697,103
1327,gene_1328,iML1515.b3732,597
1328,gene_1329,iML1515.b3749,388
1331,gene_1332,iML1515.b3831,176
1333,gene_1334,iML1515.b3926,615
1334,gene_1335,iML1515.b3996,122
1336,gene_1337,iML1515.b4072,130
1338,gene_1339,iML1515.b4090,166
1339,gene_1340,iML1515.b4167,194
1340,gene_1341,iML1515.b4173,268
1342,gene_1343,iML1515.b4237,127
1343,gene_1344,iML1515.b4238,429
1344,gene_1345,iML1515.b4254,372
1346,gene_1347,iMM1415.107272,326
1347,gene_1348,iMM1415.110095,755
1348,gene_1349,iMM1415.11303,121
1349,gene_1350,iMM1415.11431,83
1350,gene_1351,iMM1415.11947,606
1351,gene_1352,iMM1415.14411,140
1352,gene_1353,iMM1415.14412,110
1353,gene_1354,iMM1415.18195,132
1354,gene_1355,iMM1415.18670,221
1355,gene_1356,iMM1415.19309,761
1356,gene_1357,iMM1415.23945,75
1357,gene_1358,iMM1415.243616,114
1359,gene_1360,iMM1415.66401,38
1362,gene_1363,iMM904.YBR034C,40
1363,gene_1364,iMM904.YBR115C,228
1365,gene_1366,iMM904.YIL020C,185
1366,gene_1367,iMM904.YJR121W,615
1367,gene_1368,iMM904.YJR159W,81
1369,gene_1370,iMM904.YML008C,48
1371,gene_1372,iNF517.LLMG_RS00495,505
1372,gene_1373,iNF517.LLMG_RS00670,58
1374,gene_1375,iNF517.LLMG_RS01180,460
1375,gene_1376,iNF517.LLMG_RS01210,594
1376,gene_1377,iNF517.LLMG_RS01465,409
1377,gene_1378,iNF517.LLMG_RS01625,119
1381,gene_1382,iNF517.LLMG_RS02055,342
1382,gene_1383,iNF517.LLMG_RS02290,373
1384,gene_1385,iNF517.LLMG_RS02785,395
1385,gene_1386,iNF517.LLMG_RS02940,324
1387,gene_1388,iNF517.LLMG_RS03315,536
1389,gene_1390,iNF517.LLMG_RS03945,356
1390,gene_1391,iNF517.LLMG_RS04060,279
1392,gene_1393,iNF517.LLMG_RS04880,176
1393,gene_1394,iNF517.LLMG_RS05020,333
1394,gene_1395,iNF517.LLMG_RS05280,478
1396,gene_1397,iNF517.LLMG_RS05530,1148
1397,gene_1398,iNF517.LLMG_RS05615,50
1398,gene_1399,iNF517.LLMG_RS05690,297
1399,gene_1400,iNF517.LLMG_RS05980,349
1400,gene_1401,iNF517.LLMG_RS06000,518
1401,gene_1402,iNF517.LLMG_RS06535,197
1402,gene_1403,iNF517.LLMG_RS06550,137
1404,gene_1405,iNF517.LLMG_RS06585,365
1405,gene_1406,iNF517.LLMG_RS06730,108
1409,gene_1410,iNF517.LLMG_RS07220,207
1410,gene_1411,iNF517.LLMG_RS07275,137
1411,gene_1412,iNF517.LLMG_RS07320,152
1412,gene_1413,iNF517.LLMG_RS07670,253
1413,gene_1414,iNF517.LLMG_RS07695,213
1414,gene_1415,iNF517.LLMG_RS07700,490
1415,gene_1416,iNF517.LLMG_RS07705,221
1416,gene_1417,iNF517.LLMG_RS07710,369
1419,gene_1420,iNF517.LLMG_RS08455,256
1424,gene_1425,iNF517.LLMG_RS08750,826
1425,gene_1426,iNF517.LLMG_RS08890,465
1427,gene_1428,iNF517.LLMG_RS08930,541
1428,gene_1429,iNF517.LLMG_RS08955,244
1429,gene_1430,iNF517.LLMG_RS08965,276
1430,gene_1431,iNF517.LLMG_RS09365,741
1434,gene_1435,iNF517.LLMG_RS09720,307
1435,gene_1436,iNF517.LLMG_RS09735,610
1436,gene_1437,iNF517.LLMG_RS09745,542
1437,gene_1438,iNF517.LLMG_RS09915,305
1439,gene_1440,iNF517.LLMG_RS10780,181
1441,gene_1442,iNF517.LLMG_RS11025,493
1442,gene_1443,iNF517.LLMG_RS11055,349
1444,gene_1445,iNF517.LLMG_RS11470,219
1445,gene_1446,iNF517.LLMG_RS11535,226
1446,gene_1447,iNF517.LLMG_RS11965,511
1448,gene_1449,iNF517.LLMG_RS12210,112
1451,gene_1452,iNF517.LLMG_RS12755,401
1452,gene_1453,iPC815.YPO0045,176
1455,gene_1456,iPC815.YPO0152,223
1458,gene_1459,iPC815.YPO0239,204
1461,gene_1462,iPC815.YPO0945,165
1463,gene_1464,iPC815.YPO1073,170
1464,gene_1465,iPC815.YPO1198,48
1466,gene_1467,iPC815.YPO1332,112
1467,gene_1468,iPC815.YPO1379,259
1469,gene_1470,iPC815.YPO1389,342
1471,gene_1472,iPC815.YPO1395,286
1475,gene_1476,iPC815.YPO1914,224
1476,gene_1477,iPC815.YPO2013,101
1478,gene_1479,iPC815.YPO2046,308
1479,gene_1480,iPC815.YPO2060,73
1480,gene_1481,iPC815.YPO2167,41
1481,gene_1482,iPC815.YPO2369,318
1485,gene_1486,iPC815.YPO2512,123
1488,gene_1489,iPC815.YPO2751,345
1490,gene_1491,iPC815.YPO2993,62
1491,gene_1492,iPC815.YPO3172,92
1492,gene_1493,iPC815.YPO3200,241
1494,gene_1495,iPC815.YPO3366,408
1496,gene_1497,iPC815.YPO3446,395
1497,gene_1498,iPC815.YPO3454,415
1498,gene_1499,iPC815.YPO3455,119
1499,gene_1500,iPC815.YPO3576,175
1500,gene_1501,iPC815.YPO3657,301
1504,gene_1505,iPC815.YPO3786,159
1505,gene_1506,iPC815.YPO3804,211
1506,gene_1507,iPC815.YPO3805,132
1511,gene_1512,iPC815.YPO3942,604
1513,gene_1514,iPC815.YPO4121,602
1514,gene_1515,iSDY_1059.SDY_0047,187
1517,gene_1518,iSDY_1059.SDY_0218,160
1518,gene_1519,iSDY_1059.SDY_0356,268
1519,gene_1520,iSDY_1059.SDY_0460,151
1521,gene_1522,iSDY_1059.SDY_0785,99
1524,gene_1525,iSDY_1059.SDY_0874,52
1525,gene_1526,iSDY_1059.SDY_0985,67
1526,gene_1527,iSDY_1059.SDY_0990,337
1527,gene_1528,iSDY_1059.SDY_1145,139
1528,gene_1529,iSDY_1059.SDY_1180,335
1529,gene_1530,iSDY_1059.SDY_1256,110
1530,gene_1531,iSDY_1059.SDY_1259,140
1532,gene_1533,iSDY_1059.SDY_1586,75
1534,gene_1535,iSDY_1059.SDY_1860,327
1536,gene_1537,iSDY_1059.SDY_1910,70
1538,gene_1539,iSDY_1059.SDY_1936,60
1539,gene_1540,iSDY_1059.SDY_2026,107
1541,gene_1542,iSDY_1059.SDY_2213,492
1542,gene_1543,iSDY_1059.SDY_2240,74
1543,gene_1544,iSDY_1059.SDY_2344,289
1550,gene_1551,iSDY_1059.SDY_2612,63
1551,gene_1552,iSDY_1059.SDY_2725,142
1552,gene_1553,iSDY_1059.SDY_2741,489
1554,gene_1555,iSDY_1059.SDY_2907,176
1555,gene_1556,iSDY_1059.SDY_2951,406
1557,gene_1558,iSDY_1059.SDY_3200,85
1558,gene_1559,iSDY_1059.SDY_3377,171
1559,gene_1560,iSDY_1059.SDY_3382,124
1561,gene_1562,iSDY_1059.SDY_3435,313
1562,gene_1563,iSDY_1059.SDY_3466,213
1565,gene_1566,iSDY_1059.SDY_3578,603
1567,gene_1568,iSDY_1059.SDY_3604,137
1570,gene_1571,iSDY_1059.SDY_3673,50
1571,gene_1572,iSDY_1059.SDY_3690,223
1574,gene_1575,iSDY_1059.SDY_3730,140
1575,gene_1576,iSDY_1059.SDY_3818,609
1578,gene_1579,iSDY_1059.SDY_3912,172
1579,gene_1580,iSDY_1059.SDY_3968,94
1580,gene_1581,iSDY_1059.SDY_4016,604
1581,gene_1582,iSDY_1059.SDY_4073,179
1582,gene_1583,iSDY_1059.SDY_4256,127
1583,gene_1584,iSDY_1059.SDY_4257,422
1584,gene_1585,iSDY_1059.SDY_4276,396
1587,gene_1588,iSF_1195.SF0021,187
1590,gene_1591,iSF_1195.SF0190,159
1591,gene_1592,iSF_1195.SF0322,269
1592,gene_1593,iSF_1195.SF0340,263
1595,gene_1596,iSF_1195.SF0733,169
1599,gene_1600,iSF_1195.SF0902,323
1601,gene_1602,iSF_1195.SF0910,286
1602,gene_1603,iSF_1195.SF1013,63
1604,gene_1605,iSF_1195.SF1210,110
1606,gene_1607,iSF_1195.SF1247,330
1607,gene_1608,iSF_1195.SF1313,59
1608,gene_1609,iSF_1195.SF1520,139
1609,gene_1610,iSF_1195.SF1556,75
1611,gene_1612,iSF_1195.SF1708,74
1613,gene_1614,iSF_1195.SF1867,137
1615,gene_1616,iSF_1195.SF1917,333
1616,gene_1617,iSF_1195.SF2061,41
1618,gene_1619,iSF_1195.SF2288,53
1619,gene_1620,iSF_1195.SF2466,489
1620,gene_1621,iSF_1195.SF2470,63
1621,gene_1622,iSF_1195.SF2576,142
1622,gene_1623,iSF_1195.SF2598,479
1624,gene_1625,iSF_1195.SF2733,152
1625,gene_1626,iSF_1195.SF2775,409
1628,gene_1629,iSF_1195.SF3080,75
1629,gene_1630,iSF_1195.SF3236,169
1630,gene_1631,iSF_1195.SF3241,124
1632,gene_1633,iSF_1195.SF3296,303
1633,gene_1634,iSF_1195.SF3321,196
1637,gene_1638,iSF_1195.SF3407,234
1638,gene_1639,iSF_1195.SF3422,741
1639,gene_1640,iSF_1195.SF3428,46
1641,gene_1642,iSF_1195.SF3455,597
1643,gene_1644,iSF_1195.SF3473,133
1644,gene_1645,iSF_1195.SF3585,226
1645,gene_1646,iSF_1195.SF3681,200
1646,gene_1647,iSF_1195.SF3812,607
1647,gene_1648,iSF_1195.SF3854,94
1648,gene_1649,iSF_1195.SF3909,166
1652,gene_1653,iSF_1195.SF4068,133
1653,gene_1654,iSF_1195.SF4132,142
1654,gene_1655,iSF_1195.SF4235,371
1655,gene_1656,iSF_1195.SF4252,422
1656,gene_1657,iSF_1195.SF4253,124
1659,gene_1660,iSSON_1240.SSON_0030,187
1661,gene_1662,iSSON_1240.SSON_0166,468
1662,gene_1663,iSSON_1240.SSON_0213,160
1664,gene_1665,iSSON_1240.SSON_0362,267
1665,gene_1666,iSSON_1240.SSON_0380,244
1666,gene_1667,iSSON_1240.SSON_0446,173
1667,gene_1668,iSSON_1240.SSON_0604,277
1669,gene_1670,iSSON_1240.SSON_0791,101
1671,gene_1672,iSSON_1240.SSON_0895,213
1674,gene_1675,iSSON_1240.SSON_0908,333
1676,gene_1677,iSSON_1240.SSON_0916,291
1677,gene_1678,iSSON_1240.SSON_1035,340
1680,gene_1681,iSSON_1240.SSON_1242,318
1682,gene_1683,iSSON_1240.SSON_1283,129
1683,gene_1684,iSSON_1240.SSON_1447,157
1684,gene_1685,iSSON_1240.SSON_1473,55
1685,gene_1686,iSSON_1240.SSON_1476,300
1686,gene_1687,iSSON_1240.SSON_1477,68
1687,gene_1688,iSSON_1240.SSON_1505,48
1688,gene_1689,iSSON_1240.SSON_1519,325
1689,gene_1690,iSSON_1240.SSON_1589,74
1690,gene_1691,iSSON_1240.SSON_1662,97
1691,gene_1692,iSSON_1240.SSON_1832,59
1694,gene_1695,iSSON_1240.SSON_1971,112
1695,gene_1696,iSSON_1240.SSON_2054,74
1696,gene_1697,iSSON_1240.SSON_2099,468
1699,gene_1700,iSSON_1240.SSON_2280,201
1700,gene_1701,iSSON_1240.SSON_2282,374
1701,gene_1702,iSSON_1240.SSON_2283,404
1704,gene_1705,iSSON_1240.SSON_2504,63
1705,gene_1706,iSSON_1240.SSON_2611,142
1706,gene_1707,iSSON_1240.SSON_2634,490
1708,gene_1709,iSSON_1240.SSON_2854,152
1709,gene_1710,iSSON_1240.SSON_2886,102
1710,gene_1711,iSSON_1240.SSON_2900,414
1711,gene_1712,iSSON_1240.SSON_3004,333
1712,gene_1713,iSSON_1240.SSON_3025,291
1713,gene_1714,iSSON_1240.SSON_3028,57
1715,gene_1716,iSSON_1240.SSON_3177,73
1716,gene_1717,iSSON_1240.SSON_3344,175
1717,gene_1718,iSSON_1240.SSON_3349,127
1719,gene_1720,iSSON_1240.SSON_3399,303
1720,gene_1721,iSSON_1240.SSON_3430,196
1722,gene_1723,iSSON_1240.SSON_3515,367
1724,gene_1725,iSSON_1240.SSON_3520,221
1725,gene_1726,iSSON_1240.SSON_3534,736
1727,gene_1728,iSSON_1240.SSON_3672,601
1729,gene_1730,iSSON_1240.SSON_3693,133
1730,gene_1731,iSSON_1240.SSON_3764,174
1732,gene_1733,iSSON_1240.SSON_3839,228
1733,gene_1734,iSSON_1240.SSON_3887,598
1734,gene_1735,iSSON_1240.SSON_3952,84
1735,gene_1736,iSSON_1240.SSON_4006,159
1738,gene_1739,iSSON_1240.SSON_4095,614
1739,gene_1740,iSSON_1240.SSON_4169,131
1740,gene_1741,iSSON_1240.SSON_4253,144
1742,gene_1743,iSSON_1240.SSON_4418,122
1743,gene_1744,iSSON_1240.SSON_4419,425
1744,gene_1745,iSSON_1240.SSON_4436,398
1749,gene_1750,iSbBS512_1146.SbBS512_E0146,461
1750,gene_1751,iSbBS512_1146.SbBS512_E0193,160
1751,gene_1752,iSbBS512_1146.SbBS512_E0303,256
1752,gene_1753,iSbBS512_1146.SbBS512_E0599,276
1754,gene_1755,iSbBS512_1146.SbBS512_E0737,60
1755,gene_1756,iSbBS512_1146.SbBS512_E0954,87
1756,gene_1757,iSbBS512_1146.SbBS512_E1203,478
1758,gene_1759,iSbBS512_1146.SbBS512_E1371,110
1761,gene_1762,iSbBS512_1146.SbBS512_E1544,59
1762,gene_1763,iSbBS512_1146.SbBS512_E1701,75
1763,gene_1764,iSbBS512_1146.SbBS512_E1829,325
1764,gene_1765,iSbBS512_1146.SbBS512_E1880,72
1765,gene_1766,iSbBS512_1146.SbBS512_E1881,303
1767,gene_1768,iSbBS512_1146.SbBS512_E2169,326
1769,gene_1770,iSbBS512_1146.SbBS512_E2302,337
1770,gene_1771,iSbBS512_1146.SbBS512_E2410,282
1772,gene_1773,iSbBS512_1146.SbBS512_E2421,333
1776,gene_1777,iSbBS512_1146.SbBS512_E2569,162
1778,gene_1779,iSbBS512_1146.SbBS512_E2765,63
1779,gene_1780,iSbBS512_1146.SbBS512_E2904,143
1780,gene_1781,iSbBS512_1146.SbBS512_E2916,479
1781,gene_1782,iSbBS512_1146.SbBS512_E3122,409
1782,gene_1783,iSbBS512_1146.SbBS512_E3136,96
1787,gene_1788,iSbBS512_1146.SbBS512_E3472,85
1788,gene_1789,iSbBS512_1146.SbBS512_E3569,124
1789,gene_1790,iSbBS512_1146.SbBS512_E3574,171
1790,gene_1791,iSbBS512_1146.SbBS512_E3641,324
1791,gene_1792,iSbBS512_1146.SbBS512_E3674,196
1796,gene_1797,iSbBS512_1146.SbBS512_E3782,52
1797,gene_1798,iSbBS512_1146.SbBS512_E3790,47
1799,gene_1800,iSbBS512_1146.SbBS512_E3867,131
1803,gene_1804,iSbBS512_1146.SbBS512_E4050,88
1804,gene_1805,iSbBS512_1146.SbBS512_E4067,177
1805,gene_1806,iSbBS512_1146.SbBS512_E4140,96
1806,gene_1807,iSbBS512_1146.SbBS512_E4189,598
1807,gene_1808,iSbBS512_1146.SbBS512_E4303,167
1810,gene_1811,iSbBS512_1146.SbBS512_E4408,610
1811,gene_1812,iSbBS512_1146.SbBS512_E4487,142
1812,gene_1813,iSbBS512_1146.SbBS512_E4593,144
1814,gene_1815,iSbBS512_1146.SbBS512_E4829,369
1815,gene_1816,iSbBS512_1146.SbBS512_E4846,425
1816,gene_1817,iSbBS512_1146.SbBS512_E4847,127
1818,gene_1819,iSynCJ816.SGL_RS01940,162
1819,gene_1820,iSynCJ816.SGL_RS02240,169
1821,gene_1822,iSynCJ816.SGL_RS02635,38
1823,gene_1824,iSynCJ816.SGL_RS02675,539
1825,gene_1826,iSynCJ816.SGL_RS02895,569
1828,gene_1829,iSynCJ816.SGL_RS03010,454
1830,gene_1831,iSynCJ816.SGL_RS04160,1519
1831,gene_1832,iSynCJ816.SGL_RS04550,226
1832,gene_1833,iSynCJ816.SGL_RS04625,142
1833,gene_1834,iSynCJ816.SGL_RS04690,483
1834,gene_1835,iSynCJ816.SGL_RS05125,57
1836,gene_1837,iSynCJ816.SGL_RS05700,357
1837,gene_1838,iSynCJ816.SGL_RS05885,268
1838,gene_1839,iSynCJ816.SGL_RS06190,362
1839,gene_1840,iSynCJ816.SGL_RS06580,208
1841,gene_1842,iSynCJ816.SGL_RS06730,88
1842,gene_1843,iSynCJ816.SGL_RS06895,786
1843,gene_1844,iSynCJ816.SGL_RS07100,780
1845,gene_1846,iSynCJ816.SGL_RS07670,196
1847,gene_1848,iSynCJ816.SGL_RS08250,177
1848,gene_1849,iSynCJ816.SGL_RS09325,296
1850,gene_1851,iSynCJ816.SGL_RS09640,126
1851,gene_1852,iSynCJ816.SGL_RS09665,445
1852,gene_1853,iSynCJ816.SGL_RS09705,591
1855,gene_1856,iSynCJ816.SGL_RS10250,321
1856,gene_1857,iSynCJ816.SGL_RS10570,76
1857,gene_1858,iSynCJ816.SGL_RS10925,528
1858,gene_1859,iSynCJ816.SGL_RS10930,800
1859,gene_1860,iSynCJ816.SGL_RS11390,120
1861,gene_1862,iSynCJ816.SGL_RS11925,652
1862,gene_1863,iSynCJ816.SGL_RS12820,663
1868,gene_1869,iSynCJ816.SGL_RS13860,100
1869,gene_1870,iSynCJ816.SGL_RS13880,213
1870,gene_1871,iSynCJ816.SGL_RS13900,70
1871,gene_1872,iSynCJ816.SGL_RS13980,499
1872,gene_1873,iSynCJ816.SGL_RS14505,431
1876,gene_1877,iSynCJ816.SGL_RS14930,219
1878,gene_1879,iSynCJ816.SGL_RS15225,160
1879,gene_1880,iSynCJ816.SGL_RS15265,317
1881,gene_1882,iSynCJ816.SGL_RS15330,173
1884,gene_1885,iSynCJ816.SGL_RS16015,203
1885,gene_1886,iSynCJ816.SGL_RS16080,45
1886,gene_1887,iSynCJ816.SGL_RS16100,578
1889,gene_1890,iSynCJ816.SGL_RS16650,84
1892,gene_1893,iSynCJ816.SGL_RS17160,119
1893,gene_1894,iSynCJ816.SGL_RS17200,232
1894,gene_1895,iSynCJ816.SGL_RS17215,417
1896,gene_1897,iSynCJ816.SGL_RS17655,44
1900,gene_1901,iYL1228.KPN_00073,183
1901,gene_1902,iYL1228.KPN_00075,297
1903,gene_1904,iYL1228.KPN_00213,165
1906,gene_1907,iYL1228.KPN_00329,254
1907,gene_1908,iYL1228.KPN_00344,255
1908,gene_1909,iYL1228.KPN_00440,172
1910,gene_1911,iYL1228.KPN_00840,126
1911,gene_1912,iYL1228.KPN_00886,117
1912,gene_1913,iYL1228.KPN_00925,255
1916,gene_1917,iYL1228.KPN_00941,295
1917,gene_1918,iYL1228.KPN_01042,338
1919,gene_1920,iYL1228.KPN_01590,78
1920,gene_1921,iYL1228.KPN_01975,322
1922,gene_1923,iYL1228.KPN_02169,140
1923,gene_1924,iYL1228.KPN_02194,322
1924,gene_1925,iYL1228.KPN_02238,105
1925,gene_1926,iYL1228.KPN_02373,140
1926,gene_1927,iYL1228.KPN_02388,314
1927,gene_1928,iYL1228.KPN_02493,476
1930,gene_1931,iYL1228.KPN_02758,455
1931,gene_1932,iYL1228.KPN_02762,63
1932,gene_1933,iYL1228.KPN_02876,483
1934,gene_1935,iYL1228.KPN_03021,75
1935,gene_1936,iYL1228.KPN_03045,434
1936,gene_1937,iYL1228.KPN_03114,418
1937,gene_1938,iYL1228.KPN_03183,80
1941,gene_1942,iYL1228.KPN_03199,219
1942,gene_1943,iYL1228.KPN_03606,177
1944,gene_1945,iYL1228.KPN_03667,307
1945,gene_1946,iYL1228.KPN_03690,197
1946,gene_1947,iYL1228.KPN_03746,206
1948,gene_1949,iYL1228.KPN_03760,238
1949,gene_1950,iYL1228.KPN_03773,739
1952,gene_1953,iYL1228.KPN_03798,442
1957,gene_1958,iYL1228.KPN_03983,183
1958,gene_1959,iYL1228.KPN_04011,637
1959,gene_1960,iYL1228.KPN_04137,582
1960,gene_1961,iYL1228.KPN_04154,429
1967,gene_1968,iYL1228.KPN_04331,157
1969,gene_1970,iYL1228.KPN_04378,126
1973,gene_1974,iYL1228.KPN_04645,119
1974,gene_1975,iYL1228.KPN_04646,418
1975,gene_1976,iYL1228.KPN_04659,400
1976,gene_1977,iYO844.BSU00090,610
1977,gene_1978,iYO844.BSU00180,190
1978,gene_1979,iYO844.BSU00460,270
1981,gene_1982,iYO844.BSU01530,107
1982,gene_1983,iYO844.BSU01770,401
1984,gene_1985,iYO844.BSU02750,138
1985,gene_1986,iYO844.BSU02850,95
1986,gene_1987,iYO844.BSU02860,92
1989,gene_1990,iYO844.BSU03220,327
1990,gene_1991,iYO844.BSU03590,239
1991,gene_1992,iYO844.BSU03860,64
1993,gene_1994,iYO844.BSU06150,174
1994,gene_1995,iYO844.BSU06160,238
1995,gene_1996,iYO844.BSU06170,187
1998,gene_1999,iYO844.BSU06500,350
1999,gene_2000,iYO844.BSU06660,332
2001,gene_2002,iYO844.BSU07490,167
2002,gene_2003,iYO844.BSU08830,231
2004,gene_2005,iYO844.BSU09240,86
2005,gene_2006,iYO844.BSU09290,609
2006,gene_2007,iYO844.BSU09310,538
2007,gene_2008,iYO844.BSU10020,318
2009,gene_2010,iYO844.BSU10270,126
2010,gene_2011,iYO844.BSU11010,266
2012,gene_2013,iYO844.BSU11340,451
2016,gene_2017,iYO844.BSU13550,305
2017,gene_2018,iYO844.BSU13900,58
2018,gene_2019,iYO844.BSU13910,419
2019,gene_2020,iYO844.BSU14510,152
2020,gene_2021,iYO844.BSU15020,160
2021,gene_2022,iYO844.BSU15190,245
2022,gene_2023,iYO844.BSU15500,356
2024,gene_2025,iYO844.BSU15520,1187
2025,gene_2026,iYO844.BSU15530,177
2026,gene_2027,iYO844.BSU15540,320
2027,gene_2028,iYO844.BSU15680,174
2028,gene_2029,iYO844.BSU15720,141
2029,gene_2030,iYO844.BSU15900,258
2030,gene_2031,iYO844.BSU15910,256
2031,gene_2032,iYO844.BSU16530,225
2033,gene_2034,iYO844.BSU17460,541
2035,gene_2036,iYO844.BSU17680,220
2036,gene_2037,iYO844.BSU18440,521
2037,gene_2038,iYO844.BSU18450,1429
2040,gene_2041,iYO844.BSU21910,333
2041,gene_2042,iYO844.BSU22370,256
2042,gene_2043,iYO844.BSU22410,140
2044,gene_2045,iYO844.BSU22480,142
2045,gene_2046,iYO844.BSU22610,206
2046,gene_2047,iYO844.BSU22640,468
2048,gene_2049,iYO844.BSU22780,144
2049,gene_2050,iYO844.BSU22830,330
2050,gene_2051,iYO844.BSU22890,176
2053,gene_2054,iYO844.BSU23250,209
2054,gene_2055,iYO844.BSU23260,486
2055,gene_2056,iYO844.BSU23270,216
2056,gene_2057,iYO844.BSU23490,266
2057,gene_2058,iYO844.BSU23500,390
2059,gene_2060,iYO844.BSU23610,115
2060,gene_2061,iYO844.BSU23960,275
2061,gene_2062,iYO844.BSU23980,108
2063,gene_2064,iYO844.BSU24160,261
2065,gene_2066,iYO844.BSU24340,472
2067,gene_2068,iYO844.BSU24850,237
2069,gene_2070,iYO844.BSU25070,390
2070,gene_2071,iYO844.BSU25300,128
2071,gene_2072,iYO844.BSU27430,291
2072,gene_2073,iYO844.BSU27600,709
2073,gene_2074,iYO844.BSU27910,118
2074,gene_2075,iYO844.BSU28120,457
2075,gene_2076,iYO844.BSU28290,385
2076,gene_2077,iYO844.BSU28310,495
2082,gene_2083,iYO844.BSU29060,81
2084,gene_2085,iYO844.BSU29190,338
2085,gene_2086,iYO844.BSU29220,470
2087,gene_2088,iYO844.BSU29440,465
2088,gene_2089,iYO844.BSU30270,63
2091,gene_2092,iYO844.BSU30410,44
2092,gene_2093,iYO844.BSU30420,175
2093,gene_2094,iYO844.BSU30450,181
2094,gene_2095,iYO844.BSU30550,565
2096,gene_2097,iYO844.BSU30940,759
2097,gene_2098,iYO844.BSU30950,416
2098,gene_2099,iYO844.BSU30970,400
2100,gene_2101,iYO844.BSU31400,409
2102,gene_2103,iYO844.BSU31660,54
2104,gene_2105,iYO844.BSU32260,259
2105,gene_2106,iYO844.BSU32510,67
2106,gene_2107,iYO844.BSU32750,148
2110,gene_2111,iYO844.BSU33290,81
2111,gene_2112,iYO844.BSU33490,727
2112,gene_2113,iYO844.BSU33730,106
2113,gene_2114,iYO844.BSU33830,108
2114,gene_2115,iYO844.BSU33900,481
2117,gene_2118,iYO844.BSU34890,184
2119,gene_2120,iYO844.BSU34910,429
2120,gene_2121,iYO844.BSU35550,91
2122,gene_2123,iYO844.BSU35680,71
2123,gene_2124,iYO844.BSU35690,67
2126,gene_2127,iYO844.BSU35940,417
2128,gene_2129,iYO844.BSU35960,52
2129,gene_2130,iYO844.BSU36120,60
2130,gene_2131,iYO844.BSU36370,169
2131,gene_2132,iYO844.BSU36710,137
2132,gene_2133,iYO844.BSU36810,615
2134,gene_2135,iYO844.BSU36830,552
2136,gene_2137,iYO844.BSU36900,519
2137,gene_2138,iYO844.BSU37150,692
2138,gene_2139,iYO844.BSU37660,332
2140,gene_2141,iYO844.BSU38200,436
2143,gene_2144,iYO844.BSU38860,483
2146,gene_2147,iYO844.BSU40420,366
2147,gene_2148,iYO844.BSU40850,155
2148,gene_2149,iYS854.USA300HOU_RS00045,256
2149,gene_2150,iYS854.USA300HOU_RS00085,345
2150,gene_2151,iYS854.USA300HOU_RS00310,381
2151,gene_2152,iYS854.USA300HOU_RS00735,399
2155,gene_2156,iYS854.USA300HOU_RS01165,120
2162,gene_2163,iYS854.USA300HOU_RS01735,224
2164,gene_2165,iYS854.USA300HOU_RS01880,337
2166,gene_2167,iYS854.USA300HOU_RS02325,154
2167,gene_2168,iYS854.USA300HOU_RS02655,531
2175,gene_2176,iYS854.USA300HOU_RS03905,118
2176,gene_2177,iYS854.USA300HOU_RS03935,281
2177,gene_2178,iYS854.USA300HOU_RS04115,239
2178,gene_2179,iYS854.USA300HOU_RS04185,412
2180,gene_2181,iYS854.USA300HOU_RS04405,130
2181,gene_2182,iYS854.USA300HOU_RS04515,105
2190,gene_2191,iYS854.USA300HOU_RS05395,68
2192,gene_2193,iYS854.USA300HOU_RS05420,158
2194,gene_2195,iYS854.USA300HOU_RS05615,159
2196,gene_2197,iYS854.USA300HOU_RS05725,89
2200,gene_2201,iYS854.USA300HOU_RS06035,365
2202,gene_2203,iYS854.USA300HOU_RS06045,1173
2203,gene_2204,iYS854.USA300HOU_RS06075,180
2204,gene_2205,iYS854.USA300HOU_RS06125,125
2205,gene_2206,iYS854.USA300HOU_RS06130,258
2206,gene_2207,iYS854.USA300HOU_RS06135,203
2207,gene_2208,iYS854.USA300HOU_RS06160,428
2208,gene_2209,iYS854.USA300HOU_RS06185,283
2209,gene_2210,iYS854.USA300HOU_RS06195,84
2210,gene_2211,iYS854.USA300HOU_RS06350,216
2211,gene_2212,iYS854.USA300HOU_RS06405,208
2212,gene_2213,iYS854.USA300HOU_RS06545,607
2213,gene_2214,iYS854.USA300HOU_RS06590,546
2214,gene_2215,iYS854.USA300HOU_RS06875,92
2215,gene_2216,iYS854.USA300HOU_RS06885,98
2217,gene_2218,iYS854.USA300HOU_RS06950,190
2218,gene_2219,iYS854.USA300HOU_RS06985,468
2221,gene_2222,iYS854.USA300HOU_RS07285,131
2223,gene_2224,iYS854.USA300HOU_RS07520,50
2224,gene_2225,iYS854.USA300HOU_RS07570,176
2228,gene_2229,iYS854.USA300HOU_RS08155,464
2230,gene_2231,iYS854.USA300HOU_RS08305,86
2231,gene_2232,iYS854.USA300HOU_RS08350,659
2233,gene_2234,iYS854.USA300HOU_RS08675,627
2235,gene_2236,iYS854.USA300HOU_RS08720,372
2236,gene_2237,iYS854.USA300HOU_RS08725,413
2238,gene_2239,iYS854.USA300HOU_RS08835,347
2239,gene_2240,iYS854.USA300HOU_RS08915,547
2241,gene_2242,iYS854.USA300HOU_RS09025,438
2242,gene_2243,iYS854.USA300HOU_RS09175,318
2243,gene_2244,iYS854.USA300HOU_RS09315,111
2244,gene_2245,iYS854.USA300HOU_RS09335,880
2245,gene_2246,iYS854.USA300HOU_RS09385,196
2246,gene_2247,iYS854.USA300HOU_RS09495,520
2247,gene_2248,iYS854.USA300HOU_RS09925,251
2248,gene_2249,iYS854.USA300HOU_RS09930,147
2249,gene_2250,iYS854.USA300HOU_RS10305,149
2250,gene_2251,iYS854.USA300HOU_RS10320,495
2251,gene_2252,iYS854.USA300HOU_RS10330,320
2252,gene_2253,iYS854.USA300HOU_RS10340,213
2254,gene_2255,iYS854.USA300HOU_RS11240,290
2255,gene_2256,iYS854.USA300HOU_RS11335,171
2256,gene_2257,iYS854.USA300HOU_RS11360,618
2258,gene_2259,iYS854.USA300HOU_RS11370,541
2260,gene_2261,iYS854.USA300HOU_RS11410,492
2261,gene_2262,iYS854.USA300HOU_RS11480,671
2263,gene_2264,iYS854.USA300HOU_RS12070,242
2265,gene_2266,iYS854.USA300HOU_RS12315,162
2266,gene_2267,iYS854.USA300HOU_RS12505,89
2267,gene_2268,iYS854.USA300HOU_RS12590,277
2270,gene_2271,iYS854.USA300HOU_RS13270,232
2271,gene_2272,iYS854.USA300HOU_RS13590,175
2272,gene_2273,iYS854.USA300HOU_RS14075,130
