name,phy_dist_mean,phy_dist_sd,embed_cosine_mean,embed_cosine_sd,tax
Pseudomonadota,0.9775542737755254,0.515033431520066,0.12068055060903828,0.18168309959932427,Phylum
Campylobacterota,0.4134498989898989,0.2048928464713722,0.1449568455563382,0.18062285561611552,Phylum
Bacillota,0.7502954285451884,0.27227512979987256,0.02366479158283756,0.18641825938362055,Phylum
Actinomycetota,0.6615575026634588,0.27029621001962545,0.08361604380946057,0.1849661210417296,Phylum
Bacteroidota,0.6281224754702084,0.2272944537825887,0.040859294208590816,0.18535262882733397,Phylum
Thermodesulfobacteriota,0.18804310929281123,0.12187926353419107,0.0530798384615132,0.21739781580561904,Phylum
Fusobacteriota,0.4048474138779527,0.19289779525777376,0.25783132313422014,0.23496004471626114,Phylum
Cyanobacteriota,0.497490254841998,0.2789879170980049,0.09394946235126617,0.20010750756618959,Phylum
Verrucomicrobiota,0.48919226229508195,0.31714041895816203,0.06954891391736924,0.21339684930111064,Phylum
Deinococcota,0.3459703684210527,0.14555817443414543,0.38535859878112794,0.2006261730283952,Phylum
Spirochaetota,0.399816788482835,0.18866629511374122,0.34167124292465506,0.32536133558250835,Phylum
Patescibacteria,0.4043893526570048,0.3146142668705889,0.3937979061132852,0.22166360235966587,Phylum
Synergistota,0.3115982068965517,0.16212960013237446,0.21240098292836443,0.21521554750576868,Phylum
Deferribacterota,0.11381,0.0,0.5464972874362071,0.0,Phylum
Chloroflexota,0.52213,0.2121756133489427,0.3914976954986635,0.23595065360191927,Phylum
Bdellovibrionota,0.4380713333333334,0.16285928522773546,0.5475362943102716,0.3348101857266261,Phylum
Planctomycetota,0.22394,0.0,0.9461459097983009,0.0,Phylum
Elusimicrobiota,0.14522666666666667,0.07575925040694519,0.21213485492583936,0.470100740097155,Phylum
Fibrobacterota,0.34962400000000005,0.08831916849699165,0.06744973601537371,0.10295675053371947,Phylum
Myxococcota,0.47275000000000006,0.0,0.3212164859256534,0.0,Phylum
Alphaproteobacteria,0.580162725707257,0.2303956158818345,0.24651326408467608,0.22700066171159275,Class
Campylobacteria,0.4134498989898989,0.2048928464713722,0.1449568455563382,0.18062285561611552,Class
Bacilli,0.729528227013203,0.29377382062656693,0.06597752941106838,0.18407096931635142,Class
Coriobacteriia,0.333000561691113,0.13485766441718183,0.06182440049034008,0.18563567851646404,Class
Clostridia,0.6641884284414913,0.24740343809084575,0.028548429813597946,0.19245098427756444,Class
Gammaproteobacteria,0.9444100788968617,0.5654257542583341,0.11132730784751606,0.1755914834523606,Class
Actinobacteria,0.5473667537939992,0.23589625789545782,0.1506201299546225,0.19542102264561206,Class
Bacteroidia,0.6281224754702084,0.2272944537825887,0.040859294208590816,0.18535262882733397,Class
Negativicutes,0.4080728076646378,0.15881481603551512,0.07995873479101531,0.1908248303206108,Class
Desulfovibrionia,0.16214061403508773,0.07630746289424972,0.054487543332129816,0.22232836323366903,Class
Fusobacteriia,0.4048474138779527,0.19289779525777376,0.25783132313422014,0.23496004471626114,Class
Vampirivibrionia,0.21832448484848485,0.10674282538796377,0.17581030616219792,0.24766015085303972,Class
Lentisphaeria,0.24817083333333334,0.12412747260768756,0.3619966888549978,0.20257255190195955,Class
Syntrophomonadia,0.251,0.0,-0.1513124769055233,0.0,Class
Cyanobacteriia,0.3398323367198839,0.2229375163854245,0.18049789444801967,0.17674572251736156,Class
Deinococci,0.3459703684210527,0.14555817443414543,0.38535859878112794,0.2006261730283952,Class
Spirochaetia,0.3366652631578947,0.1296909299229633,0.3838282829566045,0.33919265974445767,Class
Desulfuromonadia,0.3297,0.0,0.0049037315136877075,0.0,Class
Saccharimonadia,0.20367815078236132,0.0923863090544566,0.4229420961821216,0.23080579812185317,Class
Synergistia,0.3115982068965517,0.16212960013237446,0.21240098292836443,0.21521554750576868,Class
Deferribacteres,0.11381,0.0,0.5464972874362071,0.0,Class
Chloroflexia,0.14103,0.0,0.5384708525975538,0.0,Class
Thermoanaerobacteria,0.55857,0.0,0.42406485969448393,0.0,Class
Bacteriovoracia,0.25504666666666664,0.1069118179726742,0.7312289905460787,0.14052981748197044,Class
Planctomycetes,0.22394,0.0,0.9461459097983009,0.0,Class
Brachyspirae,0.13360333333333332,0.09374662085761931,0.3251532590763547,0.19299678079865196,Class
Verrucomicrobiia,0.251555021141649,0.18271487725539512,0.10850919624921113,0.20935392459945995,Class
Elusimicrobia,0.14522666666666667,0.07575925040694519,0.21213485492583936,0.470100740097155,Class
Fibrobacteria,0.34962400000000005,0.08831916849699165,0.06744973601537371,0.10295675053371947,Class
Thermoleophilia,0.2883185714285714,0.1336840095607732,0.8220403373955031,0.07432489717707118,Class
Gracilibacteria,0.5170628571428572,0.3638732571029285,0.7134361770823089,0.12904415491605079,Class
Oligoflexia,0.05212,0.0,0.12450097539023408,0.0,Class
Sphingomonadales,0.2879172142857143,0.11189980968946504,0.3491894060269652,0.20079357527999186,Order
Campylobacterales,0.4134498989898989,0.2048928464713722,0.1449568455563382,0.18062285561611552,Order
Erysipelotrichales,0.43118802124654115,0.15295129064296617,0.03102226549053183,0.196808817146897,Order
Coriobacteriales,0.333000561691113,0.13485766441718183,0.06182440049034008,0.18563567851646404,Order
Lachnospirales,0.36920754252569093,0.11982979842851794,0.052098031817711395,0.19688110924041033,Order
Lactobacillales,0.5725482741182037,0.2685230561825158,0.15879594292885224,0.17513443951538304,Order
Pseudomonadales,1.3008856002751976,0.7618802996467265,0.22077428427554427,0.18538235944532078,Order
Caulobacterales,0.23743032258064514,0.0813605485128053,0.3906709987039867,0.2199045776070803,Order
Mycobacteriales,0.30302580963045916,0.11339785378510432,0.28207995522608975,0.1919276492902752,Order
Micrococcales,0.2848729586776859,0.11523128544291907,0.25428422263107886,0.22306051229309645,Order
Rickettsiales,0.3404481280788178,0.38513429629443574,0.27364898378235636,0.16588070917341932,Order
Eubacteriales,0.1548343137254902,0.08207316224245743,0.15544328020384945,0.16708163932546855,Order
Bacteroidales,0.6079132222664613,0.22105021529072874,0.04187403337185904,0.18833422725042365,Order
Flavobacteriales,0.46989429470566463,0.18192965139684977,0.25705889497204754,0.24779306930019054,Order
Oscillospirales,0.5777868697337147,0.22381208870661698,0.036372943816001806,0.20664931610103215,Order
Clostridiales,0.2689949152880207,0.1258217416167096,0.15528322579982187,0.1794043192562248,Order
Monoglobales,0.2641261858578734,0.10775975380304648,0.10769406333010392,0.2243566331810507,Order
Christensenellales,0.3550625293475294,0.12343102265707782,0.11212304897507461,0.20791737325300244,Order
Peptostreptococcales-Tissierellales,0.5130850390293947,0.2116793596184156,0.10170288590389208,0.2262149314651268,Order
Hyphomicrobiales,0.38196944587628867,0.13897271761552885,0.31169116656765783,0.18904301524131822,Order
Rhodospirillales,0.3016733333333333,0.1907523407393879,0.14472656613895102,0.2952561781144626,Order
Burkholderiales,0.5795157001725626,0.42349966492421304,0.0955234445817328,0.1984819178037209,Order
Cytophagales,0.479744,0.11881790960962073,0.4336162503110784,0.27372887214329017,Order
Peptococcales,0.30676921369102683,0.120563508038376,0.13937818440444297,0.21720124651457387,Order
Sphingobacteriales,0.4208360784313726,0.21164586188393847,0.3971798312451334,0.20155734653069532,Order
Clostridia UCG-014,0.2695602124022549,0.1204924325574134,0.11433040158863532,0.20345400386786897,Order
Bacillales,0.4585486267605634,0.22304392433758952,0.2806541588417333,0.23390584492490585,Order
Veillonellales-Selenomonadales,0.3768351478066309,0.15778575304702933,0.09790515020294382,0.19245837796176227,Order
Bifidobacteriales,0.21657082773109243,0.10937360562978858,0.16165566428250508,0.20411748140743996,Order
Desulfovibrionales,0.16214061403508773,0.07630746289424972,0.054487543332129816,0.22232836323366903,Order
Lysobacterales,0.2859027899159664,0.14467910858327704,0.3010120268417289,0.17769008516034043,Order
Enterobacterales,0.5547564296197292,0.41105441981857604,0.14461647034491681,0.1828860294108015,Order
Acidaminococcales,0.17434011531531532,0.07664080904414865,0.08445458116853186,0.20050209094732588,Order
Fusobacteriales,0.4048474138779527,0.19289779525777376,0.25783132313422014,0.23496004471626114,Order
Gastranaerophilales,0.1911545776772247,0.07102508249891018,0.1993577180224818,0.2478192200325164,Order
Victivallales,0.21371371428571428,0.08805494246161523,0.37087505942066223,0.20091871198829575,Order
Acetobacterales,0.3331026666666667,0.14145185383334108,0.34342785044576696,0.24320238640224803,Order
Rhodobacterales,0.31612780952380953,0.15008488271946677,0.4363132432389299,0.2098671964384878,Order
Mycoplasmatales,0.37027897435897433,0.17823692830546808,0.19093421612052408,0.19438784026532663,Order
Staphylococcales,0.27331889952153116,0.12997946006757685,0.2311728281174614,0.18207440661842855,Order
Clostridia vadinBB60 group,0.2932674,0.09744619295316037,0.16185067728402955,0.23267277415487872,Order
Syntrophomonadales,0.251,0.0,-0.1513124769055233,0.0,Order
Chloroplast,0.29694387411347517,0.21050617850253103,0.18921244933485093,0.17239943727616816,Order
Deinococcales,0.24579106060606062,0.11774242209584586,0.4486083594859655,0.2470295223113124,Order
Actinomycetales,0.2710782331400672,0.1245366121757835,0.2597669401072746,0.23338372085388334,Order
Spirochaetales,0.3366652631578947,0.1296909299229633,0.3838282829566045,0.33919265974445767,Order
Thermales,0.21846000000000002,0.1305518421930537,0.3480483187673098,0.17514822112032732,Order
RF39,0.26314332410594043,0.07842130688925626,0.28833998666161376,0.23754305534105494,Order
Saccharimonadales,0.20367815078236132,0.0923863090544566,0.4229420961821216,0.23080579812185317,Order
Gammaproteobacteria Incertae Sedis,0.05823333333333334,0.009411816450021161,0.22754435681851612,0.05020902346124669,Order
Chitinophagales,0.2774432967032967,0.13192375922657906,0.25795372265441086,0.22353591693895702,Order
Pseudonocardiales,0.21596717948717953,0.0749111467159669,0.5651770074769511,0.28024768415957757,Order
Synergistales,0.3115982068965517,0.16212960013237446,0.21240098292836443,0.21521554750576868,Order
Deferribacterales,0.11381,0.0,0.5464972874362071,0.0,Order
Thermomicrobiales,0.14103,0.0,0.5384708525975538,0.0,Order
Frankiales,0.24862466666666666,0.06547397863443324,0.5259130522530693,0.24909353477413712,Order
Streptosporangiales,0.12099333333333333,0.021232844578362293,0.4932504727133782,0.3461168230919934,Order
Paenibacillales,0.2763053333333333,0.09291366701525787,0.3783177331608652,0.22162684009085648,Order
Bacteriovoracales,0.25504666666666664,0.1069118179726742,0.7312289905460787,0.14052981748197044,Order
Obscuribacterales,0.19528666666666664,0.04949368264962935,0.6502712068920311,0.14525723917964872,Order
Propionibacteriales,0.27842956521739126,0.15198268231975448,0.2744033782779401,0.19670642160919946,Order
Cardiobacteriales,0.182778,0.08696656815121545,0.3797855334758564,0.27129914368553826,Order
Alicyclobacillales,0.21777999999999997,0.0,0.10813122609573567,0.0,Order
Caldalkalibacillales,0.0267,0.014387941710566756,0.5995651608659551,0.1834823128495719,Order
Pirellulales,0.22394,0.0,0.9461459097983009,0.0,Order
Brachyspirales,0.13360333333333332,0.09374662085761931,0.3251532590763547,0.19299678079865196,Order
Izemoplasmatales,0.1305593333333333,0.05904512358828251,0.10615525429507587,0.2619886366229829,Order
Azospirillales,0.02456,0.0,0.38306052113370376,0.0,Order
Verrucomicrobiales,0.17209076923076924,0.08815806116896459,0.1266394418228597,0.21636715207394663,Order
Acholeplasmatales,0.16685464285714285,0.09029354831730556,0.023621561604332052,0.1639223192581982,Order
Reyranellales,0.07045,0.0,0.3335655711244677,0.0,Order
Chthoniobacterales,0.259635,0.06321191574115333,0.7401292019209601,0.062379136040974656,Order
Elusimicrobiales,0.14522666666666667,0.07575925040694519,0.21213485492583936,0.470100740097155,Order
Fibrobacterales,0.34962400000000005,0.08831916849699165,0.06744973601537371,0.10295675053371947,Order
Caldicoprobacterales,0.27061,0.0,0.10878805920889482,0.0,Order
Solirubrobacterales,0.23654,0.110500972501646,0.8386164941271019,0.06831483451751483,Order
Cyanobacteriales,0.24490833333333337,0.08889750829216508,0.649917449929169,0.20531564543108383,Order
Exiguobacterales,0.18391333333333335,0.05402288054354582,0.38317642324842716,0.0806176089736027,Order
Absconditabacteriales (SR1),0.08276000000000001,0.038604330327050095,0.693904564567333,0.1669585579669314,Order
Kineosporiales,0.14869,0.0,0.7955266444855487,0.0,Order
JGI 0000069-P22,0.14105,0.0,0.7081481866052245,0.0,Order
Kitasatosporales,0.5683899999999998,0.2738624389360468,0.2463478940824758,0.30789179354584134,Order
0319-6G20,0.05212,0.0,0.12450097539023408,0.0,Order
Thiomicrospirales,0.19808,0.0,0.9890496182347035,0.0,Order
Brevibacillales,0.19944666666666666,0.05290507873121025,0.2182406468064716,0.04518009738214806,Order
Sphingomonadaceae,0.2879172142857143,0.11189980968946504,0.3491894060269652,0.20079357527999186,Family
Campylobacteraceae,0.2933560317460317,0.1593149951993348,0.188805588449244,0.21030168158557178,Family
Erysipelotrichaceae,0.35845791871316307,0.14794554230578733,0.03392385209317988,0.1995861708631645,Family
Atopobiaceae,0.1882265938541281,0.07794148885418412,0.11279278056018702,0.19672441304020657,Family
Lachnospiraceae,0.3686866762527509,0.11988017807395364,0.052528594873704024,0.19694109438725263,Family
Eggerthellaceae,0.22128047225806452,0.0863949971601713,0.08023308762499606,0.20867277303503515,Family
Streptococcaceae,0.3746016539923954,0.19005348570665456,0.17631300283056217,0.1984253244810239,Family
Halomonadaceae,0.38296238095238094,0.16700309436268546,0.14664563785932774,0.18742179300189776,Family
Caulobacteraceae,0.23743032258064514,0.0813605485128053,0.3906709987039867,0.2199045776070803,Family
Erysipelatoclostridiaceae,0.34162683247687564,0.1394948749814197,0.03670940153123705,0.2008425921130911,Family
Coriobacteriaceae,0.25743628214731584,0.15800878017445746,0.09890407271824107,0.19763962530856155,Family
Corynebacteriaceae,0.26866379099099097,0.09562612522052458,0.276870453734626,0.1999759191362716,Family
Microbacteriaceae,0.25836411764705886,0.07467211577437359,0.32425922678670765,0.19584710382862855,Family
Lactobacillaceae,0.357822479245814,0.1483758091877192,0.17641267470890518,0.17780247769797458,Family
Mitochondria,0.3148017724867725,0.38558199465880066,0.2750486348557444,0.16406623715116012,Family
Eubacteriaceae,0.08983772727272729,0.05326168529620788,0.17951049237648392,0.15575810185686048,Family
Moraxellaceae,0.5602491096091684,0.2700239646632285,0.2861112181856356,0.1871546673955064,Family
Bacteroidaceae,0.4359116846357964,0.20698806024608518,0.09604611110560915,0.2018026119278501,Family
Micrococcaceae,0.1755895300546448,0.07899891711437336,0.22759509460735936,0.18858575829815283,Family
Weeksellaceae,0.2676400378787879,0.08600647957222557,0.3688160515303881,0.1825100405442409,Family
Ruminococcaceae,0.5152849567536862,0.2176553440839663,0.04698382708364515,0.21291643422562218,Family
Prevotellaceae,0.35257427708952155,0.13849773189103048,0.14013795484192348,0.22391414134843113,Family
Clostridiaceae,0.2689949152880207,0.1258217416167096,0.15528322579982187,0.1794043192562248,Family
Monoglobaceae,0.2641261858578734,0.10775975380304648,0.10769406333010392,0.2243566331810507,Family
UCG-010,0.25703774935649937,0.06510197808945956,0.21390191893500057,0.21899033710936017,Family
[Eubacterium] coprostanoligenes group,0.28953914564871625,0.11481697125105346,0.04133579885153264,0.20116975878167864,Family
Tannerellaceae,0.1901407468553459,0.09373600278405718,0.06542829862962307,0.197223287911666,Family
Christensenellaceae,0.3550625293475294,0.12343102265707782,0.11212304897507461,0.20791737325300244,Family
Anaerovoracaceae,0.23738992177314208,0.08337111158923902,0.0819016267253565,0.1961680355217953,Family
Rikenellaceae,0.3132588309096093,0.16004019722371082,0.039273434092307664,0.2032750448862681,Family
Oscillospiraceae,0.35412691632226373,0.139665386212225,0.05893705563595144,0.21229804811391753,Family
Beijerinckiaceae,0.2720715632183908,0.12109346994113239,0.4251413503654033,0.2057992778723095,Family
Ethanoligenenaceae,0.22329999999999994,0.06736308286690366,0.3086894605633948,0.2956128765348953,Family
Oxalobacteraceae,0.4230184946236559,0.27002254655262786,0.14393107455243498,0.2524487265244649,Family
Peptococcaceae,0.30676921369102683,0.120563508038376,0.13937818440444297,0.21720124651457387,Family
Marinifilaceae,0.18834842592592593,0.08986251019033174,0.13829534803989493,0.24518773440215846,Family
Sphingobacteriaceae,0.2801026373626374,0.10415237188306609,0.4376989371478455,0.20800367622297983,Family
Barnesiellaceae,0.16722297740112993,0.08430936420438427,0.1295182863323741,0.19976052991908477,Family
Xanthobacteraceae,0.1932225,0.07100913845238513,0.30152510606510924,0.197848704253323,Family
Planococcaceae,0.2690838461538462,0.10410197496062025,0.49610551974006906,0.17272393954184193,Family
Alcaligenaceae,0.1877233333333333,0.07125252324217064,0.1970304830618001,0.18049004467801594,Family
Intrasporangiaceae,0.16697844444444446,0.05865735145574226,0.6707885600525868,0.2163343967828719,Family
Selenomonadaceae,0.30487884057971015,0.1587498534863165,0.12614093760069042,0.245371409550032,Family
Sutterellaceae,0.20675710288239008,0.08395583682438866,0.05896145232231307,0.19591700988838381,Family
Veillonellaceae,0.3317473923157135,0.14616605168248453,0.10071167117089468,0.19303161765793003,Family
Hydrogenophilaceae,0.12713000000000002,0.0,0.5227141886222627,0.0,Family
Bifidobacteriaceae,0.21657082773109243,0.10937360562978858,0.16165566428250508,0.20411748140743996,Family
Desulfovibrionaceae,0.16214061403508773,0.07630746289424972,0.054487543332129816,0.22232836323366903,Family
Lysobacteraceae,0.2665727807486631,0.12295492840035281,0.30157664918217664,0.18012782804371233,Family
Succinivibrionaceae,0.21766896103896102,0.12783868087186712,0.2589424610374606,0.218804695988804,Family
Acidaminococcaceae,0.17434011531531532,0.07664080904414865,0.08445458116853186,0.20050209094732588,Family
Peptostreptococcaceae,0.18537195287248462,0.10615665758152677,0.13575171745410322,0.22280343311444842,Family
Butyricicoccaceae,0.22828655367231637,0.1064289265377862,0.05224690035402687,0.1921327224780989,Family
Neisseriaceae,0.23870136363636363,0.11494626873698367,0.3552563452721604,0.18744362518505436,Family
Family XI,0.3327016721532246,0.10615003481979438,0.37145154931187535,0.23216168262662626,Family
Porphyromonadaceae,0.2916422171945701,0.12031402913938893,0.25428264042799437,0.25635544840154223,Family
Dysgonomonadaceae,0.25360399999999994,0.11008542477750832,0.2960543252325507,0.4002023855122925,Family
Leptotrichiaceae,0.24938078787878787,0.10380085431221124,0.553615616032211,0.2156482523665722,Family
Fusobacteriaceae,0.3129383426388481,0.157626338656011,0.18788016975176208,0.19614754295818604,Family
Bacillaceae,0.471218038961039,0.24002746825668267,0.2460690750059086,0.23060982071956565,Family
Gastranaerophilaceae,0.1911545776772247,0.07102508249891018,0.1993577180224818,0.2478192200325164,Family
Victivallaceae,0.18348107142857142,0.07931230679766113,0.3869282782136552,0.20979006962555388,Family
vadinBE97,0.11924476190476191,0.04870788629008729,0.34698472938857716,0.17798570209620176,Family
Acetobacteraceae,0.3331026666666667,0.14145185383334108,0.34342785044576696,0.24320238640224803,Family
Muribaculaceae,0.32636269214162344,0.12526495979888913,0.18439010886397122,0.23504230251414102,Family
Paracoccaceae,0.31612780952380953,0.15008488271946677,0.4363132432389299,0.2098671964384878,Family
Nocardiaceae,0.2901510714285714,0.11163533926965974,0.36072804241127054,0.20697251618224807,Family
Enterobacteriaceae,0.47273014571729655,0.47002183545279547,0.2000201674488587,0.19059620082700637,Family
Enterococcaceae,0.18646772985482854,0.0864034975345285,0.27242464369847513,0.17197460056972907,Family
Mycoplasmataceae,0.37027897435897433,0.17823692830546808,0.19093421612052408,0.19438784026532663,Family
Pseudomonadaceae,0.4796956886840758,0.2659133186741198,0.24386487458948866,0.18741463838199998,Family
Helicobacteraceae,0.1593810833333333,0.09002514736446174,0.14997665834000146,0.166912443041787,Family
Staphylococcaceae,0.21845750151240168,0.11255426381883499,0.26913852017492546,0.18951998022904712,Family
Pectobacteriaceae,0.12766,0.0,0.26114670342041096,0.0,Family
Morganellaceae,0.20178852941176467,0.09327102626477543,0.20940206955912888,0.22767058829306178,Family
Syntrophomonadaceae,0.251,0.0,-0.1513124769055233,0.0,Family
Deinococcaceae,0.18168622222222225,0.0752008536384436,0.4955713460572305,0.22593539788704006,Family
Actinomycetaceae,0.271109100931677,0.12536304882437493,0.2576993034671151,0.23329595401586178,Family
Spirochaetaceae,0.3366652631578947,0.1296909299229633,0.3838282829566045,0.33919265974445767,Family
Thermaceae,0.21846000000000002,0.1305518421930537,0.3480483187673098,0.17514822112032732,Family
Comamonadaceae,0.383414154954955,0.14827636716605105,0.2492253248537288,0.19184239040602188,Family
Dermatophilaceae,0.226087619047619,0.07281120635260442,0.19234598628803617,0.25311053145681667,Family
Cellulomonadaceae,0.16102,0.0,0.22197284101475603,0.0,Family
Flavobacteriaceae,0.4350488798920378,0.18199327532611626,0.2165480699890976,0.3035087331413681,Family
Pasteurellaceae,0.3096068888888889,0.14682130097225302,0.22912861115014477,0.20661425874805933,Family
Bacteroidales RF16 group,0.15794,0.010731228572100526,0.1742983344162752,0.07532728393645248,Family
Saccharimonadaceae,0.1682731692307692,0.09020125880813062,0.47135829650890154,0.2177274260632067,Family
Hafniaceae,0.08104611111111111,0.05346361895292172,0.26904051724691586,0.32880717251412345,Family
Aerococcaceae,0.19151192982456144,0.07563532321163445,0.19629369522870446,0.19513728129785482,Family
Erwiniaceae,0.18682218181818183,0.05885385257153858,0.12427774076681701,0.24623463544709356,Family
Anaerofustaceae,0.088572,0.04228035370397619,0.2379525535406288,0.19530210967648826,Family
Chitinophagaceae,0.2774432967032967,0.13192375922657906,0.25795372265441086,0.22353591693895702,Family
Dermabacteraceae,0.1892946666666667,0.07969355338768347,0.405981872266228,0.2176697553459715,Family
Marinilabiliaceae,0.19932499999999997,0.0924844305365323,0.9025649293055592,0.0692543333218053,Family
Burkholderiaceae,1.0379079569892478,0.9787256659837821,0.2033389642455168,0.17167270114892214,Family
Coriobacteriales Incertae Sedis,0.10507121212121211,0.0448183426503558,0.17481680920827475,0.16746578020586061,Family
Pseudonocardiaceae,0.21596717948717953,0.0749111467159669,0.5651770074769511,0.28024768415957757,Family
Defluviitaleaceae,0.19099025641025635,0.07301808829244277,0.16331669265376636,0.30987642392547865,Family
UCG-011,0.25585794871794876,0.0770287497004049,0.08103503810221052,0.20212873447471177,Family
Synergistaceae,0.3115982068965517,0.16212960013237446,0.21240098292836443,0.21521554750576868,Family
Lentimicrobiaceae,0.12553,0.0,0.8601221837184296,0.0,Family
Deferribacteraceae,0.11381,0.0,0.5464972874362071,0.0,Family
JG30-KF-CM45,0.14103,0.0,0.5384708525975538,0.0,Family
Geodermatophilaceae,0.1515466666666667,0.050251787585672586,0.6327876657970912,0.1119152583106434,Family
Carnobacteriaceae,0.15740891534391532,0.09669738664929035,0.18834860012271237,0.16131886159011566,Family
Nocardiopsidaceae,0.12099333333333333,0.021232844578362293,0.4932504727133782,0.3461168230919934,Family
Pleomorphomonadaceae,0.20587,0.0,0.04154461136531671,0.0,Family
Paenibacillaceae,0.2763053333333333,0.09291366701525787,0.3783177331608652,0.22162684009085648,Family
Rhodocyclaceae,0.26198,0.13283174846398732,0.2926844211795309,0.2151438123785441,Family
Bacteriovoracaceae,0.25504666666666664,0.1069118179726742,0.7312289905460787,0.14052981748197044,Family
Obscuribacteraceae,0.19528666666666664,0.04949368264962935,0.6502712068920311,0.14525723917964872,Family
Propionibacteriaceae,0.1996530994152047,0.09745008230209977,0.2993335909052656,0.20597920757194688,Family
Cardiobacteriaceae,0.07726666666666668,0.013285664789120978,0.6421833238593879,0.0806959432044413,Family
env.OPS 17,0.13193,0.0,0.1590401524054018,0.0,Family
Alicyclobacillaceae,0.21777999999999997,0.0,0.10813122609573567,0.0,Family
Caldalkalibacillaceae,0.0267,0.014387941710566756,0.5995651608659551,0.1834823128495719,Family
Pirellulaceae,0.22394,0.0,0.9461459097983009,0.0,Family
Brachyspiraceae,0.13360333333333332,0.09374662085761931,0.3251532590763547,0.19299678079865196,Family
Stappiaceae,0.10273333333333334,0.027784764810153708,0.3115401832730352,0.08060777995074453,Family
Hyphomicrobiales Incertae Sedis,0.17554,0.045967397141887426,0.6099015670113928,0.1565644588341071,Family
Vibrionaceae,0.415525,0.1124824384441115,0.19177177474999305,0.13681184031716975,Family
Azospirillaceae,0.02456,0.0,0.38306052113370376,0.0,Family
Methylophilaceae,0.155156,0.05901067076385423,0.5211598717881301,0.17031074537502847,Family
Akkermansiaceae,0.17209076923076924,0.08815806116896459,0.1266394418228597,0.21636715207394663,Family
Acholeplasmataceae,0.16685464285714285,0.09029354831730556,0.023621561604332052,0.1639223192581982,Family
Shewanellaceae,0.31861619047619055,0.15424525160480757,0.24491880889799444,0.17012269603882343,Family
Dermacoccaceae,0.10575999999999999,0.034427273490649814,0.7518056781357976,0.16739167058588145,Family
Brevibacteriaceae,0.146782,0.08372240975987255,0.29291142394913167,0.19444898800145713,Family
Reyranellaceae,0.07045,0.0,0.3335655711244677,0.0,Family
Rhizobiaceae,0.22196958730158728,0.06842110733100648,0.2909309648975807,0.1808357930465597,Family
Chthoniobacteraceae,0.21183333333333335,0.0278099410682983,0.7388677211599198,0.024979540495422014,Family
Bogoriellaceae,0.16365333333333335,0.02073324276507551,0.2012833852495818,0.05913957189796761,Family
Wohlfahrtiimonadaceae,0.10212,0.0,0.8606400734375921,0.0,Family
Mycobacteriaceae,0.13745666666666667,0.04880076080918776,0.4789567574005658,0.14093032466181069,Family
Nocardioidaceae,0.26569833333333337,0.11557539176033779,0.48795075597558296,0.31066674489088253,Family
F082,0.37431000000000003,0.0,-0.056360585321686564,0.0,Family
Spirosomataceae,0.44443,0.0,0.7487721772661243,0.0,Family
Gemellaceae,0.13354561403508772,0.04805755670845849,0.31553402738191183,0.19943731236683368,Family
Elusimicrobiaceae,0.14522666666666667,0.07575925040694519,0.21213485492583936,0.470100740097155,Family
p-2534-18B5 gut group,0.12229999999999999,0.0,0.7916016240797741,0.0,Family
Fibrobacteraceae,0.34962400000000005,0.08831916849699165,0.06744973601537371,0.10295675053371947,Family
Yersiniaceae,0.14100128205128207,0.046582523997161084,0.2179826063232271,0.19552968564189488,Family
Devosiaceae,0.24825599999999995,0.08950529372053921,0.2734232471564694,0.25827106332005745,Family
Aeromonadaceae,0.34208,0.1728580915664638,0.1986112504430904,0.19242287893403673,Family
P5D1-392,0.11542333333333332,0.027043372365311406,0.1511527577224297,0.21413704057461788,Family
Dietziaceae,0.09940476190476193,0.05368014030382697,0.5878193062997042,0.1706499741819045,Family
Cyclobacteriaceae,0.23073000000000005,0.0,0.09748492201917464,0.0,Family
Caldicoprobacteraceae,0.27061,0.0,0.10878805920889482,0.0,Family
67-14,0.17905000000000001,0.0,0.8983623020509702,0.0,Family
Solirubrobacteraceae,0.14584599999999998,0.07753414192470308,0.8622155755647487,0.06539926544837564,Family
Crocinitomicaceae,0.27814999999999995,0.0,0.2969921530843038,0.0,Family
Idiomarinaceae,0.17833333333333332,0.025847029917488693,0.029085695002383255,0.0633602739887476,Family
Exiguobacteraceae,0.18391333333333335,0.05402288054354582,0.38317642324842716,0.0806176089736027,Family
Coleofasciculaceae,0.07067000000000001,0.0,0.8621826368076051,0.0,Family
Kineosporiaceae,0.14869,0.0,0.7955266444855487,0.0,Family
Streptomycetaceae,0.5683899999999998,0.2738624389360468,0.2463478940824758,0.30789179354584134,Family
Promicromonosporaceae,0.17315999999999998,0.0,0.2468084581695585,0.0,Family
Alteromonadaceae,0.17914,0.0710167683015779,0.5168313220340865,0.15612623641580992,Family
Cellvibrionaceae,0.29414999999999997,0.0,0.9472705412032462,0.0,Family
Paludibacteraceae,0.03706,0.0,0.6431598994919198,0.0,Family
Trueperaceae,0.25315,0.0,0.12156995097863443,0.0,Family
Thiomicrospiraceae,0.19808,0.0,0.9890496182347035,0.0,Family
Listeriaceae,0.19883,0.0,0.1692116904913129,0.0,Family
Chromobacteriaceae,0.13918666666666668,0.046810227040205196,0.24673039243744385,0.13812689317640506,Family
Brevibacillaceae,0.19944666666666666,0.05290507873121025,0.2182406468064716,0.04518009738214806,Family
Vagococcaceae,0.06282,0.0,0.70673044728169,0.0,Family
Sphingomonas,0.2072986699507389,0.11954118509202732,0.3021861922448376,0.19255798120338308,Genus
Campylobacter,0.2933560317460317,0.1593149951993348,0.188805588449244,0.21030168158557178,Genus
Solobacterium,0.13680794871794874,0.06274873868093805,0.11517685308661939,0.2230762084603175,Genus
Tractidigestivibacter,0.057058909090909105,0.03402789591832118,0.2264388179045529,0.20605064272424833,Genus
Adlercreutzia,0.21729550522648083,0.09286536862211242,0.08686474634041541,0.23917122576708394,Genus
Dorea,0.13590073748473747,0.07334932757077553,0.12273107684001887,0.21277109287710871,Genus
Streptococcus,0.3210593423236514,0.1483035240802084,0.1809393525903823,0.19955663176307878,Genus
Brevundimonas,0.17202691666666667,0.05770708807988601,0.42094727095822343,0.19829967997170975,Genus
Caulobacter,0.10795933333333332,0.04845088956413035,0.46140089299024856,0.19762536332431152,Genus
UCG-004,0.27221,0.06646042220750632,0.476559350249054,0.20376101559055226,Genus
Collinsella,0.25500477975376196,0.1621665555097878,0.1027213268677743,0.20024246245634497,Genus
Corynebacterium,0.26387061018437225,0.0968987328649826,0.2804253133872598,0.20125885116322062,Genus
Pseudoclavibacter,0.07165333333333333,0.018325509239551542,0.6784507675376394,0.08561748944542387,Genus
Leuconostoc,0.09414058333333332,0.045720400831135787,0.24612626753531913,0.19446251396755398,Genus
Extibacter,0.12229395121951218,0.04988140219680649,0.14865127840268155,0.19874118074755165,Genus
Coprobacillus,0.026844999999999997,0.010790981960260458,0.12926690059420562,0.35176910277540846,Genus
Shuttleworthia,0.13607563636363634,0.04609021240068759,0.10556091580256695,0.1920388974668742,Genus
Pseudoramibacter,0.07373,0.0,0.3884479783787076,0.0,Genus
Acinetobacter,0.49143026300409115,0.23723249269796506,0.29340413060969417,0.19295345425540364,Genus
Bacteroides,0.4359116846357964,0.20698806024608518,0.09604611110560915,0.2018026119278501,Genus
Arthrobacter,0.29749333333333333,0.051593634189586714,0.29112758345458306,0.15071173884737155,Genus
Elizabethkingia,0.01253,0.0,0.2646665810674758,0.0,Genus
Leifsonia,0.22504999999999997,0.0,0.5231032360509704,0.0,Genus
Hoylesella,0.2530166282051282,0.10159428259599604,0.3142617373297057,0.2731221443100979,Genus
Sphingobium,0.137576,0.043390383773366195,0.4477708747093164,0.17341797725792685,Genus
Clostridium,0.2583167345746623,0.12061736031058223,0.16389832604940802,0.18086723419137044,Genus
Prevotella,0.2015359389259389,0.06857484905020292,0.2544240214617064,0.25700450244929096,Genus
Monoglobus,0.2641261858578734,0.10775975380304648,0.10769406333010392,0.2243566331810507,Genus
Parabacteroides,0.18194258685930512,0.09160610169478213,0.07141355246463367,0.1991857008702121,Genus
Lachnospiraceae NC2004 group,0.22869468795355588,0.06648174088248741,0.05348182065276014,0.19635107155000478,Genus
Christensenellaceae R-7 group,0.3531335266418835,0.12894677215002226,0.1145119503098652,0.20769092889788698,Genus
Faecalicatena,0.07037018181818182,0.03435989747528937,0.2396795168975082,0.2532859033251942,Genus
[Eubacterium] brachy group,0.1697038888888889,0.07660791884212094,0.2001902392671238,0.16930114581998898,Genus
Alistipes,0.17532928737773637,0.0721384699098188,0.06724751051048194,0.2104648879657422,Genus
Ruminiclostridium,0.119735,0.036882828031096375,0.4565553011473858,0.187789583269744,Genus
Methylobacterium,0.18650117647058825,0.08157541737671063,0.41399945349358747,0.20993706149448121,Genus
Mediterraneibacter,0.16669007686622322,0.06611512311694404,0.08786921281854167,0.20336792318049346,Genus
NK4A214 group,0.20043371082132233,0.07150921423447823,0.08911760655966315,0.20975304616172205,Genus
Papillibacter,0.13804166666666665,0.06066390618719576,0.3166537262765772,0.16743513056251438,Genus
Oscillibacter,0.16677857654889913,0.07716309253182285,0.12342418746898089,0.21936712486080442,Genus
Oxalobacter,0.08555444444444446,0.05838616657148833,0.08260723743059178,0.1835474718642808,Genus
Massilia,0.3383705555555555,0.14706810636845255,0.5782712930449362,0.17217909089440578,Genus
Anaerotignum,0.084812,0.02588962641677164,0.10788699290727669,0.15993550877187682,Genus
Butyricimonas,0.1005349577167019,0.050327952608795225,0.2080651498656952,0.2511416529879934,Genus
Colidextribacter,0.1983934723171565,0.07980255997381058,0.07592592573563575,0.19418346293409158,Genus
Nubsella,0.059109999999999996,0.0,0.5883509058649249,0.0,Genus
Barnesiella,0.1065440641025641,0.05928139319594556,0.1250860741838267,0.21872769937874065,Genus
Afipia,0.10393999999999999,0.06043073555733042,0.370858360892447,0.08075742780585471,Genus
Bradyrhizobium,0.14455333333333337,0.06523376647786705,0.430268160620477,0.30453961668424756,Genus
Kurthia,0.08862,0.0,0.7907564961429903,0.0,Genus
Janibacter,0.09526000000000001,0.0,0.6110455137437643,0.0,Genus
Thomasclavelia,0.1488006896551724,0.07445232153392119,0.11621583418965899,0.1747280395812952,Genus
Lachnoclostridium,0.24779606712433258,0.1289547430143827,0.08066426914733899,0.1938835320428528,Genus
Megamonas,0.18062795321637426,0.10122381339173633,0.24409785809860796,0.2503853543195933,Genus
Sutterella,0.1583275113122172,0.06508492428991935,0.07282022901744514,0.19102186800497917,Genus
Paraprevotella,0.06064967032967032,0.03010708402822376,0.20555853964744428,0.23523108060494477,Genus
Dialister,0.2106677606837607,0.10559747481298032,0.08834769996588107,0.1980435334199115,Genus
Bifidobacterium,0.21070542833742834,0.11166842741362819,0.1829778529352698,0.20471543759048452,Genus
Limosilactobacillus,0.16723462462462463,0.10272647096620913,0.27041839873057644,0.20276931069255538,Genus
Psychrobacter,0.13153781818181817,0.06107828501762484,0.37067208909339605,0.2276633232627511,Genus
Desulfovibrio,0.11527418487394957,0.06337686825953133,0.06472469936364736,0.20564165950500388,Genus
Lysobacter,0.26013,0.0,0.5429766157513451,0.0,Genus
Slackia,0.11562683982683983,0.05181719721523678,0.11107384201871351,0.2125353399608839,Genus
Christensenella,0.06708444444444445,0.03813687785423888,0.428453501125495,0.17178332093824203,Genus
Succinatimonas,0.03748,0.0,0.5772687456105461,0.0,Genus
Phascolarctobacterium,0.15677875983061104,0.07917020265070802,0.09410727577022066,0.2033500395911289,Genus
Parasutterella,0.1287082251082251,0.09515683694404768,0.1155657756157142,0.2575708627673984,Genus
Hydrogenoanaerobacterium,0.17605500000000004,0.022612060756743668,0.25499434968169515,0.18391040821393562,Genus
Ruminococcus,0.3963952559274756,0.1917204758704242,0.05003234356708866,0.19852958981604824,Genus
Intestinibacter,0.04280891666666666,0.018499247452974644,0.18318696581719787,0.21507515279786718,Genus
UCG-005,0.19693101264864046,0.07832662401960351,0.09191176860570184,0.2270855835113036,Genus
Family XIII AD3011 group,0.1593777551020408,0.06293843823702282,0.10918876588381228,0.19598540552893487,Genus
UCG-008,0.11193454545454547,0.03505567970156681,0.20697130494359617,0.16034208336007036,Genus
Agathobaculum,0.15884067669172933,0.07880917840003733,0.06730050998337615,0.19851800698362787,Genus
Blautia,0.2932755772994129,0.11285965252315434,0.124162998056049,0.21031235375577767,Genus
Peptococcus,0.17813495238095237,0.06868635926300982,0.06568519027393786,0.21031580346083792,Genus
Coprococcus,0.21260244422244423,0.0955224860634538,0.08292052451029186,0.22625428217935123,Genus
Rikenellaceae RC9 gut group,0.2510856714975846,0.09977184494959343,0.21577054348034327,0.231607656387261,Genus
Succinivibrio,0.13713050000000002,0.05020610261462246,0.31040965191885356,0.20010276826127757,Genus
Lacticaseibacillus,0.10341086666666667,0.0574744468662572,0.2868198873882839,0.19887550342226215,Genus
Megasphaera,0.1393977551020408,0.06277830565120904,0.16584025094653745,0.18622760245241507,Genus
Succiniclasticum,0.14284833333333335,0.040259261218866006,0.20646093803135238,0.21511863939105338,Genus
Mogibacterium,0.15139566666666665,0.056093074657711135,0.13643913195488178,0.1743769268431451,Genus
Arsenicicoccus,0.031549999999999995,0.0,0.8847538118130519,0.0,Genus
Eikenella,0.04650166666666666,0.01594661240584414,0.4882640231828665,0.2105655341436189,Genus
Anaerococcus,0.18067109764309763,0.0806717971417606,0.44975536300396013,0.2002437171112642,Genus
Odoribacter,0.13748647727272728,0.08436640562118833,0.08117305082494627,0.24032258971161768,Genus
Porphyromonas,0.2916422171945701,0.12031402913938893,0.25428264042799437,0.25635544840154223,Genus
Dysgonomonas,0.10340399999999998,0.04647455372566798,0.37411104719071464,0.17011527659218567,Genus
Leptotrichia,0.20955612648221342,0.09774448018348521,0.6342336070597343,0.14622605262469882,Genus
Faecalitalea,0.15887576923076924,0.08418137086868663,0.13768981695662375,0.20237869682180862,Genus
Fusobacterium,0.30738527682843475,0.15842716927222739,0.2030391792076237,0.199477041173583,Genus
Selenomonas,0.32474272727272724,0.16352856315076902,0.45546426179542,0.25803208378791626,Genus
Acetobacter,0.22880000000000003,0.0,0.6225676615500351,0.0,Genus
Rubellimicrobium,0.01194,0.0,0.44535223430012116,0.0,Genus
Gordonia,0.15546666666666664,0.055732339105964514,0.6288017708513255,0.16791664724119212,Genus
Amedibacillus,0.07652,0.0,0.2689037850320694,0.16269132096529187,Genus
Klebsiella,0.29709445221445235,0.2621256412068078,0.3207000802706701,0.221305271653928,Genus
Bacillus,0.5464291666666667,0.2920230590998676,0.15262077946119748,0.2015547519104253,Genus
Enterococcus,0.18472021907216493,0.08589012447180353,0.2760829077950912,0.17133535010509918,Genus
Mycoplasma,0.078594,0.021709880331314588,0.4169777446133532,0.25317478729587634,Genus
Lactococcus,0.21254316205533597,0.11136082927102448,0.21558904797248285,0.216482936939083,Genus
Pseudoxanthomonas,0.1294,0.0,0.41786489542395855,0.0,Genus
Pseudomonas,0.4796956886840758,0.2659133186741198,0.24386487458948866,0.18741463838199998,Genus
Helicobacter,0.1593810833333333,0.09002514736446174,0.14997665834000146,0.166912443041787,Genus
Escherichia-Shigella,0.3779141148950809,0.639148701780586,0.20689091143722949,0.19105600945994997,Genus
Methylorubrum,0.15023999999999998,0.042439873546779874,0.24314314176168558,0.17449251669336613,Genus
Prevotellaceae UCG-001,0.22272514285714287,0.05858857501358476,0.15218774930999976,0.23922943003716768,Genus
Lachnospiraceae NK4B4 group,0.095334,0.023344525782289943,0.12930155748735156,0.184775853009363,Genus
[Eubacterium] ventriosum group,0.1088314,0.043530724720669045,0.07447411051051948,0.21958314676034804,Genus
Intestinimonas,0.12420780952380954,0.05114100406822862,0.21878067469306275,0.23218670142322598,Genus
Jeotgalicoccus,0.15364999999999998,0.03872482881391042,0.2241953107252179,0.14464346906477626,Genus
Citrobacter,0.09988382795698923,0.06419429086574091,0.3180725988344399,0.23243353361344635,Genus
Lactobacillus,0.2437126364477336,0.10173689886624954,0.1728901848897602,0.17010524270360655,Genus
Pectobacterium,0.12766,0.0,0.26114670342041096,0.0,Genus
Proteus,0.09651277777777777,0.05309738488073438,0.22766078339402426,0.164314675196023,Genus
Frisingicoccus,0.06362654545454546,0.0369584730212994,0.15249602123428171,0.22981460876835103,Genus
Eisenbergiella,0.13221153439153438,0.06593494793371193,0.23409095600496468,0.2712975926122517,Genus
Syntrophomonas,0.251,0.0,-0.1513124769055233,0.0,Genus
Alcaligenes,0.08759,0.0,0.35474947558913317,0.0,Genus
Caproiciproducens,0.11499999999999999,0.048232339773226836,0.3683406190618852,0.372939326579248,Genus
Lachnospiraceae NK4A136 group,0.25681079789491557,0.09597276598930223,0.05288721210901559,0.21215056690694067,Genus
GCA-900066575,0.14932633846153845,0.04874429175078292,0.0895567500643568,0.2304460440568373,Genus
Roseburia,0.26662106817622444,0.11285605999977738,0.06984645793717462,0.2064768210667551,Genus
UCG-003,0.08937064367816092,0.04625634492221246,0.0997442106644345,0.2561664325373909,Genus
[Eubacterium] siraeum group,0.10150513333333334,0.053155960596928564,0.08703136968957996,0.2728497930853375,Genus
Anaerotruncus,0.12360263736263737,0.06198632105101837,0.16173372911576886,0.2583773974223697,Genus
Enterocloster,0.1856298105682951,0.09087490277691716,0.17464744437115196,0.24793595677379338,Genus
Mitsuokella,0.04301704761904762,0.016154236738910942,0.3491163958437814,0.27557580258095354,Genus
Butyrivibrio,0.191845,0.1499798824211454,0.10080750988297194,0.2307447735630767,Genus
Segatella,0.22826835512510094,0.12743308039277731,0.2121893940262953,0.23035961108357117,Genus
Holdemania,0.02845,0.014034713629663652,0.24692701769689154,0.3453189163877743,Genus
Catenibacterium,0.15430557932263814,0.08328578735146538,0.21921020226796947,0.24914768625432426,Genus
Lancefieldella,0.08585583333333333,0.04307638961935979,0.26064913729254846,0.1769864103659371,Genus
Deinococcus,0.18168622222222225,0.0752008536384436,0.4955713460572305,0.22593539788704006,Genus
Schaalia,0.09627256170212765,0.051245370449451454,0.29595454913561,0.23941262832185398,Genus
Treponema,0.317301981981982,0.1201859029060106,0.4166940169547296,0.33928783199092777,Genus
Thermus,0.109092,0.05639345697271389,0.34249251501923605,0.17716375069442278,Genus
Aquabacterium,0.108055,0.040637118397675136,0.2777206677921945,0.16533005246522167,Genus
Ureaplasma,0.10549333333333337,0.03946444503882227,0.1516762255346711,0.08416198522186262,Genus
Raoultella,0.035798,0.016855476604224384,0.3969224850043659,0.23374299303445437,Genus
Marvinbryantia,0.1496693781512605,0.05184397323498436,0.0931860297403607,0.2063405394335879,Genus
Sphingopyxis,0.03097,0.0,0.1963247760265891,0.0,Genus
Veillonella,0.21533650675360966,0.11820329477658942,0.2417910136987291,0.2048002210529146,Genus
Comamonas,0.23586266666666672,0.09780343398651992,0.2799800729525536,0.18024816870476984,Genus
Family XIII UCG-001,0.09715866666666664,0.024624935293767213,-0.0025684848836984757,0.2136296991069843,Genus
Howardella,0.09926888888888888,0.04030180811892093,0.008335033081949115,0.19631369317666916,Genus
Johnsonella,0.12950178571428575,0.06827937437226828,0.5962631256214238,0.18394109134296088,Genus
Flavobacterium,0.42987,0.18284251256204068,0.23463175157507907,0.2560677924869427,Genus
Anaeroglobus,0.049383333333333335,0.036296146566206666,0.573075378068362,0.150490831236892,Genus
Tyzzerella,0.3234856038647343,0.1560354610479365,0.09498940161299971,0.2052903468368633,Genus
Actinobacillus,0.031290000000000005,0.015389298951616419,0.4155247305775098,0.1891849570247344,Genus
Anaerostipes,0.16743635164835163,0.09007919359894816,0.07393696386685138,0.21429868135372016,Genus
[Eubacterium] eligens group,0.08094666666666667,0.048496288131908614,0.08783653554809384,0.2335178711260356,Genus
Lachnospira,0.11115844705882354,0.04108233087040263,0.09167639420929066,0.244491541247482,Genus
[Eubacterium] ruminantium group,0.09849333333333332,0.057423647636984085,0.10958919405935034,0.2347774043992093,Genus
Anaerobutyricum,0.17872054859868813,0.07888098552130883,0.13679644329662669,0.2268430700057722,Genus
[Eubacterium] xylanophilum group,0.13787735507246376,0.058203681701903806,0.0693685051285883,0.2065507370641377,Genus
Candidatus Soleaferrea,0.16205463203463205,0.038482070359458526,0.17117297559055508,0.23180306823659674,Genus
Oscillospira,0.06523924242424242,0.024962231186128277,0.18711214909163257,0.16953922620404094,Genus
Faecalibacterium,0.3446799813923503,0.15330141604253583,0.13480790445382515,0.22512654421699899,Genus
Acutalibacter,0.22620794545454542,0.12003654564937882,0.08573083447791335,0.20542041181486773,Genus
Candidatus Saccharimonas,0.04057000000000001,0.013978092859900452,0.6221593947114364,0.22534228084489727,Genus
Stomatobaculum,0.11015999999999997,0.07618664909286928,0.4127586238203807,0.23606937609989712,Genus
Lachnoanaerobaculum,0.06252181818181818,0.03623222560721037,0.4477399953586771,0.17088490836917286,Genus
Catonella,0.08316190476190477,0.06684977997036466,0.7298277111567989,0.12523841724594387,Genus
Novosphingobium,0.2049314285714286,0.08628843109488274,0.5165485738276973,0.21793897046704128,Genus
Peptoniphilus,0.2505867995570321,0.10277013743304735,0.4627023860612322,0.2430959937983419,Genus
Parvimonas,0.14367447619047619,0.07010567380042317,0.24750524074432462,0.19398845629952505,Genus
Ligilactobacillus,0.11749618233618236,0.05832026154599244,0.1535454644499843,0.19203392790235768,Genus
Hafnia-Obesumbacterium,0.054796071428571416,0.02118775747239862,0.34804108760746916,0.32302705121659575,Genus
Facklamia,0.12273333333333335,0.020367121107859647,0.4016992926245486,0.2824130173625375,Genus
[Eubacterium] sulci group,0.018228,0.010833854161839173,0.3521784894953379,0.16544467817382935,Genus
Rothia,0.10290339495798319,0.04854721273606392,0.2302741684804848,0.17529500199501435,Genus
Stenotrophomonas,0.17750748538011696,0.09446722722718433,0.2979399990526651,0.21094398812593593,Genus
Myroides,0.1441933333333333,0.014647548903788945,0.3169047901013276,0.16197051434505622,Genus
Tatumella,0.044033333333333334,0.012352058757776192,0.21427291298474796,0.42419730956236174,Genus
Actinomyces,0.2090114358974359,0.08778388554001414,0.41475733406653853,0.20491240890447315,Genus
Neisseria,0.20779675862068966,0.11551097438164439,0.3975727506558627,0.18475934050674064,Genus
Asticcacaulis,0.023399999999999997,0.0,0.9479440463551053,0.0,Genus
Latilactobacillus,0.11049000000000002,0.05696696340862834,0.14513639603089695,0.2536871627035311,Genus
Rhodococcus,0.1884416666666667,0.04204457056373497,0.39535428409856593,0.15943112204151413,Genus
Alloscardovia,0.00076,0.0,0.26929977320326687,0.0,Genus
Haemophilus,0.30044116567460316,0.17322750178989876,0.21775763220883737,0.2165057858062216,Genus
Terrisporobacter,0.07547251461988304,0.03322314331262807,0.22046762888087568,0.2669739577857965,Genus
Acidibacter,0.05823333333333334,0.009411816450021161,0.22754435681851612,0.05020902346124669,Genus
Delftia,0.079208,0.03228709488325018,0.25413905366615586,0.13917923145862826,Genus
Sneathia,0.04192333333333333,0.025390937797218564,0.5772011722954725,0.21461083309324952,Genus
Lachnospiraceae UCG-006,0.18573527272727272,0.06485977643710371,0.30343705802077753,0.2892892243593203,Genus
Anaerofustis,0.088572,0.04228035370397619,0.2379525535406288,0.19530210967648826,Genus
Mobiluncus,0.04376,0.007839251664965645,0.29991806343880745,0.16400934157446373,Genus
Robinsoniella,0.06153833333333334,0.04544583641239561,0.17544966358441394,0.12475880840110773,Genus
Anoxybacillus,0.10742666666666667,0.03904174375659412,0.3280248163843279,0.11809820985506683,Genus
Uruburuella,0.02697,0.0,0.09848063155090321,0.0,Genus
Pediococcus,0.1287809523809524,0.05420138057499853,0.3216065562859649,0.18645055003094826,Genus
Brachybacterium,0.15499166666666664,0.06008383404784426,0.5031465452473022,0.21326900910056423,Genus
Leyella,0.12034092165898616,0.06723836851671113,0.3272046253127183,0.24295232776959694,Genus
Aequorivita,0.11607,0.0,0.9404564468539494,0.0,Genus
Bilophila,0.03670038095238096,0.024910143389077453,0.06845341503908295,0.3135777458325179,Genus
Empedobacter,0.08007333333333333,0.03277420462633516,0.3036287512903348,0.09535189880258418,Genus
Kluyvera,0.09490714285714287,0.05322648594564975,0.5077518306447775,0.20113965688019075,Genus
Turicibacter,0.15869857142857144,0.07997556615039414,0.02186644255590887,0.20297008371808573,Genus
Kocuria,0.11685607142857143,0.038911044827482165,0.543277383629573,0.1698130987852404,Genus
Massiliomicrobiota,0.1827474285714286,0.08276999907406722,0.1132882189071335,0.2315686098710104,Genus
[Clostridium] innocuum group,0.06870546370967742,0.034838569916361826,0.20411983851681165,0.2153051179514906,Genus
Phocea,0.057845,0.022407136326030894,0.19209508482270124,0.19518530469285172,Genus
Paludicola,0.11139963636363635,0.04635253414524334,0.23890432667293868,0.20619664386915576,Genus
Actinomycetospora,0.10268666666666666,0.04374494434281013,0.6646596927470103,0.17054098220290423,Genus
Defluviitaleaceae UCG-011,0.18192469696969696,0.07485306099325321,0.1628066719334238,0.32485684089694605,Genus
[Ruminococcus] gauvreauii group,0.15729133333333334,0.07647553325022217,0.09555653112628852,0.21702071458523262,Genus
UCG-007,0.06540666666666667,0.019593465463998167,0.3410621038932528,0.2993056803120843,Genus
Parolsenella,0.07259177777777778,0.03216082235604811,0.2950069717834195,0.21709976277565723,Genus
Coriobacteriaceae UCG-003,0.09074666666666666,0.03650590484961151,0.30630814987675387,0.15101964179878352,Genus
UCG-009,0.14768994152046785,0.054285675433824364,0.13124103673531018,0.2207098814425495,Genus
Fretibacterium,0.2626306666666666,0.10576793650671686,0.49024961044989024,0.32684351663210076,Genus
Capnocytophaga,0.18976494505494512,0.08132255118041667,0.6600767266218701,0.17101220470313994,Genus
Oribacterium,0.16616914285714285,0.06852818367183347,0.18386866695124282,0.2843858748774939,Genus
Lentimicrobium,0.12553,0.0,0.8601221837184296,0.0,Genus
Chryseobacterium,0.20817988304093565,0.0678179055432046,0.44874445925680206,0.16422466196945498,Genus
Enterobacter,0.27335020765027324,0.13116216331939465,0.2414978498555702,0.21549405740321909,Genus
Zag_111,0.17306761140819965,0.07272348707392434,0.16625200548636831,0.2444018932519048,Genus
Fastidiosipila,0.22442654545454546,0.07318197838807987,0.4226282853649166,0.30399713507633913,Genus
Roseateles,0.07746285714285714,0.03271505058369737,0.2620557784483987,0.17142996691980517,Genus
Gordonibacter,0.06151071428571429,0.043683492790148305,0.3234151689372969,0.17558939585955477,Genus
Mucispirillum,0.11381,0.0,0.5464972874362071,0.0,Genus
Blastococcus,0.0807,0.0,0.702787332236742,0.0,Genus
Staphylococcus,0.1826327149758454,0.10486397290491074,0.3194997124763024,0.19395345842314407,Genus
Nocardiopsis,0.12099333333333333,0.021232844578362293,0.4932504727133782,0.3461168230919934,Genus
Finegoldia,0.10220545454545456,0.049545281651074476,0.3200799718945763,0.20246054807843583,Genus
Salmonella,0.5014933333333335,0.2611985036115041,0.10993967771388757,0.328438175163816,Genus
Butyricicoccus,0.027745000000000002,0.012392122161545482,0.48177084440974455,0.15262624033627561,Genus
Faecalicoccus,0.00429,0.0,0.18642509041072092,0.0,Genus
Rikenella,0.23184666666666667,0.10482295401718504,0.08083479016681809,0.08102539765674813,Genus
Xylanibacter,0.3452580952380953,0.15150112932532242,0.27237784217361716,0.19312941806784198,Genus
Lentilactobacillus,0.048826666666666664,0.021234459938714922,0.4639229663483217,0.1263769593333809,Genus
Weissella,0.13752197802197802,0.055072605467786855,0.17602109111579017,0.16968005376486528,Genus
Victivallis,0.11428333333333333,0.033057526458517054,0.312212466076962,0.2844925544945641,Genus
Pseudoflavonifractor,0.016486666666666667,0.003903915413473447,0.29973054610509736,0.23259641216286264,Genus
Paenibacillus,0.2763053333333333,0.09291366701525787,0.3783177331608652,0.22162684009085648,Genus
Lachnospiraceae UCG-008,0.28728740347610177,0.08496281300632105,0.07215692899419766,0.1898147454216364,Genus
Shouchella,0.09352,0.0,0.8710474087157163,0.0,Genus
Olsenella,0.1118735,0.05371547707830584,0.20966505881170167,0.1877833014185774,Genus
Scardovia,0.13256666666666664,0.033934231815217035,0.3795454452589497,0.2247512852051175,Genus
Bacteriovorax,0.10393,0.0,0.927325573865161,0.0,Genus
Eggerthella,0.10187054545454545,0.06751644221071923,0.20569019110298087,0.17272037825433753,Genus
Peptostreptococcus,0.08573257575757576,0.042144451783037176,0.2840729480202497,0.21439181147874872,Genus
Lachnospiraceae UCG-004,0.24463002506265666,0.1238789110396734,0.06282370499843437,0.21758486374003302,Genus
Undibacterium,0.08866333333333333,0.041175642341343285,0.23581280226155024,0.10098743909242126,Genus
Cardiobacterium,0.07726666666666668,0.013285664789120978,0.6421833238593879,0.0806959432044413,Genus
Dielma,0.08876142857142857,0.06343755567002685,0.12394600845258266,0.2023822092118325,Genus
Murimonas,0.0192,0.0,0.1299003517097923,0.0,Genus
Hungatella,0.06747649122807017,0.029150231128123538,0.26182129045154057,0.2692891685590801,Genus
Halomonas,0.35435173684210525,0.13858639916040297,0.15462252391326106,0.17993605645204977,Genus
Acidovorax,0.201265641025641,0.12192963917442087,0.3402525019199859,0.2661421186034101,Genus
Caldalkalibacillus,0.0267,0.014387941710566756,0.5995651608659551,0.1834823128495719,Genus
Prevotellaceae NK3B31 group,0.15176316205533597,0.07583215233362967,0.15360213302030282,0.24695788021024728,Genus
Lachnospiraceae FCS020 group,0.136478768115942,0.058966344539385644,0.10485023937668421,0.23725827131780514,Genus
Blastomonas,0.07022,0.0,0.2389226726538471,0.0,Genus
Fusicatenibacter,0.1270575749722325,0.05830685745131724,0.12377850432247217,0.23696480632843062,Genus
Lachnospiraceae UCG-003,0.07670711111111113,0.02472281471050326,0.2631336493731431,0.30002615764224666,Genus
Microvirga,0.06340000000000001,0.0,0.8264218364712491,0.0,Genus
Rhodopseudomonas,0.10906666666666669,0.010831258262803803,0.2841586945625218,0.11037955478770511,Genus
Granulicatella,0.06827895424836601,0.031885002542601404,0.23900321411067169,0.18434858178290378,Genus
Gardnerella,0.02409333333333333,0.008733507631848474,0.5860240523273775,0.16618016272745695,Genus
Massiliprevotella,0.12127333333333333,0.06371635547922962,0.10622063550996116,0.1900537155182264,Genus
CAG-56,0.038793999999999995,0.017450460089445587,0.09404745464091456,0.15504695728342352,Genus
Holdemanella,0.1992716923076923,0.11221459956528666,0.12061451223212986,0.20975508147691987,Genus
Negativibacillus,0.1265684126984127,0.06092136014419817,0.10355231167736513,0.20480850807428372,Genus
Faecalimonas,0.13270598290598293,0.0594507947091985,0.12960175706141747,0.2267769126362623,Genus
Lachnospiraceae UCG-010,0.11883487179487179,0.042040575599989534,0.14827711515814554,0.20875850861458287,Genus
Turicimonas,0.067022,0.04877062492935681,0.2877008225787953,0.26129421553654875,Genus
Fannyhessea,0.027499999999999997,0.006210786316294151,0.4660902684246127,0.16415921936358596,Genus
Moryella,0.1127612820512821,0.053991462272810736,0.021375381683119477,0.22386878181971928,Genus
Erysipelotrichaceae UCG-003,0.13121694623655913,0.05594912992998051,0.16198681004569565,0.21307962862663862,Genus
Subdoligranulum,0.03512,0.0,0.6182114637103435,0.0,Genus
UC5-1-2E3,0.01607,0.0,0.5544540923058138,0.0,Genus
DTU089,0.06621357142857144,0.03669787870614066,0.17297221922437495,0.3082399847670349,Genus
Brachyspira,0.13360333333333332,0.09374662085761931,0.3251532590763547,0.19299678079865196,Genus
UCG-002,0.2191322563976378,0.11007461934923572,0.12431729158859955,0.27422668493673974,Genus
CAG-196,0.11888072727272728,0.05155432816164272,0.1913191091117241,0.19392618166859937,Genus
Cryptobacterium,0.03233,0.0,0.2796177943603735,0.0,Genus
Acidaminococcus,0.0564651282051282,0.02496207558059337,0.16687474780960024,0.2037675847372945,Genus
Eperythrozoon,0.03538,0.0,-0.02975602640609488,0.0,Genus
Eubacterium,0.045474999999999995,0.02015701098046699,0.19692701109267072,0.17408782069406828,Genus
Cloacibacillus,0.039660727272727285,0.02691944216999679,0.4252419564513559,0.16723325787013207,Genus
Kosakonia,0.06375,0.04420981768792989,0.2436068025615888,0.07802737912780724,Genus
Clostridioides,0.130904,0.08812470473142023,0.2611254605346359,0.28249085154604114,Genus
Propionibacterium,0.08531166666666667,0.05012913837169843,0.5019724140288738,0.11505471519342401,Genus
Phenylobacterium,0.13291333333333333,0.026948232265256705,0.5083392456468775,0.15625417148294196,Genus
Phreatobacter,0.17554,0.045967397141887426,0.6099015670113928,0.1565644588341071,Genus
Bosea,0.13266,0.05170581514684784,0.47303787920232604,0.14922409021313615,Genus
Thermomonas,0.14078000000000002,0.024843514244164408,0.6139206601046171,0.029986551346005655,Genus
Vibrio,0.45262,0.0,0.3257176442805065,0.0,Genus
Kallipyga,0.11198000000000001,0.042527255574121715,0.6753718687805423,0.0937647227721992,Genus
Epulopiscium,0.18726866666666667,0.045695345768348085,0.19136230838738452,0.16118582774486534,Genus
Ruthenibacterium,0.052246666666666663,0.02377412000941827,0.18663606894093038,0.3042113944395502,Genus
W5053,0.21843533333333331,0.12214394813042884,0.45046092169069524,0.25833937953414704,Genus
Paeniclostridium,0.08734,0.0,0.18787797860233954,0.0,Genus
Sphingobacterium,0.22098888888888887,0.08367305731827691,0.43937589500899865,0.20441521514823766,Genus
Skermanella,0.02456,0.0,0.38306052113370376,0.0,Genus
Butyribacter,0.17115804347826089,0.09093201163314427,0.06710226905405549,0.2548299162833571,Genus
Lachnospiraceae FE2018 group,0.09690666666666665,0.03199110223518756,0.1357898846797308,0.26322879768402485,Genus
Flavonifractor,0.05837242105263157,0.02980662143730693,0.12394245273555692,0.23323113575514248,Genus
Enorma,0.09939999999999999,0.04302841851613883,0.3661406138290779,0.17538619374407047,Genus
Allisonella,0.057588,0.021647133513085132,0.19619255525464405,0.232436554014555,Genus
Romboutsia,0.08466132774283718,0.050013481086008435,0.17953686119584447,0.23106720183122928,Genus
Allobaculum,0.1535,0.060580426431865494,0.2661276139686232,0.06553251859441389,Genus
Cellulosilyticum,0.10759399999999998,0.03638853625342282,0.44162494993161416,0.11625879293013867,Genus
Methylotenera,0.07961333333333333,0.0029042650628955204,0.5669585743278557,0.1175472603002549,Genus
Lachnospiraceae NK3A20 group,0.21907333333333331,0.08639922157571148,-0.059391575607482816,0.02948672847005,Genus
Catenibacillus,0.062459999999999995,0.024101735760452325,0.3131696648027365,0.05967791420068237,Genus
Candidatus Arthromitus,0.07691,0.0,0.2519812089734472,0.0,Genus
CHKCI001,0.07244666666666666,0.04236864747533119,0.21010937545963473,0.0953379387328441,Genus
Buttiauxella,0.07144,0.03493871587031594,0.15959156295526492,0.024805746619141356,Genus
Acetanaerobacterium,0.14900000000000002,0.0,0.13988158620351163,0.0,Genus
Sellimonas,0.09998151315789473,0.04036351604253049,0.27133891064183907,0.19473280911436167,Genus
[Eubacterium] oxidoreducens group,0.21799138339920948,0.053492555900997885,0.038556419685317846,0.21785661651824004,Genus
Lachnospiraceae ND3007 group,0.1286673846153846,0.06326831023774264,0.09591670055130269,0.2127783666554677,Genus
Akkermansia,0.17209076923076924,0.08815806116896459,0.1266394418228597,0.21636715207394663,Genus
CAG-352,0.14022777777777778,0.06795496348117917,0.029842171844401955,0.2514926144115025,Genus
Anaerofilum,0.062872,0.01986855646492719,0.23464864740343275,0.14067756222734956,Genus
Merdibacter,0.05236,0.020997761309244373,0.3205351142336904,0.21507166286686583,Genus
Gemmiger,0.11177627586206897,0.0527047402777017,0.1589808378238564,0.24167136459547475,Genus
Longibaculum,0.176792,0.10137826431735751,0.17240339386248807,0.16851628882891476,Genus
Agathobacter,0.1571725750968992,0.08323363296933467,0.08561057815460237,0.1819711950753136,Genus
Fournierella,0.11455424242424243,0.05685989184111815,0.030509747556317156,0.2422250973132777,Genus
[Ruminococcus] gnavus group,0.06859364341085271,0.031083257487397983,0.26810156927806883,0.22264000303288312,Genus
Senegalimassilia,0.10189161904761905,0.04491826433325333,0.2109751171922803,0.21169326342481432,Genus
Anaeroplasma,0.16685464285714285,0.09029354831730556,0.023621561604332052,0.1639223192581982,Genus
[Clostridium] methylpentosum group,0.11136166666666668,0.03812233987076635,0.17633220513998424,0.2626573671345268,Genus
Varibaculum,0.07601999999999999,0.03255657829803664,0.4019122720776713,0.23616091640013784,Genus
GCA-900066755,0.04381000000000001,0.012962328751681417,0.3910443171655083,0.16332493557078476,Genus
Peptoclostridium,0.25411333333333336,0.13664093733415167,0.05436931423532692,0.08830428545285876,Genus
Sediminibacterium,0.126738,0.06354937510314322,0.44838110291070005,0.20244585263245607,Genus
Cronobacter,0.02732,0.007847330756378251,0.24549065180130372,0.05597070211965772,Genus
Fenollaria,0.09923035714285713,0.04865168991941911,0.4260412533037284,0.15783069079997258,Genus
Coriobacteriaceae UCG-002,0.19749333333333333,0.055309073235972984,0.12622125005502563,0.15754163907105798,Genus
Muribaculum,0.06639666666666667,0.013601418635160413,0.36056918982765956,0.10764990873422002,Genus
Pedobacter,0.1857133333333333,0.10722591799042286,0.3750854385831343,0.1837965324146967,Genus
Shewanella,0.31861619047619055,0.15424525160480757,0.24491880889799444,0.17012269603882343,Genus
Coprobacter,0.1061520588235294,0.06840290725372165,0.20693192743133373,0.1959228579618828,Genus
S5-A14a,0.04174321428571431,0.03219245919394916,0.39962236110171817,0.34466880006184153,Genus
Brevibacterium,0.146782,0.08372240975987255,0.29291142394913167,0.19444898800145713,Genus
Reyranella,0.07045,0.0,0.3335655711244677,0.0,Genus
Lactonifactor,0.04570666666666667,0.016214825178075636,0.3219213431602147,0.28495319714948036,Genus
Rarimicrobium,0.01861,0.0,0.8621571942011879,0.0,Genus
Aliihoeflea,0.05759,0.0,0.826153753149914,0.0,Genus
Mesorhizobium,0.1303475,0.06589080347844996,0.3218531527829342,0.2321255443487825,Genus
Candidatus Udaeobacter,0.21183333333333335,0.0278099410682983,0.7388677211599198,0.024979540495422014,Genus
Achromobacter,0.10219133333333333,0.0309108522187417,0.22935122564657473,0.1734085161025907,Genus
Saccharopolyspora,0.11793400000000001,0.03371185702390185,0.6803489342566629,0.30167153210604203,Genus
Georgenia,0.16676000000000002,0.0,0.2848142655842837,0.0,Genus
Herbaspirillum,0.10701333333333334,0.022071801517371026,0.129058358243133,0.1982800411414688,Genus
Cupriavidus,0.1787216666666667,0.049789710923933764,0.37503588486892636,0.1086129196486635,Genus
Burkholderia-Caballeronia-Paraburkholderia,0.9691979487179495,1.5607579666725058,0.21754630413896392,0.17096893471859173,Genus
Parageobacillus,0.04925,0.0,0.7652087723748517,0.0,Genus
Agrobacterium,0.18020999999999998,0.1163195326675619,0.27157659318495336,0.20913587860020225,Genus
Mycobacterium,0.13745666666666667,0.04880076080918776,0.4789567574005658,0.14093032466181069,Genus
Pyramidobacter,0.14931,0.07328248958653083,0.24160848516597175,0.17716376808009426,Genus
Microbacterium,0.179282,0.059184088199447656,0.32613164067868106,0.07810438625860537,Genus
Nocardioides,0.16403333333333334,0.06986707967435181,0.7973748329395689,0.03688396809449485,Genus
Gemella,0.13354561403508772,0.04805755670845849,0.31553402738191183,0.19943731236683368,Genus
ASF356,0.03381,0.0,0.3730888804507709,0.0,Genus
A2,0.22681166666666666,0.055988357544721354,0.7629661064316412,0.08738814190566226,Genus
Elusimicrobium,0.14522666666666667,0.07575925040694519,0.21213485492583936,0.470100740097155,Genus
CHKCI002,0.08088000000000001,0.0,0.2114614387920292,0.0,Genus
Cetobacterium,0.08924866666666666,0.03381084576811937,0.19796311826523122,0.1544073332709238,Genus
V9D2013 group,0.12809333333333334,0.03480319270156436,0.2927461414624219,0.07398721172263731,Genus
Sarcina,0.07080800000000001,0.015368704434662015,0.0061149268224211075,0.08729014458494884,Genus
Acetitomaculum,0.10354666666666668,0.045625798501383937,0.1946991858278837,0.256030799331031,Genus
Fibrobacter,0.34962400000000005,0.08831916849699165,0.06744973601537371,0.10295675053371947,Genus
Erysipelotrichaceae UCG-006,0.10175466666666666,0.05891640245485311,0.12112161395921203,0.2806516354834915,Genus
Lachnospiraceae AC2044 group,0.262182,0.05664838246587451,0.04500466617214963,0.08060082433769997,Genus
Prevotellaceae UCG-003,0.182335,0.08786777277060495,0.19234005492032216,0.10329938818096442,Genus
Ruminobacter,0.26708000000000004,0.0,0.42306157964254815,0.0,Genus
Murdochiella,0.03383,0.01222351013416359,0.5612319081556295,0.17168260618509318,Genus
Dubosiella,0.15322666666666665,0.05361050415315599,0.38326713970685194,0.09100998905071446,Genus
Faecalibaculum,0.14536857142857143,0.08454309998516758,0.24957682416277915,0.13413702050555057,Genus
Pantoea,0.20678380952380954,0.0658609370080837,0.09315421894324986,0.16139614449747636,Genus
Ralstonia,0.20396111111111112,0.07061445794586017,0.18546938468571375,0.2172011902526128,Genus
Pelagibacterium,0.07816,0.0,0.026683246130245936,0.0,Genus
Saccharofermentans,0.20031333333333332,0.012191615515955583,0.03546588509486634,0.06021946705925555,Genus
[Bacteroides] pectinophilus group,0.10242000000000001,0.0,0.8577991255233739,0.0,Genus
Pygmaiobacter,0.12459333333333333,0.025200011022925274,0.01550042736022971,0.10387517892365843,Genus
Peribacillus,0.11588666666666668,0.032375651687992654,0.6929798102869253,0.04028551034403422,Genus
Carnobacterium,0.19160666666666668,0.08997085836844926,0.2926942921908233,0.009761978344538406,Genus
Syntrophococcus,0.11248,0.0,0.04866632386359722,0.0,Genus
dgA-11 gut group,0.12723,0.0,0.6725015340911967,0.0,Genus
Tepidimonas,0.12298666666666667,0.017488007954659168,0.3340484974472286,0.05856759278088691,Genus
Pseudonocardia,0.15861333333333336,0.05535255690169656,0.3292988173197439,0.1640632389000837,Genus
Gabonibacter,0.021713333333333334,0.012485720732990233,0.4076254583969334,0.18190033605331413,Genus
Pseudoprevotella,0.01158,0.0,0.45984133887321393,0.0,Genus
Pseudarthrobacter,0.06261,0.0,0.1741967260222106,0.0,Genus
Erythrobacter,0.0652,0.0,0.384828311167488,0.0,Genus
Harryflintia,0.07806166666666667,0.032485727849147675,0.1843025173415972,0.23693351630679774,Genus
Erysipelotrichaceae UCG-007,0.052379999999999996,0.0,0.8226200234400592,0.0,Genus
Aeromonas,0.34208,0.1728580915664638,0.1986112504430904,0.19242287893403673,Genus
Alloprevotella,0.1536287878787879,0.10192655250027527,0.5437485426745471,0.1669338302800641,Genus
Anaerocolumna,0.13981,0.0,0.20664153717947087,0.0,Genus
Rhizobium,0.136164,0.038119596062917566,0.4094194196207508,0.15817031399166626,Genus
Paracoccus,0.1918234848484848,0.08241126440901266,0.5304947674044002,0.18837536978975236,Genus
Dietzia,0.09940476190476193,0.05368014030382697,0.5878193062997042,0.1706499741819045,Genus
Fermentimonas,0.0372,0.0,0.9376818384446153,0.0,Genus
Anaerovibrio,0.040446666666666665,0.004764328097667313,0.2690918570994592,0.05787561583680923,Genus
Asteroleplasma,0.18908000000000003,0.10653044334836874,0.1473808237843904,0.13505954752068833,Genus
Berryella,0.10578,0.018213143605649202,0.26799826155802225,0.3509461674206786,Genus
Negativicoccus,0.042186,0.037254791423386065,0.47487918154985326,0.186539077129715,Genus
Caldicoprobacter,0.27061,0.0,0.10878805920889482,0.0,Genus
Lactiplantibacillus,0.09280266666666667,0.02231180837334546,0.2545579149207098,0.17434144241876384,Genus
Atopobium,0.13774833333333333,0.06580007077419361,0.45495379395149643,0.28319014608509413,Genus
Moraxella,0.29358761904761904,0.10258701523258713,0.4913969099333091,0.20416479174987934,Genus
Eremococcus,0.13157,0.0,0.5493010103267023,0.0,Genus
Aggregatibacter,0.2279701818181818,0.10655639194155977,0.2596340471229592,0.20700438991327416,Genus
Arcanobacterium,0.11384999999999998,0.0,0.2533866181878217,0.0,Genus
Oceanobacillus,0.23702600000000001,0.09061523428210072,0.7146777954602987,0.1159466623525906,Genus
Rhizobacter,0.04689,0.0,-0.05392275084178906,0.0,Genus
Neobacillus,0.29625,0.0,0.394512192721078,0.0,Genus
Cutibacterium,0.12909214285714285,0.05435530249841204,0.31722771248311393,0.12195197965655419,Genus
Pseudoleptotrichia,0.09815563636363636,0.03835035397554483,0.6999012079280703,0.1017546384023514,Genus
Tannerella,0.079414,0.03761377651871718,0.6918845375950174,0.10768189464773452,Genus
Lawsonella,0.08478666666666666,0.02858404089086765,0.28710697828295406,0.18289836456635514,Genus
Dermabacter,0.07249,0.0,0.8328003235049238,0.0,Genus
Streptobacillus,0.08205,0.0,0.8765802218434054,0.0,Genus
Alkanindiges,0.14644000000000001,0.0,0.48496405544895516,0.0,Genus
Diaphorobacter,0.06086666666666666,0.02201780239311413,0.21402407416480276,0.06603650594961165,Genus
Atopostipes,0.16578,0.03753798698207812,0.41750542308320737,0.3754061829018204,Genus
Aquamicrobium,0.06699999999999999,0.0,0.3861717481195629,0.0,Genus
Lachnospiraceae XPB1014 group,0.0793,0.0,0.42755379845475655,0.0,Genus
Brucella,0.133814,0.05835274855565932,0.2566013754531472,0.1596301864804859,Genus
Trueperella,0.040139999999999995,0.0,0.26776467366369155,0.0,Genus
Enhydrobacter,0.16423333333333334,0.03289006469369672,0.1768990888870383,0.08196118899332992,Genus
Cloacibacterium,0.11042,0.04626707684736523,0.2730632499102132,0.12400945470971148,Genus
Morganella,0.08466499999999999,0.018911256568509664,0.17762594513541663,0.25703555453108057,Genus
Prevotellaceae Ga6A1 group,0.12464,0.0,0.161052292463256,0.0,Genus
Exiguobacterium,0.18391333333333335,0.05402288054354582,0.38317642324842716,0.0806176089736027,Genus
Helcococcus,0.17758666666666667,0.023407626012809487,0.31039449584329926,0.3940687206130511,Genus
Ndongobacter,0.03729,0.0,0.7607878417084888,0.0,Genus
Ezakiella,0.12618000000000001,0.039490917774428425,0.3176633860127191,0.1861952559937698,Genus
Conexibacter,0.03455333333333333,0.0034074950069254996,0.9240289833462083,0.02104786691638472,Genus
Abiotrophia,0.07269035714285714,0.04336632930891883,0.26086450233786623,0.15599836205230314,Genus
TM7a,0.0574,0.019971781759939865,0.6969580661079119,0.05457707871435712,Genus
TM7x,0.06009333333333333,0.02499735574904763,0.35483116863233466,0.1573705597243286,Genus
Curvibacter,0.06552333333333334,0.023278145449231038,0.18031903169469166,0.04069309414622285,Genus
Proteiniphilum,0.038419999999999996,0.0,0.984273579399704,0.0,Genus
Serratia,0.1293042222222222,0.045257112515978644,0.24447957629188896,0.17857708950768098,Genus
Devosia,0.2588133333333333,0.11673638002877344,0.32944136501691385,0.12894058010857506,Genus
Aerococcus,0.10051333333333334,0.040659049286584266,0.2501481990854717,0.055292392727999205,Genus
Hydrogenophaga,0.24464,0.0,0.28250904777978075,0.0,Genus
Liquorilactobacillus,0.12322666666666666,0.05234832205737089,0.38077040457565553,0.09552675369388912,Genus
Caecibacterium,0.039080000000000004,0.0,0.511836867291567,0.0,Genus
Ramlibacter,0.38233999999999996,0.0,0.3889574837879341,0.0,Genus
Micrococcus,0.20208666666666666,0.045314588771780275,0.24181382248300753,0.15383719925946965,Genus
Synergistes,0.10655333333333335,0.05136284281678948,0.3376850471603574,0.10599046753230382,Genus
F0332,0.11561399999999997,0.05745417655836693,0.4444889662782371,0.19063205908962147,Genus
Bergeyella,0.09329166666666666,0.02442576741658057,0.7030124098617844,0.06707869025294085,Genus
Lautropia,0.04476666666666667,0.010465226015502753,0.38598611726373977,0.28000807493185864,Genus
Macrococcus,0.07603,0.0,0.4161054872107671,0.0,Genus
[Eubacterium] yurii group,0.04457,0.0,0.7385148259150989,0.0,Genus
Luteimonas,0.08417999999999999,0.027166164003529586,0.7002763397858995,0.09081623651228497,Genus
Dolosigranulum,0.25507,0.0,0.11047820428908843,0.0,Genus
Companilactobacillus,0.05717,0.0,0.12856678685544126,0.0,Genus
Streptomyces,0.5683899999999998,0.2738624389360468,0.2463478940824758,0.30789179354584134,Genus
Providencia,0.09064666666666665,0.037998745008516036,0.12994428343082484,0.08361413957826351,Genus
Rheinheimera,0.14066166666666666,0.05774403502142499,0.5453350462659596,0.187993889918827,Genus
Anaerovorax,0.08962,0.0,0.21592185173526235,0.0,Genus
CAG-873,0.022240000000000003,0.0,0.3200225370311267,0.0,Genus
Sphaerochaeta,0.21059,0.0,0.024634859290867252,0.0,Genus
Arachnia,0.068635,0.041277924992260295,0.6207232031600785,0.1074289307986321,Genus
F0058,0.03706,0.0,0.6431598994919198,0.0,Genus
Truepera,0.25315,0.0,0.12156995097863443,0.0,Genus
Asinibacterium,0.06858,0.0,0.010403971284187815,0.0,Genus
Idiomarina,0.14265,0.0,0.08021184533509192,0.0,Genus
Enterobacillus,0.06222,0.0,0.30588335632912184,0.0,Genus
Anaerosporobacter,0.021990000000000003,0.0,0.2137358408963111,0.0,Genus
Tsuneonella,0.23389,0.0,0.40967878878749014,0.0,Genus
Planococcus,0.18535,0.0,0.5823681178579522,0.0,Genus
Oligella,0.06545000000000001,0.0,0.14242376876810164,0.0,Genus
Methyloversatilis,0.07567,0.0,0.5950660973873427,0.0,Genus
Fructobacillus,0.12799,0.0,0.16780512088784305,0.0,Genus
Lysinibacillus,0.31946,0.1335834071532339,0.5768572085838556,0.15810697242539118,Genus
Mannheimia,0.10056,0.0,0.3483437672594139,0.0,Genus
Vogesella,0.07299,0.0,0.11762046496966995,0.0,Genus
Glutamicibacter,0.07231333333333334,0.024566548167963873,0.5346100924493464,0.19925239692704874,Genus
Dermacoccus,0.03017,0.0,0.5347620539740856,0.0,Genus
Brevibacillus,0.19944666666666666,0.05290507873121025,0.2182406468064716,0.04518009738214806,Genus
Shinella,0.04,0.0,0.8891544101225501,0.0,Genus
Janthinobacterium,0.10417,0.0,0.3943119158336196,0.0,Genus
Leucobacter,0.16315999999999997,0.0,0.9519749208442733,0.0,Genus
Psychrobacillus,0.03141,0.0,0.8084233399785254,0.0,Genus
Xanthomonas,0.09588999999999999,0.0,0.353265846717799,0.0,Genus
Agrococcus,0.11051,0.0,0.6833927612061081,0.0,Genus
Variovorax,0.10337333333333332,0.03804119112517669,0.14302041521217299,0.18076987677571632,Genus
Phyllobacterium,0.11601,0.0,0.0892341779021186,0.0,Genus
Priestia,0.17747000000000002,0.0,0.5791092940941835,0.0,Genus
Knoellia,0.11446999999999999,0.0,0.33127187870770664,0.0,Genus
Vagococcus,0.06282,0.0,0.70673044728169,0.0,Genus
Mammaliicoccus,0.06289,0.0,0.15241610926336377,0.0,Genus
Gluconobacter,0.10294999999999999,0.0,0.3694291826588801,0.0,Genus
Raoultibacter,0.06965,0.0,0.4323556074161061,0.0,Genus
Paraclostridium,0.09220999999999999,0.0,-0.0022556089412108927,0.0,Genus
Roseomonas,0.02695,0.0,0.31592175583366117,0.0,Genus
