otu,n_folds_in_top,mean_rank_diff,case_minus_control,enrichment,frac_folds
JQ467804.1.1375,7,3.0,2.751420520144887,1.1726843225646049,1.0
GQ491160.1.1334,5,13.6,0.9269642049449791,0.8238192391375279,0.7142857142857143
KF100359.1.1360,5,10.8,0.9115269926302384,0.4923270369852202,0.7142857142857143
JQ449887.1.1241,5,18.4,0.2623005993052264,0.9837834931653671,0.7142857142857143
FJ557734.1.1287,4,4.0,11.22521482845119,5.5208586626508565,0.5714285714285714
KF101798.1.1358,4,9.25,1.6973783395336712,0.7064570137793125,0.5714285714285714
DQ440555.1.1321,4,13.75,0.44332652601434924,0.8067172971630919,0.5714285714285714
JQ467142.1.1299,3,6.0,2.0122206655071593,1.9525421247168764,0.42857142857142855
GQ014747.1.1357,3,3.6666666666666665,1.3016991248043295,0.6041223325013517,0.42857142857142855
AJ006962.1.1476,3,14.333333333333334,0.9471285977927407,0.3948450631808358,0.42857142857142855
DQ326634.1.1352,3,11.666666666666666,0.2893749583809391,0.746561011851624,0.42857142857142855
EU156766.1.1269,3,16.0,-0.15010319713623796,0.3863765980356524,0.42857142857142855
JF803519.1.1479,2,16.0,2.741497807537291,0.9835928631568538,0.2857142857142857
GQ014737.1.1357,2,4.0,2.162127138340631,1.2249494260994163,0.2857142857142857
FJ792537.1.1368,2,1.0,2.0615094726571637,0.9208624940590906,0.2857142857142857
JQ460165.1.1205,2,7.5,1.4817222677044832,0.8929195641841343,0.2857142857142857
X55410.1.1333,2,14.0,1.089025178990761,0.6155101780963272,0.2857142857142857
KF101479.1.1371,2,2.0,1.0794284750346739,0.3990924219874649,0.2857142857142857
KJ574409.1.1223,2,15.0,-0.999135597802014,2.9071327169578525,0.2857142857142857
KF083703.1.1340,2,12.5,0.7836964750147418,0.6012093686785809,0.2857142857142857
JQ466159.1.1285,2,17.0,0.6331272161873565,0.2796824668106275,0.2857142857142857
HQ810946.1.1476,2,13.0,0.6323162608145247,0.2303232831393713,0.2857142857142857
JQ460153.1.1289,2,13.5,0.6274492975933041,1.1237797384696693,0.2857142857142857
FJ369308.1.1240,2,7.5,-0.5852001102935247,1.0611646776289978,0.2857142857142857
JQ467297.1.1208,2,17.5,0.5726556793719928,0.36906587619177766,0.2857142857142857
LN611370.1.1200,2,7.5,0.4444111126751028,0.32200610079702197,0.2857142857142857
HK240304.1.1331,2,24.0,-0.3812127157613512,0.9474351274880857,0.2857142857142857
JQ475481.1.1262,2,20.5,0.33506899725838946,0.10322343613526304,0.2857142857142857
JF120145.1.1346,2,22.5,0.33375190310955816,0.17497067260656343,0.2857142857142857
JX030308.1.1232,2,20.5,-0.31934976277954297,0.4481445549624794,0.2857142857142857
DQ800246.1.1225,2,14.0,-0.30225214131253697,0.4225449814026711,0.2857142857142857
GU432132.1.1203,2,27.5,-0.204916429039877,0.5689353258590433,0.2857142857142857
KF842758.1.1325,2,25.0,-0.19087353558866554,0.26311346342314135,0.2857142857142857
EU767018.1.1359,2,23.0,0.17431142200595717,0.16119468897787753,0.2857142857142857
HK557112.1.1272,2,17.5,0.13971531018531935,1.5045960188186422,0.2857142857142857
HQ800862.1.1308,2,19.5,-0.09097514680664368,0.571370538071818,0.2857142857142857
U13039.1.1496,2,23.0,0.08768787332693867,0.16754326262888714,0.2857142857142857
FJ557765.1.1386,2,15.0,0.034292077660401016,0.7182508135882029,0.2857142857142857
EU309492.1.1445,2,20.0,-0.00533214587256306,0.2527782663057198,0.2857142857142857
FJ432378.1.1202,1,2.0,-7.538720984726565,14.072386939080276,0.14285714285714285
AB639144.1.1469,1,5.0,-5.084365198217879,9.233189994243556,0.14285714285714285
JQ455437.1.1278,1,1.0,-3.1468786990668276,4.558542892013647,0.14285714285714285
JQ467788.1.1220,1,8.0,1.8350143589009378,1.3098131514223867,0.14285714285714285
AM420255.1.1205,1,9.0,1.811590112131348,1.4906323537684996,0.14285714285714285
EF026154.1.1200,1,6.0,-1.4412169182679784,2.9149888611757775,0.14285714285714285
FJ371195.1.1316,1,3.0,-1.1935502768769912,2.989221681540829,0.14285714285714285
JQ186757.1.1359,1,12.0,-1.1197786660137548,1.5159309706107913,0.14285714285714285
MK131295.1.1339,1,12.0,-1.0326771362689204,1.98667223294924,0.14285714285714285
KP330262.1.1200,1,13.0,-0.8615771101879304,0.6148198137299461,0.14285714285714285
HQ806883.1.1241,1,4.0,-0.8549076573204036,1.3356797289667803,0.14285714285714285
HQ766049.1.1250,1,5.0,-0.8524572581601051,1.4269998866578855,0.14285714285714285
MF461119.1.1200,1,13.0,-0.8506338617028644,1.955466832130415,0.14285714285714285
U13042.1.1434,1,15.0,0.7767578116271894,0.27456643560993604,0.14285714285714285
GQ492470.1.1319,1,8.0,-0.764159815632102,0.7646304631725881,0.14285714285714285
FJ369196.1.1353,1,17.0,-0.7586980957010596,0.5057987304673731,0.14285714285714285
AE000513.2467934.2469435,1,5.0,0.7459108724533643,0.7978482740890025,0.14285714285714285
JN639385.1.1262,1,19.0,-0.714732359643201,1.316073908040925,0.14285714285714285
GQ144701.1.1205,1,9.0,-0.698703371215499,1.2001796493622512,0.14285714285714285
KF098874.1.1361,1,21.0,-0.693548310308769,0.7956396916836564,0.14285714285714285
EU774184.1.1387,1,10.0,-0.6872430528430605,0.56015015950907,0.14285714285714285
KX792215.1.1201,1,6.0,0.6760400679071148,0.35921424425381354,0.14285714285714285
JF747611.1.1274,1,3.0,0.6174252242781222,0.2720856920547657,0.14285714285714285
KF842582.1.1388,1,11.0,-0.6045783422467511,0.9749766427557915,0.14285714285714285
KY983579.1.1217,1,12.0,-0.596223526094966,1.5604876558839655,0.14285714285714285
KP644774.1.1203,1,7.0,0.581387637303372,1.4143313184477204,0.14285714285714285
AM419999.1.1277,1,16.0,0.5546196955174768,0.3005618253456695,0.14285714285714285
KF697532.1.1227,1,18.0,0.5028856527344587,0.47704514938098763,0.14285714285714285
JQ187213.1.1363,1,22.0,-0.49770367753218714,0.82936429202025,0.14285714285714285
FAUJ01000006.3367.4875,1,23.0,-0.49636434080890307,0.7819566431112663,0.14285714285714285
HQ686141.1.1218,1,14.0,0.4719540362612477,0.11546557196299015,0.14285714285714285
EU472152.1.1397,1,26.0,-0.4643903349094804,0.5695296592692376,0.14285714285714285
FJ557701.1.1386,1,27.0,0.46347723059733614,0.8148270190971415,0.14285714285714285
JQ191045.1.1353,1,28.0,-0.4569529522076445,0.6615755759090316,0.14285714285714285
DQ807131.1.1283,1,11.0,-0.44351576271039006,2.383840204115783,0.14285714285714285
EU463379.1.1288,1,30.0,-0.4329447209134278,0.2886298139422852,0.14285714285714285
DQ799182.1.1290,1,6.0,-0.42842504558990707,0.411270266064669,0.14285714285714285
GBHJ01003687.151.1360,1,16.0,-0.3885237072270412,0.386913441004402,0.14285714285714285
AY947496.1.1209,1,17.0,-0.3846957474310572,0.5548755836861781,0.14285714285714285
KY883186.1.1200,1,17.0,0.3795009346227443,0.11258723369914375,0.14285714285714285
JQ465246.1.1375,1,22.0,-0.3775819457598728,1.8084826453191472,0.14285714285714285
FJ364692.1.1331,1,12.0,-0.3644984839492625,0.46377162523336213,0.14285714285714285
FJ432294.1.1202,1,23.0,0.35967837004992365,0.7640053987622027,0.14285714285714285
DQ799352.1.1291,1,18.0,-0.35849742980877836,0.4052849029205191,0.14285714285714285
KC000059.1.1295,1,24.0,0.35081222338669144,0.42357631399332046,0.14285714285714285
HK694993.1.1204,1,14.0,0.34954071153930116,0.5502432559881352,0.14285714285714285
FJ032586.1.1226,1,25.0,-0.34800894035430563,0.686344350964486,0.14285714285714285
KY229868.1.1200,1,20.0,0.3344531592062038,0.08644110657972152,0.14285714285714285
FJ802340.1.1203,1,21.0,0.3343154414846685,0.21435816237409536,0.14285714285714285
LT576395.1.1472,1,28.0,-0.33048055333167703,0.2947177107590029,0.14285714285714285
KF101648.1.1374,1,29.0,-0.3244758544446582,0.48554502766248486,0.14285714285714285
FJ364950.1.1345,1,15.0,-0.3229871600232217,0.8326207575034581,0.14285714285714285
KH493948.1.1328,1,30.0,0.3150623666079397,0.22755287001216476,0.14285714285714285
EU768772.1.1356,1,23.0,-0.3054771398717864,0.4539796523074725,0.14285714285714285
JF220832.1.1358,1,20.0,0.30458547767313815,0.162921205783275,0.14285714285714285
FR681902.1.1718,1,8.0,-0.29856038176351124,0.16699139996942156,0.14285714285714285
JX095969.1.1221,1,24.0,-0.2875728456570198,0.42478335148614477,0.14285714285714285
KF089553.1.1340,1,10.0,0.28377232211044967,0.125052209743588,0.14285714285714285
JQ465376.1.1220,1,23.0,-0.2807506099789738,0.6210094625145515,0.14285714285714285
FJ371191.1.1358,1,11.0,-0.2741527501983957,0.22253372010085626,0.14285714285714285
JQ460078.1.1253,1,12.0,-0.26934340359135106,0.15064970031380653,0.14285714285714285
FJ369082.1.1342,1,28.0,-0.26510620405925045,0.3884236715743573,0.14285714285714285
JQ855614.1.1252,1,19.0,0.2628390330119982,0.30033007304031645,0.14285714285714285
FJ364934.1.1401,1,29.0,-0.2587143943586314,0.5574767390961364,0.14285714285714285
DQ808102.1.1318,1,30.0,-0.2577921240378189,0.2558924335668493,0.14285714285714285
KU324909.1.1217,1,26.0,-0.25083293888323877,0.5905195363902249,0.14285714285714285
FJ367645.1.1320,1,8.0,0.243633816410871,0.18045448960989005,0.14285714285714285
EU475681.1.1364,1,14.0,-0.23693411778470486,0.1325224726592417,0.14285714285714285
GQ493505.1.1359,1,9.0,0.23321454537113023,0.2076246943431328,0.14285714285714285
KF084610.1.1355,1,22.0,0.22448570043607502,0.32983891546780003,0.14285714285714285
DQ800502.1.1288,1,16.0,-0.21490407768975606,0.12020058582647372,0.14285714285714285
HQ767549.1.1330,1,23.0,-0.21069746303866982,0.4244177219357848,0.14285714285714285
EF071211.1.1211,1,17.0,-0.20860483171011257,0.18694099009768395,0.14285714285714285
EF603170.1.1478,1,24.0,0.2072938801183254,0.5621393920293102,0.14285714285714285
DQ800324.1.1398,1,10.0,0.20639883125368033,0.3264005146540239,0.14285714285714285
GQ014254.1.1331,1,28.0,0.20602455099141942,0.17986824103156288,0.14285714285714285
LC099978.1.1200,1,25.0,0.20262179851739962,0.2242375617941817,0.14285714285714285
JF021752.1.1274,1,26.0,0.20147462221665885,0.5220778032743143,0.14285714285714285
LN998062.1.1487,1,11.0,-0.20082449359019316,0.28979791476379085,0.14285714285714285
DQ794427.1.1242,1,28.0,-0.1974811679425575,0.41493102763636497,0.14285714285714285
EF402071.1.1478,1,12.0,0.19695776798439996,0.2763038986755133,0.14285714285714285
GQ138429.1.1362,1,20.0,-0.1963573291361558,0.23333463049625275,0.14285714285714285
LARF01000109.1.1225,1,21.0,-0.19471963794258654,0.3105828539891916,0.14285714285714285
AY538696.1.1466,1,13.0,0.19263253803490304,0.20420327187999718,0.14285714285714285
EU775597.1.1351,1,14.0,-0.19185281184322847,0.30543440156707574,0.14285714285714285
KF571471.1.1207,1,29.0,0.1903426192338093,0.25559147746402266,0.14285714285714285
EU762506.1.1327,1,15.0,0.1894786492822907,0.39780639493883607,0.14285714285714285
FJ366838.1.1357,1,22.0,0.18939422682309764,0.08346186266780574,0.14285714285714285
ABIK02000013.103269.104574,1,30.0,-0.18880465178152267,0.49473638390967,0.14285714285714285
HM308748.1.1356,1,16.0,0.18802369727860563,0.33010266176607533,0.14285714285714285
AM696869.1.1522,1,17.0,-0.18641273117839147,0.43271461702134534,0.14285714285714285
FJ365054.1.1355,1,24.0,-0.18125317249484738,0.10137889309033837,0.14285714285714285
GQ493436.1.1333,1,25.0,-0.17964164303107694,0.10047752915297523,0.14285714285714285
JF057160.1.1343,1,18.0,0.173793885516158,0.21107880967392229,0.14285714285714285
EU763456.1.1359,1,19.0,0.17363315639480092,0.47240169816102606,0.14285714285714285
KF843440.1.1336,1,20.0,0.17036302676060214,0.31704399863172783,0.14285714285714285
BAAV01000888.1.1300,1,27.0,-0.16984527210488615,0.09499820304171597,0.14285714285714285
DQ807658.1.1289,1,29.0,-0.16846523304989455,0.23582168533282594,0.14285714285714285
KF842108.1.1243,1,30.0,-0.16694228552215282,0.14051992323586326,0.14285714285714285
FJ507231.1.1307,1,21.0,0.15877264136824604,0.5279360856500216,0.14285714285714285
AY981777.1.1355,1,22.0,0.15825882192999596,0.344989938352537,0.14285714285714285
DQ905725.1.1572,1,24.0,-0.15229065062478184,0.07465227971803032,0.14285714285714285
HQ790085.1.1320,1,25.0,0.15193074460493589,0.559803905827602,0.14285714285714285
GQ493546.1.1366,1,26.0,0.14370881794587687,0.07326331895279997,0.14285714285714285
FJ371179.1.1259,1,27.0,-0.14239925844362006,0.12277732547326928,0.14285714285714285
GQ491968.1.1295,1,29.0,0.1381137507155728,0.166949718265362,0.14285714285714285
HQ767134.1.1448,1,30.0,-0.1372972610995221,0.1354707996984883,0.14285714285714285
