fold,disease,study,otu,enrichment,enrichment_case,enrichment_control,case_minus_control,rank,rank_diff
CRC_PRJDB11845,CRC,PRJDB11845,DQ326634.1.1352,0.9278804019696134,1.092929484916684,0.7562293557046601,0.33670012921202386,1,6.0
CRC_PRJDB11845,CRC,PRJDB11845,FJ369781.1.1378,0.9277595292633777,0.9940962912634206,0.8587692967833331,0.13532699448008745,2,33.0
CRC_PRJDB11845,CRC,PRJDB11845,FJ371434.1.1338,0.7264418633962112,0.7861590426570426,0.6643359969649464,0.12182304569209623,3,42.0
CRC_PRJDB11845,CRC,PRJDB11845,FJ369308.1.1240,0.6853153009410473,0.5029828357017742,0.8749410647898912,-0.37195822908811704,4,5.0
CRC_PRJDB11845,CRC,PRJDB11845,FJ366501.1.1310,0.6520523896221727,0.6611628313339912,0.6425775302418818,0.01858530109210943,5,352.0
CRC_PRJDB11845,CRC,PRJDB11845,EU766108.1.1338,0.6001489675463804,0.6551847940352626,0.542911707997943,0.11227308603731967,6,45.0
CRC_PRJDB11845,CRC,PRJDB11845,DQ794369.1.1366,0.5914207218493354,0.6479316649000304,0.5326493410766124,0.11528232382341796,7,43.0
CRC_PRJDB11845,CRC,PRJDB11845,HQ790085.1.1320,0.559803905827602,0.6342797610261,0.48234901642116407,0.15193074460493589,8,25.0
CRC_PRJDB11845,CRC,PRJDB11845,DQ798000.1.1401,0.5343851697299435,0.5098949269457267,0.559855022225529,-0.049960095279802275,9,174.0
CRC_PRJDB11845,CRC,PRJDB11845,FJ507231.1.1307,0.5279360856500216,0.6057658118109266,0.44699317044268055,0.15877264136824604,10,21.0
CRC_PRJDB11845,CRC,PRJDB11845,EU763582.1.1367,0.5212818960761165,0.5222472041585626,0.5202779756703724,0.0019692284881902555,11,522.0
CRC_PRJDB11845,CRC,PRJDB11845,GQ491922.1.1347,0.5096980923660452,0.44589114055568824,0.5760573222488165,-0.1301661816931282,12,36.0
CRC_PRJDB11845,CRC,PRJDB11845,JF161763.1.1353,0.5044302349009253,0.5151105302800902,0.4933227277065938,0.02178780257349644,13,308.0
CRC_PRJDB11845,CRC,PRJDB11845,FJ365305.1.1340,0.4795228882747538,0.45270151938072956,0.507417111924539,-0.05471559254380942,14,152.0
CRC_PRJDB11845,CRC,PRJDB11845,EU763456.1.1359,0.47240169816102606,0.5575159905114188,0.38388283411661783,0.17363315639480092,15,19.0
CRC_PRJDB11845,CRC,PRJDB11845,GQ491279.1.1262,0.455020409623721,0.40756507546234977,0.5043739571515471,-0.09680888168919732,16,60.0
CRC_PRJDB11845,CRC,PRJDB11845,KF101479.1.1371,0.45498519615434546,0.8707358298273995,0.022604537134369215,0.8481312926930303,17,1.0
CRC_PRJDB11845,CRC,PRJDB11845,DQ799373.1.1400,0.45387620545674146,0.484285215408398,0.42225083510701855,0.06203438030137942,18,134.0
CRC_PRJDB11845,CRC,PRJDB11845,ABQC02000019.758957.760260,0.43850613024931867,0.4755267003783956,0.4000047373150786,0.07552196306331704,19,105.0
CRC_PRJDB11845,CRC,PRJDB11845,AM696869.1.1522,0.43271461702134534,0.3413358272280162,0.5277485584064077,-0.18641273117839147,20,17.0
CRC_PRJDB11845,CRC,PRJDB11845,EU768772.1.1356,0.4291296530989747,0.4956049682626214,0.3599953253287822,0.1356096429338392,21,31.0
CRC_PRJDB11845,CRC,PRJDB11845,FJ372012.1.1342,0.4231981831637754,0.46051222195054814,0.3843915828255316,0.07612063912501654,22,102.0
CRC_PRJDB11845,CRC,PRJDB11845,FJ366783.1.1350,0.4199697812623497,0.4452148174795393,0.39371494359647236,0.05149987388306693,23,164.0
CRC_PRJDB11845,CRC,PRJDB11845,HQ806883.1.1241,0.40437722421902556,0.37496782559901476,0.4349629987838368,-0.05999517318482206,24,139.0
CRC_PRJDB11845,CRC,PRJDB11845,KF101798.1.1358,0.4040389474743089,0.754979222938299,0.03906106099175911,0.7159181619465399,25,2.0
CRC_PRJDB11845,CRC,PRJDB11845,EU762506.1.1327,0.39780639493883607,0.4906880857634884,0.3012094364811977,0.1894786492822907,26,15.0
CRC_PRJDB11845,CRC,PRJDB11845,GQ448965.1.1384,0.3935430778214842,0.42629622793696725,0.35947980170138183,0.06681642623558542,27,116.0
CRC_PRJDB11845,CRC,PRJDB11845,EU778248.1.1341,0.3863994343764776,0.371116335533607,0.40229385717306293,-0.03117752163945592,28,267.0
CRC_PRJDB11845,CRC,PRJDB11845,DQ795266.1.1352,0.38284060784868196,0.3728771413846586,0.39320261297126613,-0.020325471586607524,29,318.0
CRC_PRJDB11845,CRC,PRJDB11845,EU767533.1.1322,0.3769773920142743,0.4202762602512032,0.33194656904786823,0.08832969120333495,30,76.0
CRC_PRJDB11845,CRC,PRJDB11845,GQ491160.1.1334,0.3706856727177046,0.4995639526929993,0.23665226154339813,0.26291169114960117,31,7.0
CRC_PRJDB11845,CRC,PRJDB11845,JF203236.1.1325,0.36651974901316536,0.3832074616161079,0.3491645279061049,0.034042933710003,32,252.0
CRC_PRJDB11845,CRC,PRJDB11845,GQ491615.1.1357,0.356010488803602,0.38802712850380117,0.3227131835153947,0.06531394498840648,33,123.0
CRC_PRJDB11845,CRC,PRJDB11845,FJ364692.1.1331,0.3462557330053434,0.41108565557992854,0.27883261352777483,0.1322530420521537,34,34.0
CRC_PRJDB11845,CRC,PRJDB11845,AY981777.1.1355,0.344989938352537,0.4225677922397899,0.26430897030979394,0.15825882192999596,35,22.0
CRC_PRJDB11845,CRC,PRJDB11845,GQ493731.1.1366,0.3343662914174786,0.3289866784844213,0.33996108886785803,-0.010974410383436717,36,473.0
CRC_PRJDB11845,CRC,PRJDB11845,HM308748.1.1356,0.33010266176607533,0.42227114082421535,0.23424744354560972,0.18802369727860563,37,16.0
CRC_PRJDB11845,CRC,PRJDB11845,EF071396.1.1511,0.3288205355631029,0.3300208736551352,0.32757218394738935,0.002448689707745866,38,515.0
CRC_PRJDB11845,CRC,PRJDB11845,DQ800324.1.1398,0.3264005146540239,0.4275764123273966,0.2211775810737163,0.20639883125368033,39,10.0
CRC_PRJDB11845,CRC,PRJDB11845,AJ305238.1.1505,0.3215771218818107,0.28070522600169984,0.364083893597126,-0.08337866759542617,40,86.0
CRC_PRJDB11845,CRC,PRJDB11845,GQ493077.1.1232,0.32059436881369946,0.3025159849024091,0.3393958880814413,-0.03687990317903217,41,223.0
CRC_PRJDB11845,CRC,PRJDB11845,FJ364354.1.1319,0.31990630278939053,0.27652301371413973,0.3650249234276513,-0.08850190971351157,42,75.0
CRC_PRJDB11845,CRC,PRJDB11845,KF843440.1.1336,0.31704399863172783,0.400555286259474,0.23019225949887187,0.17036302676060214,43,20.0
CRC_PRJDB11845,CRC,PRJDB11845,EU775597.1.1351,0.30543440156707574,0.2113889055654932,0.40324171740872167,-0.19185281184322847,44,14.0
CRC_PRJDB11845,CRC,PRJDB11845,KF842603.1.1378,0.29389940998045233,0.31706769437714216,0.2698043942078948,0.047263300169247346,45,189.0
CRC_PRJDB11845,CRC,PRJDB11845,LN998062.1.1487,0.28979791476379085,0.19135453555291182,0.392179029143105,-0.20082449359019316,46,11.0
CRC_PRJDB11845,CRC,PRJDB11845,FJ367024.1.1379,0.27842676381921405,0.28366526744615006,0.27297872004720075,0.010686547398949309,47,474.0
CRC_PRJDB11845,CRC,PRJDB11845,EF402071.1.1478,0.2763038986755133,0.3728518241580623,0.17589405617366233,0.19695776798439996,48,12.0
CRC_PRJDB11845,CRC,PRJDB11845,HQ452862.1.1498,0.27623676365999245,0.3002206649055155,0.2512935063646486,0.04892715854086693,49,182.0
CRC_PRJDB11845,CRC,PRJDB11845,GQ492980.1.1322,0.2762288996809789,0.2718668767812256,0.2807654034967224,-0.00889852671549679,50,478.0
CRC_PRJDB11845,CRC,PRJDB11845,EU777642.1.1352,0.27183240930720237,0.30350786628715026,0.2388899340480566,0.06461793223909365,51,127.0
CRC_PRJDB11845,CRC,PRJDB11845,AB558487.1.1504,0.2671522824679581,0.3127111633418677,0.21977104635909195,0.09294011698277577,52,67.0
CRC_PRJDB11845,CRC,PRJDB11845,KF842215.1.1420,0.2671140031052108,0.283961139099959,0.2495929816706727,0.03436815742928631,53,250.0
CRC_PRJDB11845,CRC,PRJDB11845,FJ557765.1.1386,0.2668942597761653,0.4665002030714487,0.059304078749070566,0.4071961243223781,54,4.0
CRC_PRJDB11845,CRC,PRJDB11845,HQ766992.1.1435,0.2605312735137523,0.2713001334938245,0.24933165913447738,0.021968474359347095,55,304.0
CRC_PRJDB11845,CRC,PRJDB11845,DQ794702.1.1380,0.24890671636501416,0.2252755429974805,0.2734831366672491,-0.048207593669768595,56,187.0
CRC_PRJDB11845,CRC,PRJDB11845,HQ785882.1.1446,0.24469753384614498,0.27406630327459425,0.21415401364055772,0.059912289634036525,57,140.0
CRC_PRJDB11845,CRC,PRJDB11845,EU767243.1.1365,0.23500684898398405,0.281772075953762,0.18637101293541491,0.09540106301834711,58,62.0
CRC_PRJDB11845,CRC,PRJDB11845,FJ509217.1.1371,0.23455072801219287,0.27676426065870774,0.19064865405981737,0.08611560659889037,59,79.0
CRC_PRJDB11845,CRC,PRJDB11845,HQ754428.1.1369,0.2271759245039445,0.27540319777117706,0.17701956030602253,0.09838363746515452,60,57.0
CRC_PRJDB11845,CRC,PRJDB11845,FJ366437.1.1364,0.22325074515576335,0.23296014694885042,0.2131529672909528,0.019807179657897633,61,325.0
CRC_PRJDB11845,CRC,PRJDB11845,EF402508.1.1495,0.22151536088637716,0.19566559784997925,0.248399114444231,-0.05273351659425174,62,159.0
CRC_PRJDB11845,CRC,PRJDB11845,HQ754366.1.1357,0.22101544734133177,0.26543702626039684,0.17481700526550412,0.09062002099489272,63,71.0
CRC_PRJDB11845,CRC,PRJDB11845,JQ467804.1.1375,0.21950730103603713,0.43057201357068825,0.0,0.43057201357068825,64,3.0
CRC_PRJDB11845,CRC,PRJDB11845,FJ363012.1.1338,0.21822816251207972,0.23189167098816818,0.2040181136969477,0.027873557291220485,65,280.0
CRC_PRJDB11845,CRC,PRJDB11845,JQ455437.1.1278,0.21749908095560477,0.2631799901972931,0.169990935344249,0.0931890548530441,66,66.0
CRC_PRJDB11845,CRC,PRJDB11845,DQ824444.1.1392,0.21382015232100257,0.2348991944812811,0.1918979484743128,0.04300124600696831,67,205.0
CRC_PRJDB11845,CRC,PRJDB11845,FJ368381.1.1385,0.2137323180380965,0.17189218806855094,0.2572460532064239,-0.08535386513787296,68,81.0
CRC_PRJDB11845,CRC,PRJDB11845,FJ368953.1.1382,0.21338025737231217,0.22572412757943264,0.20054263235690692,0.025181495222525718,69,290.0
CRC_PRJDB11845,CRC,PRJDB11845,GQ491970.1.1359,0.21292743572639608,0.1717401443464228,0.2557622187615683,-0.0840220744151455,70,84.0
CRC_PRJDB11845,CRC,PRJDB11845,FJ366838.1.1357,0.21271938086469092,0.24444098664949146,0.17972891084849835,0.06471207580099311,71,126.0
CRC_PRJDB11845,CRC,PRJDB11845,JF057160.1.1343,0.21107880967392229,0.29627189080929384,0.12247800529313585,0.173793885516158,72,18.0
CRC_PRJDB11845,CRC,PRJDB11845,GQ448280.1.1381,0.2098602288877409,0.22290146421903795,0.196297344143192,0.02660412007584595,73,284.0
CRC_PRJDB11845,CRC,PRJDB11845,GQ493505.1.1359,0.2076246943431328,0.32194554991721624,0.08873100454608601,0.23321454537113023,74,9.0
CRC_PRJDB11845,CRC,PRJDB11845,HQ783613.1.1444,0.20632287237817556,0.26122614761623436,0.1492234661305944,0.11200268148563997,75,46.0
CRC_PRJDB11845,CRC,PRJDB11845,AY538696.1.1466,0.20420327187999718,0.29863098660298887,0.10599844856808582,0.19263253803490304,76,13.0
CRC_PRJDB11845,CRC,PRJDB11845,GQ491404.1.1333,0.20381088689992238,0.21881504777448774,0.1882065595903744,0.030608488184113325,77,272.0
CRC_PRJDB11845,CRC,PRJDB11845,AY916390.1.1359,0.20377664261168854,0.19364712727017322,0.21431133856686452,-0.0206642112966913,78,314.0
CRC_PRJDB11845,CRC,PRJDB11845,JF057538.1.1353,0.2019140294363442,0.14177833879008317,0.2644551477084557,-0.12267680891837252,79,41.0
CRC_PRJDB11845,CRC,PRJDB11845,FJ368094.1.1338,0.20083134996345617,0.24303188580625618,0.1569427926869442,0.08608909311931198,80,80.0
CRC_PRJDB11845,CRC,PRJDB11845,CDZD01005085.92.1630,0.1966732747349097,0.23222817740707585,0.15969617595585686,0.07253200145121899,81,110.0
CRC_PRJDB11845,CRC,PRJDB11845,FJ363281.1.1347,0.19005319331787845,0.22787204103168243,0.15072159169552227,0.07715044933616017,82,97.0
CRC_PRJDB11845,CRC,PRJDB11845,FJ368910.1.1358,0.1892950824884929,0.1432736455821074,0.2371573768711338,-0.09388373128902641,83,64.0
CRC_PRJDB11845,CRC,PRJDB11845,DQ799701.1.1410,0.188999761439239,0.24380533281379405,0.13200196720970175,0.11180336560409229,84,48.0
CRC_PRJDB11845,CRC,PRJDB11845,EU761920.1.1356,0.18868150515786186,0.2004534299037634,0.1764387034221242,0.024014726481639215,85,293.0
CRC_PRJDB11845,CRC,PRJDB11845,EF400498.1.1478,0.18848949005778612,0.19934352507325226,0.17720129364170137,0.02214223143155089,86,302.0
CRC_PRJDB11845,CRC,PRJDB11845,LT576391.1.1479,0.18467488789510936,0.16854622389954063,0.20144869845050078,-0.032902474550960153,87,258.0
CRC_PRJDB11845,CRC,PRJDB11845,AB261128.1.1492,0.18115939336046696,0.1643956097227951,0.19859372834364575,-0.03419811862085065,88,251.0
CRC_PRJDB11845,CRC,PRJDB11845,EF404788.1.1485,0.18084103070439927,0.13254869865396848,0.23106505603684735,-0.09851635738287887,89,55.0
CRC_PRJDB11845,CRC,PRJDB11845,FJ367645.1.1320,0.18045448960989005,0.299882830987768,0.05624901457689702,0.243633816410871,90,8.0
CRC_PRJDB11845,CRC,PRJDB11845,HQ759766.1.1439,0.17695561384940459,0.14697555764817086,0.20813487229868774,-0.06115931465051688,91,136.0
CRC_PRJDB11845,CRC,PRJDB11845,EF401863.1.1477,0.1753249476348762,0.16211358424520883,0.1890647655601303,-0.02695118131492147,92,283.0
CRC_PRJDB11845,CRC,PRJDB11845,CALK01000057.3384.4901,0.1747849966944165,0.17741044167166528,0.17205453391807776,0.005355907753587519,93,493.0
CRC_PRJDB11845,CRC,PRJDB11845,LT558846.1.1494,0.17408827052518627,0.22853988443966955,0.11745859205412368,0.11108129238554587,94,49.0
CRC_PRJDB11845,CRC,PRJDB11845,DQ793375.1.1380,0.1725445690578507,0.2355719830852766,0.1069960584693278,0.1285759246159488,95,38.0
CRC_PRJDB11845,CRC,PRJDB11845,AB490801.1.1479,0.17141841114057363,0.2122384377259713,0.12896558349176002,0.0832728542342113,96,87.0
CRC_PRJDB11845,CRC,PRJDB11845,EU767018.1.1359,0.16842834875474572,0.2376310869406622,0.09645750104139247,0.14117358589926973,97,28.0
CRC_PRJDB11845,CRC,PRJDB11845,FJ371675.1.1332,0.16775520874516056,0.11228091680170157,0.22544847236635784,-0.11316755556465627,98,44.0
CRC_PRJDB11845,CRC,PRJDB11845,AM886059.1.1431,0.16755466587731943,0.18560374472946978,0.14878362387108304,0.036820120858386735,99,225.0
CRC_PRJDB11845,CRC,PRJDB11845,GQ491968.1.1295,0.166949718265362,0.23465253724358398,0.09653878652801116,0.1381137507155728,100,29.0
CRC_PRJDB11845,CRC,PRJDB11845,FQTO01000003.268810.270301,0.16409994463521524,0.16019910516945693,0.1681568176796039,-0.007957712510146958,101,483.0
CRC_PRJDB11845,CRC,PRJDB11845,JF163596.1.1351,0.16379516961637372,0.1581088518186544,0.16970894012600182,-0.011600088307347434,102,470.0
CRC_PRJDB11845,CRC,PRJDB11845,GQ144701.1.1205,0.163609942955458,0.11704106406213191,0.21204157700451712,-0.0950005129423852,103,63.0
CRC_PRJDB11845,CRC,PRJDB11845,EU764108.1.1351,0.1627865216734338,0.15788540800209516,0.16788367989162606,-0.009998271889530896,104,475.0
CRC_PRJDB11845,CRC,PRJDB11845,LT623894.1.1472,0.16095666947098924,0.19139552845034555,0.12930025613245866,0.06209527231788689,105,133.0
CRC_PRJDB11845,CRC,PRJDB11845,FPLO01003969.16.1529,0.16093154871772392,0.15804663158577079,0.16393186253495515,-0.005885230949184361,106,491.0
CRC_PRJDB11845,CRC,PRJDB11845,FJ366013.1.1355,0.1605191316457124,0.19762085526674172,0.12193333907984195,0.07568751618689977,107,104.0
CRC_PRJDB11845,CRC,PRJDB11845,FAVI01000008.1703276.1704567,0.1604842411459186,0.12828898831204966,0.19396730409314233,-0.06567831578109268,108,119.0
CRC_PRJDB11845,CRC,PRJDB11845,DQ800343.1.1393,0.16001270126301817,0.15572249581917927,0.16447451492461065,-0.008752019105431386,109,480.0
CRC_PRJDB11845,CRC,PRJDB11845,DQ803886.1.1392,0.156675024906149,0.10957564467576165,0.20565838034575182,-0.09608273566999016,110,61.0
CRC_PRJDB11845,CRC,PRJDB11845,HQ780971.1.1455,0.15620672536916497,0.13307147224744162,0.18026738861575722,-0.047195916368315605,111,190.0
CRC_PRJDB11845,CRC,PRJDB11845,FJ371191.1.1358,0.1556238591118588,0.13819828545764232,0.17374645571224392,-0.03554817025460161,112,235.0
CRC_PRJDB11845,CRC,PRJDB11845,FJ369082.1.1342,0.1542054094934191,0.1493635744614622,0.1592409179266542,-0.009877343465192007,113,476.0
CRC_PRJDB11845,CRC,PRJDB11845,FJ510229.1.1386,0.1464278250940302,0.1009017460866091,0.19377494726174824,-0.09287320117513914,114,69.0
CRC_PRJDB11845,CRC,PRJDB11845,DQ456134.1.1453,0.14461868010869167,0.17496969781290644,0.11305362169630825,0.06191607611659819,115,135.0
CRC_PRJDB11845,CRC,PRJDB11845,DQ794573.1.1388,0.14388237822362604,0.09174244550582117,0.19810790825014313,-0.10636546274432196,116,51.0
CRC_PRJDB11845,CRC,PRJDB11845,JF030154.1.1334,0.14110499888421127,0.12453314086470085,0.15833973122450212,-0.03380659035980127,117,254.0
CRC_PRJDB11845,CRC,PRJDB11845,HQ782369.1.1609,0.13655496956902294,0.12514309715837812,0.14842331687609353,-0.023280219717715406,118,296.0
CRC_PRJDB11845,CRC,PRJDB11845,EU766073.1.1358,0.13575062776605287,0.1202758081505099,0.15184444016621756,-0.03156863201570767,119,264.0
CRC_PRJDB11845,CRC,PRJDB11845,HQ767134.1.1448,0.1354707996984883,0.0681682207281343,0.2054654818276564,-0.1372972610995221,120,30.0
CRC_PRJDB11845,CRC,PRJDB11845,FJ371857.1.1374,0.13402505768341275,0.17053534590209332,0.09605435793598492,0.0744809879661084,121,107.0
CRC_PRJDB11845,CRC,PRJDB11845,DQ793241.1.1399,0.13381452944808414,0.11999351682756336,0.14818838257342576,-0.0281948657458624,122,279.0
CRC_PRJDB11845,CRC,PRJDB11845,JF152180.1.1335,0.13298911500487817,0.10310442377186309,0.16406919388721383,-0.060964770115350744,123,138.0
CRC_PRJDB11845,CRC,PRJDB11845,AM405127.1.1487,0.13080776407721217,0.0852804215436873,0.17815620031207804,-0.09287577876839075,124,68.0
CRC_PRJDB11845,CRC,PRJDB11845,FJ366441.1.1355,0.13019760481380172,0.08206003710615617,0.18026067522975306,-0.09820063812359689,125,58.0
CRC_PRJDB11845,CRC,PRJDB11845,EU765352.1.1357,0.12926437274790278,0.1731522327635246,0.08362099833165607,0.08953123443186853,126,74.0
CRC_PRJDB11845,CRC,PRJDB11845,EU779054.1.1366,0.12826946759489943,0.13444161080928424,0.12185043865193924,0.012591172157344996,127,466.0
CRC_PRJDB11845,CRC,PRJDB11845,EU774184.1.1387,0.12819863679161406,0.1317749805211161,0.1244792393129319,0.007295741208184214,128,485.0
CRC_PRJDB11845,CRC,PRJDB11845,HQ769937.1.1427,0.12734754796267725,0.10542764103350541,0.15014425116901595,-0.04471661013551054,129,196.0
CRC_PRJDB11845,CRC,PRJDB11845,FJ363561.1.1364,0.12352597951018586,0.12253011460117519,0.12456167901555698,-0.0020315644143817924,130,521.0
CRC_PRJDB11845,CRC,PRJDB11845,EF402740.1.1487,0.12327353259566806,0.13773872968084058,0.10822972762708863,0.029509002053751954,131,273.0
CRC_PRJDB11845,CRC,PRJDB11845,DQ808607.1.1398,0.12324240197065389,0.13605219872745997,0.1099202133435756,0.026131985383884365,132,286.0
CRC_PRJDB11845,CRC,PRJDB11845,GQ448908.1.1286,0.12290584297433763,0.15191730871969739,0.09273391859916348,0.059183390120533905,133,142.0
CRC_PRJDB11845,CRC,PRJDB11845,FJ371179.1.1259,0.12277732547326928,0.052973767412671194,0.19537302585629127,-0.14239925844362006,134,27.0
CRC_PRJDB11845,CRC,PRJDB11845,EU768679.1.1293,0.12221707938865949,0.10705728412199862,0.13798326646598677,-0.030925982343988148,135,271.0
CRC_PRJDB11845,CRC,PRJDB11845,JQ189159.1.1329,0.1213625908359045,0.13657130665766698,0.10554552638127157,0.03102578027639541,136,268.0
CRC_PRJDB11845,CRC,PRJDB11845,FJ503238.1.1390,0.12108855821067477,0.09963251652572161,0.14340284156302613,-0.04377032503730452,137,201.0
CRC_PRJDB11845,CRC,PRJDB11845,GQ448776.1.1365,0.12047177863998179,0.11803639132547407,0.12300458144706983,-0.004968190121595759,138,496.0
CRC_PRJDB11845,CRC,PRJDB11845,EU767500.1.1358,0.11872112868183286,0.14319381199908468,0.09326953803189099,0.04992427396719369,139,175.0
CRC_PRJDB11845,CRC,PRJDB11845,GQ898207.1.1492,0.11855349703417982,0.0537557190684124,0.18594318611857794,-0.13218746705016554,140,35.0
CRC_PRJDB11845,CRC,PRJDB11845,GQ898572.1.1490,0.11776369081024884,0.12204848061829138,0.1133075094098846,0.008740971208406778,141,481.0
CRC_PRJDB11845,CRC,PRJDB11845,DQ673535.1.1495,0.11739902138661326,0.15969056800867504,0.07341581289966902,0.08627475510900602,142,78.0
CRC_PRJDB11845,CRC,PRJDB11845,EF404658.1.1491,0.11693720386616181,0.16522432933710757,0.06671859337637823,0.09850573596072934,143,56.0
CRC_PRJDB11845,CRC,PRJDB11845,EU774152.1.1342,0.11650219112421613,0.07576103241911206,0.15887299617752432,-0.08311196375841226,144,88.0
CRC_PRJDB11845,CRC,PRJDB11845,EF402847.1.1496,0.11508934354878281,0.06754993447938408,0.16453032898095746,-0.09698039450157338,145,59.0
CRC_PRJDB11845,CRC,PRJDB11845,EU768046.1.1367,0.11460773755485813,0.1535560397658115,0.07410150325546662,0.07945453651034488,146,92.0
CRC_PRJDB11845,CRC,PRJDB11845,FJ362935.1.1246,0.11382762352735096,0.08291918936615378,0.145972395054996,-0.06305320568884223,147,131.0
CRC_PRJDB11845,CRC,PRJDB11845,AY608696.1.1419,0.11213663967974559,0.15004938898028997,0.0727073804071794,0.07734200857311056,148,96.0
CRC_PRJDB11845,CRC,PRJDB11845,FMDZ01000001.16887.18386,0.11148931359373081,0.14079076706921348,0.08101580197922885,0.05977496508998463,149,141.0
CRC_PRJDB11845,CRC,PRJDB11845,FJ366509.1.1300,0.11121655866546326,0.13884922494896904,0.08247858573061723,0.05637063921835181,150,147.0
CRC_PRJDB11845,CRC,PRJDB11845,GQ047989.1.1350,0.11068598588995539,0.10473627004270944,0.11687369037109117,-0.012137420328381734,151,467.0
CRC_PRJDB11845,CRC,PRJDB11845,FJ363316.1.1368,0.11013930358351787,0.11635031595300786,0.10367985071924825,0.012670465233759615,152,465.0
CRC_PRJDB11845,CRC,PRJDB11845,FNLI01000001.906.2398,0.10948092880311842,0.1238949913591242,0.0944903037448724,0.0294046876142518,153,274.0
CRC_PRJDB11845,CRC,PRJDB11845,EF071174.1.1494,0.10746778622026146,0.1571634375036527,0.05578430888553461,0.10137912861811808,154,53.0
CRC_PRJDB11845,CRC,PRJDB11845,DQ808737.1.1402,0.10668067233728282,0.09778363867483747,0.11593358734622598,-0.018149948671388513,155,369.0
CRC_PRJDB11845,CRC,PRJDB11845,DQ777901.1.1500,0.10538781671389158,0.13632698492326129,0.07321108177614709,0.0631159031471142,156,130.0
CRC_PRJDB11845,CRC,PRJDB11845,DQ800782.1.1428,0.10536417877453752,0.10158626046270515,0.10929321381884316,-0.0077069533561380105,157,484.0
CRC_PRJDB11845,CRC,PRJDB11845,DQ801738.1.1390,0.10397513758153747,0.11656209476924956,0.09088470210631688,0.025677392662932674,158,288.0
CRC_PRJDB11845,CRC,PRJDB11845,KF842684.1.1392,0.10370230109786943,0.11888084775404048,0.08791661257545152,0.030964235178588956,159,270.0
CRC_PRJDB11845,CRC,PRJDB11845,LN866995.1.1482,0.10367115712922455,0.13571680534947422,0.07034368298016488,0.06537312236930934,160,122.0
CRC_PRJDB11845,CRC,PRJDB11845,DQ793537.1.1387,0.10364558886100532,0.15229121096378478,0.05305414187411467,0.09923706908967012,161,54.0
CRC_PRJDB11845,CRC,PRJDB11845,AB264082.1.1445,0.10132293180589946,0.11536503176037699,0.08671914785324286,0.02864588390713413,162,277.0
CRC_PRJDB11845,CRC,PRJDB11845,FTLM01000021.103.1630,0.10066799105683744,0.11341094572055271,0.08741531820657354,0.025995627513979172,163,287.0
CRC_PRJDB11845,CRC,PRJDB11845,JRGF01000044.3.1537,0.10017503740865544,0.08672630127358179,0.11416172298913202,-0.02743542171555023,164,282.0
CRC_PRJDB11845,CRC,PRJDB11845,DQ342334.1.1517,0.09995981015940654,0.1244856669442155,0.0744529191032052,0.050032747841010305,165,172.0
CRC_PRJDB11845,CRC,PRJDB11845,HQ803947.1.1433,0.09955371798509184,0.08665838204204844,0.11296486736585695,-0.026306485323808512,166,285.0
CRC_PRJDB11845,CRC,PRJDB11845,FMFL01000027.72847.74341,0.0989052830918333,0.1065736879588654,0.0909301420301199,0.015643545928745506,167,444.0
CRC_PRJDB11845,CRC,PRJDB11845,EU475681.1.1364,0.09828179648596477,0.03468210503864937,0.1644254755911728,-0.1297433705525234,168,37.0
CRC_PRJDB11845,CRC,PRJDB11845,AB264069.1.1447,0.09805426648909263,0.08700047264424844,0.10955021208773058,-0.02254973944348214,169,300.0
CRC_PRJDB11845,CRC,PRJDB11845,ABIY02000114.1.1263,0.09744753189205368,0.13468277388855288,0.0587228802156945,0.07595989367285838,170,103.0
CRC_PRJDB11845,CRC,PRJDB11845,FJ508637.1.1375,0.09733965337806033,0.08609595686161461,0.10903309775516391,-0.0229371408935493,171,298.0
CRC_PRJDB11845,CRC,PRJDB11845,AB331897.1.1481,0.0972845247806677,0.0884328895690254,0.10649022540077567,-0.018057335831750274,172,371.0
CRC_PRJDB11845,CRC,PRJDB11845,FJ365255.1.1357,0.097148736340779,0.10194318092917688,0.0921625139688452,0.009780666960331683,173,477.0
CRC_PRJDB11845,CRC,PRJDB11845,FJ511498.1.1378,0.09665816987627278,0.08685314503964037,0.10685539570637047,-0.0200022506667301,174,322.0
CRC_PRJDB11845,CRC,PRJDB11845,AM275475.1.1514,0.09650309471218708,0.08687308624995731,0.10651830351290605,-0.01964521726294874,175,327.0
CRC_PRJDB11845,CRC,PRJDB11845,DQ793665.1.1389,0.09416066369900078,0.13363952006105906,0.05310265308246016,0.0805368669785989,176,90.0
CRC_PRJDB11845,CRC,PRJDB11845,DQ809024.1.1374,0.09317449318531146,0.09222466165486437,0.09416231797697643,-0.0019376563221120552,177,523.0
CRC_PRJDB11845,CRC,PRJDB11845,DQ325890.1.1356,0.0928182683084647,0.09036980437126775,0.09536467080314953,-0.004994866431881781,178,495.0
CRC_PRJDB11845,CRC,PRJDB11845,JQ190020.1.1395,0.09251665703121427,0.06262111435614479,0.12360802141328651,-0.06098690705714173,179,137.0
CRC_PRJDB11845,CRC,PRJDB11845,FMIZ01000004.105628.107132,0.09055895817441732,0.08887881970403191,0.09230630218361814,-0.0034274824795862274,180,509.0
CRC_PRJDB11845,CRC,PRJDB11845,AM277638.1.1452,0.08967816648058277,0.07105390056340884,0.10904740303444367,-0.037993502471034835,181,217.0
CRC_PRJDB11845,CRC,PRJDB11845,HQ775161.1.1448,0.08907363491720259,0.08601940538023767,0.0922500336356461,-0.0062306282554084325,182,490.0
CRC_PRJDB11845,CRC,PRJDB11845,JTDA01000039.175.1712,0.08840864516484241,0.05102847003115293,0.12728402730387944,-0.07625555727272651,183,101.0
CRC_PRJDB11845,CRC,PRJDB11845,AJ234058.1.1367,0.08775748965007808,0.12672875044891277,0.04722737841928999,0.07950137202962278,184,91.0
CRC_PRJDB11845,CRC,PRJDB11845,EU472152.1.1397,0.08741306459372923,0.08328363605034655,0.09170767027884721,-0.00842403422850066,185,482.0
CRC_PRJDB11845,CRC,PRJDB11845,EU462755.1.1387,0.0873935943556146,0.08486982083204798,0.09001831882012386,-0.005148497988075873,186,494.0
CRC_PRJDB11845,CRC,PRJDB11845,FJ364950.1.1345,0.08697667316338838,0.05891930062968571,0.11615634059843918,-0.05723703996875348,187,144.0
CRC_PRJDB11845,CRC,PRJDB11845,EF400051.1.1490,0.0867686859739859,0.06555315513665286,0.10883283804481227,-0.04327968290815941,188,203.0
CRC_PRJDB11845,CRC,PRJDB11845,FJ363471.1.1336,0.08571103676770102,0.053023822665310055,0.11970573943418762,-0.06668191676887757,189,117.0
CRC_PRJDB11845,CRC,PRJDB11845,FJ363124.1.1367,0.08445948008843544,0.11522346016509123,0.05246494080871344,0.0627585193563778,190,132.0
CRC_PRJDB11845,CRC,PRJDB11845,GQ014747.1.1357,0.08258201863336698,0.14331340660245562,0.019421375145514806,0.1238920314569408,191,39.0
CRC_PRJDB11845,CRC,PRJDB11845,HQ788538.1.1420,0.08170989076028656,0.10342474650436391,0.05912644078644614,0.04429830571791777,192,197.0
CRC_PRJDB11845,CRC,PRJDB11845,CEAR01043182.5169.6651,0.08128140429476141,0.08258678327248885,0.0799238101579249,0.0026629731145639546,193,512.0
CRC_PRJDB11845,CRC,PRJDB11845,DQ796919.1.1379,0.08118158095863227,0.10796225087669417,0.05332968424384793,0.05463256663284624,194,153.0
CRC_PRJDB11845,CRC,PRJDB11845,JQ189612.1.1335,0.08108220185347974,0.1251733576049073,0.03522739987199505,0.08994595773291225,195,73.0
CRC_PRJDB11845,CRC,PRJDB11845,DQ823984.1.1377,0.08046550878926235,0.10732292808974402,0.052533792716761424,0.05478913537298259,196,151.0
CRC_PRJDB11845,CRC,PRJDB11845,AJ006962.1.1476,0.08031918856108355,0.15754917756212541,0.0,0.15754917756212541,197,23.0
CRC_PRJDB11845,CRC,PRJDB11845,FJ368168.1.1360,0.0802931806386077,0.08610335280163549,0.07425060158905884,0.011852751212576645,198,469.0
CRC_PRJDB11845,CRC,PRJDB11845,GQ175458.1.1439,0.07816772727034012,0.1206447922129136,0.03399157973006368,0.08665321248284993,199,77.0
CRC_PRJDB11845,CRC,PRJDB11845,JQ940836.1.1449,0.07800017397704662,0.11816511773623718,0.03622863246748845,0.08193648526874873,200,89.0
CRC_PRJDB11845,CRC,PRJDB11845,DQ809036.1.1400,0.0775862648494213,0.09796773601854698,0.056389534833530576,0.04157820118501641,201,206.0
CRC_PRJDB11845,CRC,PRJDB11845,EU531944.1.1378,0.07708768004146739,0.08042575808940455,0.07361607887161276,0.0068096792177917975,202,486.0
CRC_PRJDB11845,CRC,PRJDB11845,FJ371815.1.1309,0.0762728277587764,0.0936871926025607,0.05816188832124075,0.03552530428131995,203,236.0
CRC_PRJDB11845,CRC,PRJDB11845,DQ808618.1.1395,0.07605868545847828,0.0372481840208937,0.11642160695356626,-0.07917342293267257,204,94.0
CRC_PRJDB11845,CRC,PRJDB11845,CDZQ01046174.191649.193144,0.07596395107814007,0.11393140051036309,0.03647780366862814,0.07745359684173495,205,95.0
CRC_PRJDB11845,CRC,PRJDB11845,DQ905725.1.1572,0.07465227971803032,0.0,0.15229065062478184,-0.15229065062478184,206,24.0
CRC_PRJDB11845,CRC,PRJDB11845,DQ824055.1.1388,0.07455541734778462,0.07273298803155716,0.07645074383666117,-0.0037177558051040144,207,506.0
CRC_PRJDB11845,CRC,PRJDB11845,MNQJ01000155.1819.3121,0.0745316262515201,0.05601381299754556,0.09379015203565359,-0.03777633903810803,208,218.0
CRC_PRJDB11845,CRC,PRJDB11845,DQ905474.1.1452,0.07430159014320988,0.035376699280160934,0.11478347664078076,-0.07940677736061982,209,93.0
CRC_PRJDB11845,CRC,PRJDB11845,KF843421.1.1338,0.07380351482500974,0.057810547752664074,0.09043620058024925,-0.03262565282758517,210,263.0
CRC_PRJDB11845,CRC,PRJDB11845,LT635479.2887212.2888725,0.07370249841520501,0.05542283758330039,0.09271334568038583,-0.037290508097085444,211,219.0
CRC_PRJDB11845,CRC,PRJDB11845,FJ368251.1.1359,0.0735145853741058,0.03603447866267883,0.11249389635398983,-0.07645941769131101,212,100.0
CRC_PRJDB11845,CRC,PRJDB11845,GQ493546.1.1366,0.07326331895279997,0.14370881794587687,0.0,0.14370881794587687,213,26.0
CRC_PRJDB11845,CRC,PRJDB11845,CU463952.1.1334,0.0723465878145124,0.1098635173492277,0.033328981098408504,0.07653453625081919,214,99.0
CRC_PRJDB11845,CRC,PRJDB11845,JF920355.1.1333,0.07229802695717784,0.05228410897633204,0.09311250165725747,-0.04082839268092543,215,209.0
CRC_PRJDB11845,CRC,PRJDB11845,FJ511828.1.1372,0.07217949168951392,0.05252625591432055,0.092618856895715,-0.04009260098139445,216,213.0
CRC_PRJDB11845,CRC,PRJDB11845,HQ785708.1.1429,0.07201313124847859,0.12428426321667548,0.017651154001553856,0.10663310921512162,217,50.0
CRC_PRJDB11845,CRC,PRJDB11845,EF400759.1.1489,0.07199915352405287,0.09007241677803299,0.05320295973991355,0.03686945703811944,218,224.0
CRC_PRJDB11845,CRC,PRJDB11845,U49756.1.1491,0.07195683456789945,0.08602219461672343,0.05732886011712253,0.028693334499600903,219,276.0
CRC_PRJDB11845,CRC,PRJDB11845,FJ366337.1.1331,0.07137636798190475,0.051661852902422346,0.09187946366456647,-0.04021761076214412,220,212.0
CRC_PRJDB11845,CRC,PRJDB11845,GQ175371.1.1438,0.07133380969639357,0.10283962975387487,0.03856775683661302,0.06427187291726186,221,128.0
CRC_PRJDB11845,CRC,PRJDB11845,HQ780956.1.1441,0.07108292591094582,0.035328134473484867,0.1082679090059052,-0.07293977453242034,222,108.0
CRC_PRJDB11845,CRC,PRJDB11845,FJ507931.1.1375,0.0706482738944294,0.06758476565711391,0.07383432246123751,-0.006249556804123604,223,489.0
CRC_PRJDB11845,CRC,PRJDB11845,EU762802.1.1335,0.07019007837040703,0.10198991043934934,0.03711825301870704,0.0648716574206423,224,125.0
CRC_PRJDB11845,CRC,PRJDB11845,EU778074.1.1388,0.06972570702269236,0.014909157427983025,0.12673491860119007,-0.11182576117320704,225,47.0
CRC_PRJDB11845,CRC,PRJDB11845,FJ366582.1.1317,0.0692768799387576,0.08446033446727177,0.05348608722910285,0.030974247238168925,226,269.0
CRC_PRJDB11845,CRC,PRJDB11845,KX792215.1.1201,0.06906430015882198,0.1354722810807662,0.0,0.1354722810807662,227,32.0
CRC_PRJDB11845,CRC,PRJDB11845,EU768108.1.1367,0.06906100287820438,0.0829176530152416,0.054650086735685666,0.028267566279555928,228,278.0
CRC_PRJDB11845,CRC,PRJDB11845,FJ369961.1.1358,0.06880283605739523,0.08049915177234188,0.05663866771385074,0.023860484058491137,229,294.0
CRC_PRJDB11845,CRC,PRJDB11845,CDZB01013068.261.1772,0.06854277543321836,0.06652183765067886,0.07064455072705945,-0.004122713076380596,230,503.0
CRC_PRJDB11845,CRC,PRJDB11845,LT161891.1.1529,0.06732794818060558,0.08157268073111294,0.052513426328077914,0.02905925440303503,231,275.0
CRC_PRJDB11845,CRC,PRJDB11845,JQ186757.1.1359,0.06675777676913984,0.09169702165766071,0.040820962085078155,0.05087605957258255,232,168.0
CRC_PRJDB11845,CRC,PRJDB11845,KX462878.1.1523,0.06556672876353796,0.08952681731599836,0.04064823666897913,0.04887858064701923,233,183.0
CRC_PRJDB11845,CRC,PRJDB11845,JN004064.1.1431,0.06502121846568984,0.0910870712996723,0.03791273151834806,0.05317433978132425,234,158.0
CRC_PRJDB11845,CRC,PRJDB11845,JQ248079.1.1513,0.06476962731944191,0.09280230955053599,0.03561563779910406,0.05718667175143193,235,145.0
CRC_PRJDB11845,CRC,PRJDB11845,FJ367192.1.1369,0.06396582719924696,0.09122270283002692,0.03561867654323578,0.05560402628679115,236,148.0
CRC_PRJDB11845,CRC,PRJDB11845,AY981894.1.1371,0.06344110126229721,0.10777402197858559,0.01733486371735732,0.09043915826122827,237,72.0
CRC_PRJDB11845,CRC,PRJDB11845,DQ456076.1.1438,0.06327875596288518,0.085613016737625,0.040051124757155776,0.04556189198046923,238,194.0
CRC_PRJDB11845,CRC,PRJDB11845,GQ897120.1.1473,0.06288410774340816,0.052671358831083544,0.07350536661222576,-0.020834007781142215,239,313.0
CRC_PRJDB11845,CRC,PRJDB11845,FMJJ01000012.131284.134557,0.06285900957091084,0.1042086618940513,0.019855371154844762,0.08435329073920654,240,82.0
CRC_PRJDB11845,CRC,PRJDB11845,AB490810.1.1469,0.06277351357648453,0.12313266124618119,0.0,0.12313266124618119,241,40.0
CRC_PRJDB11845,CRC,PRJDB11845,CDZQ01051681.3820.5334,0.06170590846111475,0.08708069536787197,0.03531613007808725,0.051764565289784716,242,162.0
CRC_PRJDB11845,CRC,PRJDB11845,FJ363382.1.1367,0.061568335357603005,0.08552808563511533,0.03665019506899019,0.04887789056612513,243,184.0
CRC_PRJDB11845,CRC,PRJDB11845,KF095037.1.1343,0.06155804235768182,0.08588873242768341,0.03625412468488018,0.04963460774280323,244,176.0
CRC_PRJDB11845,CRC,PRJDB11845,EU778354.1.1387,0.06144360510869792,0.08536122909162004,0.03656927616645893,0.048791952925161114,245,185.0
CRC_PRJDB11845,CRC,PRJDB11845,FJ367809.1.1347,0.061264277304967044,0.06847136430681135,0.05376890682304898,0.014702457483762366,246,454.0
CRC_PRJDB11845,CRC,PRJDB11845,HQ806126.1.1471,0.06108577967183117,0.08391183958902287,0.0373466773579518,0.04656516223107107,247,191.0
CRC_PRJDB11845,CRC,PRJDB11845,FJ370173.1.1369,0.06099279970691534,0.06758649071427779,0.05413536105925838,0.013451129655019406,248,460.0
CRC_PRJDB11845,CRC,PRJDB11845,JX424767.1.1450,0.06027643090293566,0.0682030753366864,0.05203272069183489,0.01617035464485151,249,433.0
CRC_PRJDB11845,CRC,PRJDB11845,AY049713.1.1456,0.059991997105885125,0.04633895356285696,0.07419116239063442,-0.02785220882777746,250,281.0
CRC_PRJDB11845,CRC,PRJDB11845,HQ780809.1.1449,0.05954062994539105,0.06610115166478911,0.052717687357217075,0.013383464307572035,251,461.0
CRC_PRJDB11845,CRC,PRJDB11845,FJ366134.1.1357,0.0594725178134646,0.06508875995253524,0.05363162598883113,0.01145713396370411,252,472.0
CRC_PRJDB11845,CRC,PRJDB11845,CECA01043215.208.1721,0.05938680436282595,0.08295765687048864,0.03487311775485675,0.048084539115631895,253,188.0
CRC_PRJDB11845,CRC,PRJDB11845,HQ792120.1.1429,0.05914724478193747,0.08152570328317009,0.03587364794065555,0.04565205534251454,254,193.0
CRC_PRJDB11845,CRC,PRJDB11845,HW066288.1.1503,0.0586781575857339,0.06571587904219109,0.05135892727101842,0.014356951771172667,255,457.0
CRC_PRJDB11845,CRC,PRJDB11845,FJ367699.1.1349,0.058671175453544056,0.06514622003007202,0.05193712909395496,0.013209090936117059,256,462.0
CRC_PRJDB11845,CRC,PRJDB11845,AB616155.1.1470,0.058390010178722196,0.08267217609458245,0.03313655762622754,0.049535618468354914,257,177.0
CRC_PRJDB11845,CRC,PRJDB11845,HM445947.1.1481,0.057568170087643304,0.07903666423263553,0.035240936176851395,0.04379572805578413,258,200.0
CRC_PRJDB11845,CRC,PRJDB11845,FJ508676.1.1378,0.057433981408845945,0.035733812387125224,0.08000215719143551,-0.044268344804310286,259,198.0
CRC_PRJDB11845,CRC,PRJDB11845,EF025281.1.1453,0.05670705322614487,0.01915515137788577,0.09576103114833433,-0.07660587977044855,260,98.0
CRC_PRJDB11845,CRC,PRJDB11845,GQ492125.1.1358,0.0558254180439547,0.07374982406886724,0.03718403577804565,0.036565788290821584,261,228.0
CRC_PRJDB11845,CRC,PRJDB11845,GQ493169.1.1364,0.05483704429497225,0.07093605468980968,0.03809407348434131,0.03284198120546837,262,259.0
CRC_PRJDB11845,CRC,PRJDB11845,HQ769477.1.1424,0.0542433010840338,0.053230693665309206,0.05529641279950737,-0.002065719134198167,263,520.0
CRC_PRJDB11845,CRC,PRJDB11845,DQ804406.1.1369,0.054124583013879214,0.05261601915117353,0.05569348943109313,-0.0030774702799196,264,511.0
CRC_PRJDB11845,CRC,PRJDB11845,FJ365703.1.1290,0.054073596753642636,0.07050447517003003,0.036985483200599745,0.033518991969430284,265,256.0
CRC_PRJDB11845,CRC,PRJDB11845,DQ904718.1.1469,0.05359291754894299,0.07019614495742971,0.036325561044116814,0.03387058391331289,266,253.0
CRC_PRJDB11845,CRC,PRJDB11845,FJ364700.1.1381,0.05333288315854041,0.08453563536302401,0.02088202086587746,0.06365361449714654,267,129.0
CRC_PRJDB11845,CRC,PRJDB11845,JF124473.1.1355,0.05308987613572599,0.052033755504406795,0.054188241592297945,-0.00215448608789115,268,519.0
CRC_PRJDB11845,CRC,PRJDB11845,FKYL01000005.1805440.1806947,0.052726991526368595,0.05098940757437586,0.05453407883644104,-0.0035446712620651813,269,508.0
CRC_PRJDB11845,CRC,PRJDB11845,HM839003.1.1336,0.052671710275770986,0.0855978423048957,0.01842853296548128,0.06716930933941442,270,114.0
CRC_PRJDB11845,CRC,PRJDB11845,AM404847.1.1451,0.052098232758188846,0.03383143143191074,0.07109570613751809,-0.03726427470560735,271,220.0
CRC_PRJDB11845,CRC,PRJDB11845,AY574991.1.1453,0.05199181427570437,0.08495786845779571,0.017707117926329376,0.06725075053146634,272,113.0
CRC_PRJDB11845,CRC,PRJDB11845,AB443949.1.1486,0.05187567189834963,0.10175612564676273,0.0,0.10175612564676273,273,52.0
CRC_PRJDB11845,CRC,PRJDB11845,EU410376.1.1482,0.04950837902055164,0.061553025433125026,0.036981946751475335,0.02457107868164969,274,291.0
CRC_PRJDB11845,CRC,PRJDB11845,DQ805636.1.1390,0.047742436160607374,0.037046564205621295,0.05886614299379289,-0.021819578788171597,275,307.0
CRC_PRJDB11845,CRC,PRJDB11845,HQ787322.1.1444,0.04700547060929239,0.03694364632097765,0.0574697678691397,-0.020526121548162052,276,315.0
CRC_PRJDB11845,CRC,PRJDB11845,AY321958.1.1429,0.04690933434499635,0.074108955086185,0.01862172877416015,0.055487226312024844,277,149.0
CRC_PRJDB11845,CRC,PRJDB11845,AP018786.2586781.2588311,0.04592370540603654,0.05296371918685066,0.03860209107398986,0.014361628112860798,278,456.0
CRC_PRJDB11845,CRC,PRJDB11845,JN837493.1.1464,0.04590136860345119,0.0351890349545731,0.057042195598284405,-0.021853160643711303,279,306.0
CRC_PRJDB11845,CRC,PRJDB11845,JQ940772.1.1446,0.045685191097017984,0.0,0.09319778983791668,-0.09319778983791668,280,65.0
CRC_PRJDB11845,CRC,PRJDB11845,EU763059.1.1332,0.04502129051956086,0.01734385103918612,0.07380582757915059,-0.05646197653996447,281,146.0
CRC_PRJDB11845,CRC,PRJDB11845,JF159460.1.1350,0.04499622516096661,0.01811141878939592,0.07295642378740012,-0.0548450049980042,282,150.0
CRC_PRJDB11845,CRC,PRJDB11845,FJ371808.1.1358,0.04493144956825216,0.0,0.0916601571192344,-0.0916601571192344,283,70.0
CRC_PRJDB11845,CRC,PRJDB11845,LN870298.1.1495,0.04482080674352843,0.06970332489193728,0.01894298786918322,0.050760337022754065,284,169.0
CRC_PRJDB11845,CRC,PRJDB11845,FJ366463.1.1379,0.04455848747797407,0.03516351658170326,0.05432925721009573,-0.01916574062839247,285,336.0
CRC_PRJDB11845,CRC,PRJDB11845,FKLA01000009.186857.188363,0.044394127399131074,0.06894691352051897,0.018859229832887646,0.05008768368763133,286,171.0
CRC_PRJDB11845,CRC,PRJDB11845,EU774380.1.1385,0.04433598359164119,0.03402748157401593,0.055056825689971445,-0.021029344115955514,287,311.0
CRC_PRJDB11845,CRC,PRJDB11845,DQ808563.1.1384,0.04432430368653359,0.050793780942256436,0.03759604734058182,0.013197733601674616,288,463.0
CRC_PRJDB11845,CRC,PRJDB11845,FJ367796.1.1360,0.043287261864748704,0.06778354144756658,0.017811131098618108,0.049972410348948476,289,173.0
CRC_PRJDB11845,CRC,PRJDB11845,EF401880.1.1492,0.04323552028288201,0.06796805805359513,0.01751368100134035,0.05045437705225478,290,170.0
CRC_PRJDB11845,CRC,PRJDB11845,EU765377.1.1351,0.043190228427894224,0.04957732083783366,0.0365476523215572,0.01302966851627646,291,464.0
CRC_PRJDB11845,CRC,PRJDB11845,FJ366026.1.1358,0.04306500793580769,0.05208777648826631,0.03368132864125073,0.018406447847015582,292,359.0
CRC_PRJDB11845,CRC,PRJDB11845,EF401874.1.1492,0.0421155436722306,0.06637617449264209,0.01688448761900266,0.04949168687363943,293,178.0
CRC_PRJDB11845,CRC,PRJDB11845,FJ366324.1.1360,0.041478798562642555,0.053958973523456216,0.028499416603396336,0.02545955692005988,294,289.0
CRC_PRJDB11845,CRC,PRJDB11845,JF044111.1.1379,0.04128424102574391,0.0,0.08421985169251758,-0.08421985169251758,295,83.0
CRC_PRJDB11845,CRC,PRJDB11845,KT886066.1.1491,0.04103521381815275,0.015943504869937897,0.06713059112429619,-0.05118708625435829,296,166.0
CRC_PRJDB11845,CRC,PRJDB11845,KF843124.1.1363,0.040917322226781766,0.0,0.0834713373426348,-0.0834713373426348,297,85.0
CRC_PRJDB11845,CRC,PRJDB11845,DQ806769.1.1405,0.04063223037120028,0.04371821475573457,0.037422806611284616,0.006295408144449954,298,488.0
CRC_PRJDB11845,CRC,PRJDB11845,GQ492457.1.1354,0.03940306301076525,0.03870963418665222,0.0401242289878428,-0.0014145948011905773,299,528.0
CRC_PRJDB11845,CRC,PRJDB11845,KF843447.1.1356,0.03919058239233551,0.018024487086595632,0.061203321510305,-0.043178834423709365,300,204.0
CRC_PRJDB11845,CRC,PRJDB11845,DQ326231.1.1338,0.03822724603031293,0.01841977395368024,0.058827016990010944,-0.040407243036330705,301,211.0
CRC_PRJDB11845,CRC,PRJDB11845,DQ809190.1.1398,0.038048023105373766,0.018182246492077146,0.05870843078320226,-0.04052618429112512,302,210.0
CRC_PRJDB11845,CRC,PRJDB11845,FPLO01001708.10.1515,0.037917571069270954,0.018964516798941754,0.05762874751041333,-0.03866423071147158,303,216.0
CRC_PRJDB11845,CRC,PRJDB11845,AF338413.1.1408,0.03773686544835762,0.0175252077408517,0.05875698946416378,-0.04123178172331208,304,207.0
CRC_PRJDB11845,CRC,PRJDB11845,HQ786493.1.1440,0.03755584296928658,0.03488024254031002,0.0403384674154222,-0.005458224875112182,305,492.0
CRC_PRJDB11845,CRC,PRJDB11845,KF842582.1.1388,0.03738485185392931,0.03644867356006916,0.038358477279543876,-0.0019098037194747175,306,524.0
CRC_PRJDB11845,CRC,PRJDB11845,KF100359.1.1360,0.03715917625269712,0.07288915341875205,0.0,0.07288915341875205,307,109.0
CRC_PRJDB11845,CRC,PRJDB11845,EU766019.1.1351,0.03674575488624814,0.05588323880548182,0.016842771610245107,0.03904046719523671,308,215.0
CRC_PRJDB11845,CRC,PRJDB11845,HQ762996.1.1442,0.036724713341838196,0.016595530920685865,0.057659063059836625,-0.04106353213915076,309,208.0
CRC_PRJDB11845,CRC,PRJDB11845,DQ799308.1.1322,0.036547940486153355,0.0,0.07455779859175285,-0.07455779859175285,310,106.0
CRC_PRJDB11845,CRC,PRJDB11845,FJ509566.1.1381,0.036480001755229204,0.03561967562358731,0.037374740932136774,-0.0017550653085494639,311,525.0
CRC_PRJDB11845,CRC,PRJDB11845,JF824807.1.1499,0.036267878822495346,0.05317027291330771,0.01868938896805048,0.03448088394525723,312,249.0
CRC_PRJDB11845,CRC,PRJDB11845,FBXW01000008.267.1775,0.036229665477887966,0.035156726613282584,0.03734552189707756,-0.002188795283794974,313,518.0
CRC_PRJDB11845,CRC,PRJDB11845,EU779320.1.1391,0.03599899903463285,0.033806405358541854,0.03827929645776749,-0.004472891099225634,314,499.0
CRC_PRJDB11845,CRC,PRJDB11845,DQ803929.1.1374,0.03586681421124833,0.017613647151917503,0.054850107952952386,-0.03723646080103488,315,221.0
CRC_PRJDB11845,CRC,PRJDB11845,FJ368433.1.1378,0.035638495852099425,0.03514480037698284,0.03615193914622068,-0.0010071387692378447,316,533.0
CRC_PRJDB11845,CRC,PRJDB11845,FJ507118.1.1384,0.035438208505237365,0.03302256346722014,0.03795047934477528,-0.004927915877555138,317,497.0
CRC_PRJDB11845,CRC,PRJDB11845,FJ365235.1.1357,0.03542501429929794,0.033859850641769856,0.03705278450312713,-0.003192933861357272,318,510.0
CRC_PRJDB11845,CRC,PRJDB11845,DQ794094.1.1356,0.035410974917361164,0.01624843749838571,0.055340013833095635,-0.03909157633470993,319,214.0
CRC_PRJDB11845,CRC,PRJDB11845,JX198600.1.1482,0.03535865221379532,0.03411781126991487,0.03664912679543098,-0.002531315525516109,320,514.0
CRC_PRJDB11845,CRC,PRJDB11845,EF434357.1.1344,0.03531654093724986,0.03313995126443796,0.03758019419697424,-0.004440242932536281,321,500.0
CRC_PRJDB11845,CRC,PRJDB11845,FJ509926.1.1367,0.035315127544153745,0.03422394750687556,0.03644995478292306,-0.0022260072760474994,322,517.0
CRC_PRJDB11845,CRC,PRJDB11845,FLSN01000013.260828.262336,0.03527162074616629,0.06918664069440311,0.0,0.06918664069440311,323,111.0
CRC_PRJDB11845,CRC,PRJDB11845,KX550186.1.1464,0.03518579819306634,0.033943209815053985,0.036478090106199186,-0.0025348802911452015,324,513.0
CRC_PRJDB11845,CRC,PRJDB11845,EU774362.1.1381,0.03512166616555571,0.033110148404748775,0.037213644636794926,-0.004103496232046151,325,504.0
CRC_PRJDB11845,CRC,PRJDB11845,DQ806519.1.1402,0.034723361695392266,0.05080088800511873,0.01800273433327675,0.03279815367184198,326,261.0
CRC_PRJDB11845,CRC,PRJDB11845,FJ367613.1.1364,0.034647728899323375,0.016625792456743043,0.05339054279960692,-0.036764750342863875,327,226.0
CRC_PRJDB11845,CRC,PRJDB11845,DQ057387.1.1394,0.03455731995613771,0.05104568744979751,0.017409417762731513,0.033636269687066,328,255.0
CRC_PRJDB11845,CRC,PRJDB11845,GQ897552.1.1477,0.034376903106854144,0.016521189842397012,0.05294684490188956,-0.03642565505949255,329,229.0
CRC_PRJDB11845,CRC,PRJDB11845,JF171722.1.1334,0.03433547277928762,0.05034640294093733,0.017684105411171915,0.03266229752976542,330,262.0
CRC_PRJDB11845,CRC,PRJDB11845,FJ366106.1.1342,0.034310675122671656,0.05121341382917494,0.01673182686790824,0.0344815869612667,331,248.0
CRC_PRJDB11845,CRC,PRJDB11845,FJ366908.1.1397,0.03413036739563241,0.06694802835297127,0.0,0.06694802835297127,332,115.0
CRC_PRJDB11845,CRC,PRJDB11845,AY980441.1.1355,0.034116455163575365,0.033408079350080624,0.034853166009609894,-0.0014450866595292697,333,527.0
CRC_PRJDB11845,CRC,PRJDB11845,LARG01000024.765.2171,0.03377982721743143,0.031528231234122545,0.03612148704007268,-0.0045932558059501374,334,498.0
CRC_PRJDB11845,CRC,PRJDB11845,HQ814488.1.1424,0.03355193676220046,0.06581341441816244,0.0,0.06581341441816244,335,118.0
CRC_PRJDB11845,CRC,PRJDB11845,GQ492470.1.1319,0.03339824835568958,0.06551194869769879,0.0,0.06551194869769879,336,120.0
CRC_PRJDB11845,CRC,PRJDB11845,HK693831.1.1471,0.033337793793084915,0.06539336474797426,0.0,0.06539336474797426,337,121.0
CRC_PRJDB11845,CRC,PRJDB11845,FJ510866.1.1354,0.033197201514507044,0.0,0.06772229108959436,-0.06772229108959436,338,112.0
CRC_PRJDB11845,CRC,PRJDB11845,JPIT01000001.10.1536,0.0331149280430396,0.06495620500750075,0.0,0.06495620500750075,339,124.0
CRC_PRJDB11845,CRC,PRJDB11845,AY916278.1.1340,0.03013135612945322,0.018444183125841215,0.0422860160532097,-0.023841832927368488,340,295.0
CRC_PRJDB11845,CRC,PRJDB11845,JF125650.1.1285,0.029367644431106017,0.018519304406184413,0.040649918057024476,-0.022130613650840063,341,303.0
CRC_PRJDB11845,CRC,PRJDB11845,FJ947528.1.1381,0.02860826811162767,0.019710045630255572,0.037862419492254655,-0.018152373861999083,342,368.0
CRC_PRJDB11845,CRC,PRJDB11845,HQ780721.1.1441,0.028160707081601125,0.0,0.05744784244646629,-0.05744784244646629,343,143.0
CRC_PRJDB11845,CRC,PRJDB11845,AM277955.1.1615,0.02814119105422078,0.01827469245136644,0.038402349601189295,-0.020127657149822856,344,321.0
CRC_PRJDB11845,CRC,PRJDB11845,HQ759687.1.1240,0.027926503817605614,0.03865897361762248,0.016764735225588082,0.021894238392034398,345,305.0
CRC_PRJDB11845,CRC,PRJDB11845,DQ327055.1.1354,0.027755507435406147,0.0544434953540659,0.0,0.0544434953540659,346,155.0
CRC_PRJDB11845,CRC,PRJDB11845,GQ493779.1.1378,0.02768941624759654,0.0543138549472086,0.0,0.0543138549472086,347,156.0
CRC_PRJDB11845,CRC,PRJDB11845,GQ897723.1.1499,0.02755812998842813,0.035780259100600884,0.019007115711768472,0.01677314338883241,348,419.0
CRC_PRJDB11845,CRC,PRJDB11845,FJ370582.1.1380,0.027484763791066368,0.03681989406975798,0.01777622830122709,0.019043665768530893,349,341.0
CRC_PRJDB11845,CRC,PRJDB11845,EF405002.1.1482,0.02742603118379229,0.01700597206273904,0.03826289266968767,-0.021256920606948632,350,310.0
CRC_PRJDB11845,CRC,PRJDB11845,AF153858.1.1349,0.027380549467588756,0.018631268176250163,0.036479802010580896,-0.017848533834330733,351,376.0
CRC_PRJDB11845,CRC,PRJDB11845,DQ798280.1.1322,0.027175851249945614,0.015993276103519097,0.03880572940222919,-0.022812453298710095,352,299.0
CRC_PRJDB11845,CRC,PRJDB11845,EU772812.1.1371,0.02709658088138193,0.036665751186844245,0.01714464376370112,0.019521107423143124,353,331.0
CRC_PRJDB11845,CRC,PRJDB11845,FNWG01000007.3380.4869,0.0270269497121179,0.03553602914922894,0.018177507097522416,0.017358522051706522,354,397.0
CRC_PRJDB11845,CRC,PRJDB11845,FAUJ01000006.3367.4875,0.0269945863561303,0.017959576744872793,0.03639099635183811,-0.018431419606965316,355,357.0
CRC_PRJDB11845,CRC,PRJDB11845,HQ779793.1.1455,0.026994054834206214,0.01795338256021914,0.03639635399915278,-0.018442971438933642,356,356.0
CRC_PRJDB11845,CRC,PRJDB11845,DQ174182.1.1339,0.026923909332919747,0.032585831000827827,0.02103551079829534,0.011550320202532487,357,471.0
CRC_PRJDB11845,CRC,PRJDB11845,AM405126.1.1483,0.026871370638605035,0.017947482918269742,0.036152213867753746,-0.018204730949484004,358,366.0
CRC_PRJDB11845,CRC,PRJDB11845,EF025298.1.1285,0.026833595650185362,0.0348395741222283,0.018507378039260704,0.0163321960829676,359,428.0
CRC_PRJDB11845,CRC,PRJDB11845,AY916345.1.1351,0.026724583794989813,0.0,0.054518150941779225,-0.054518150941779225,360,154.0
CRC_PRJDB11845,CRC,PRJDB11845,EF404225.1.1485,0.02658474891525663,0.03596119300868267,0.016833247058093546,0.01912794595058912,361,339.0
CRC_PRJDB11845,CRC,PRJDB11845,FJ366425.1.1355,0.026513160353989092,0.0520065837712863,0.0,0.0520065837712863,362,161.0
CRC_PRJDB11845,CRC,PRJDB11845,FJ368943.1.1368,0.026484958046828124,0.028579529347972803,0.024306603893637656,0.004272925454335146,363,502.0
CRC_PRJDB11845,CRC,PRJDB11845,EF405056.1.1496,0.026406156943100535,0.0,0.05386856016392509,-0.05386856016392509,364,157.0
CRC_PRJDB11845,CRC,PRJDB11845,GU366037.1.1209,0.02634121847698112,0.03405578681625999,0.018318067404131097,0.01573771941212889,365,442.0
CRC_PRJDB11845,CRC,PRJDB11845,AF376225.1.1337,0.026331210989821583,0.03381454224626605,0.01854854648311933,0.015265995763146724,366,446.0
CRC_PRJDB11845,CRC,PRJDB11845,FJ365071.1.1328,0.026319808475034057,0.05162731662410526,0.0,0.05162731662410526,367,163.0
CRC_PRJDB11845,CRC,PRJDB11845,EU763266.1.1355,0.026299966111919214,0.03325042134980695,0.019071492664515972,0.014178928685290977,368,458.0
CRC_PRJDB11845,CRC,PRJDB11845,DQ804030.1.1394,0.026176654558714017,0.05134651471132365,0.0,0.05134651471132365,369,165.0
CRC_PRJDB11845,CRC,PRJDB11845,FJ365213.1.1354,0.026174258115835295,0.032816229503040605,0.01926660787314177,0.013549621629898836,370,459.0
CRC_PRJDB11845,CRC,PRJDB11845,FJ505988.1.1383,0.026083731638827646,0.051164242830008075,0.0,0.051164242830008075,371,167.0
CRC_PRJDB11845,CRC,PRJDB11845,HQ812411.1.1431,0.025942096854955733,0.016057155465181824,0.03622243590032061,-0.020165280435138783,372,320.0
CRC_PRJDB11845,CRC,PRJDB11845,DQ793380.1.1380,0.02581345597266834,0.0,0.052659450184243416,-0.052659450184243416,373,160.0
CRC_PRJDB11845,CRC,PRJDB11845,AB300989.1.1489,0.025633294946434935,0.03293653631594796,0.018037923922141392,0.014898612393806566,374,451.0
CRC_PRJDB11845,CRC,PRJDB11845,HQ452859.1.1430,0.025413806953473516,0.032678359835886225,0.017858671955764294,0.014819687880121932,375,452.0
CRC_PRJDB11845,CRC,PRJDB11845,CDTW01048949.201.1702,0.025392207189986565,0.03132020712692816,0.01922708725556731,0.012093119871360847,376,468.0
CRC_PRJDB11845,CRC,PRJDB11845,FJ512259.1.1422,0.02525491029438045,0.01715751543032149,0.03367620095300178,-0.01651868552268029,377,425.0
CRC_PRJDB11845,CRC,PRJDB11845,GQ897470.1.1475,0.025217716291461606,0.049465520417867,0.0,0.049465520417867,378,179.0
CRC_PRJDB11845,CRC,PRJDB11845,DQ793266.1.1370,0.025207915147036023,0.04944629509610912,0.0,0.04944629509610912,379,180.0
CRC_PRJDB11845,CRC,PRJDB11845,AY979411.1.1354,0.02494926172311667,0.0489389364568827,0.0,0.0489389364568827,380,181.0
CRC_PRJDB11845,CRC,PRJDB11845,FJ366229.1.1348,0.024647155543789268,0.04834634356666356,0.0,0.04834634356666356,381,186.0
CRC_PRJDB11845,CRC,PRJDB11845,FJ364934.1.1401,0.023425153480976627,0.04594933952037723,0.0,0.04594933952037723,382,192.0
CRC_PRJDB11845,CRC,PRJDB11845,JF803519.1.1479,0.022962505472641368,0.04504183765787346,0.0,0.04504183765787346,383,195.0
CRC_PRJDB11845,CRC,PRJDB11845,DQ456077.1.1454,0.022483552303895645,0.021321005170018628,0.02369260132312774,-0.0023715961531091123,384,516.0
CRC_PRJDB11845,CRC,PRJDB11845,LT899395.1.1523,0.0222942400906308,0.04373100940854503,0.0,0.04373100940854503,385,202.0
CRC_PRJDB11845,CRC,PRJDB11845,EU309492.1.1445,0.022002197646846373,0.01870825582852539,0.02542789713790019,-0.0067196413093747985,386,487.0
CRC_PRJDB11845,CRC,PRJDB11845,DQ823649.1.1357,0.02178632712381241,0.01743766073233042,0.026308940170953674,-0.008871279438623255,387,479.0
CRC_PRJDB11845,CRC,PRJDB11845,KR185326.1.1423,0.021602244076799917,0.0,0.044068577916671826,-0.044068577916671826,388,199.0
CRC_PRJDB11845,CRC,PRJDB11845,ACDP02000005.388.1906,0.019893192421352745,0.017941396701364562,0.021923059970140456,-0.003981663268775894,389,505.0
CRC_PRJDB11845,CRC,PRJDB11845,HQ765510.1.1445,0.01908981801296761,0.019187033057021793,0.01898871436715126,0.00019831868987053164,390,542.0
CRC_PRJDB11845,CRC,PRJDB11845,DQ799850.1.1386,0.018416193806949782,0.017781176293889686,0.019076612020532287,-0.0012954357266426013,391,530.0
CRC_PRJDB11845,CRC,PRJDB11845,KF098874.1.1361,0.018381899044684628,0.036056801972266,0.0,0.036056801972266,392,230.0
CRC_PRJDB11845,CRC,PRJDB11845,GQ897435.1.1479,0.018338310819886187,0.01768179996333157,0.01902108211070299,-0.0013392821473714213,393,529.0
CRC_PRJDB11845,CRC,PRJDB11845,FJ372235.1.1260,0.018301353547904714,0.01909326422864046,0.01747776643993954,0.001615497788700921,394,526.0
CRC_PRJDB11845,CRC,PRJDB11845,GQ897566.1.1496,0.018226583858075386,0.03575214526007095,0.0,0.03575214526007095,395,231.0
CRC_PRJDB11845,CRC,PRJDB11845,HM305643.1.1353,0.01821457901726069,0.03572859730308828,0.0,0.03572859730308828,396,233.0
CRC_PRJDB11845,CRC,PRJDB11845,EF434356.1.1352,0.018202218427961946,0.018226953689008955,0.018176493756473063,5.045993253589148e-05,397,543.0
CRC_PRJDB11845,CRC,PRJDB11845,FMHG01000001.1940143.1941649,0.018189010420339366,0.017654314870014783,0.01874509379267693,-0.0010907789226621452,398,532.0
CRC_PRJDB11845,CRC,PRJDB11845,GQ138429.1.1362,0.018160766294968676,0.018341447847584885,0.017972857480247816,0.000368590367337069,399,538.0
CRC_PRJDB11845,CRC,PRJDB11845,DQ327057.1.1355,0.01815324647388622,0.018300077412277464,0.01800054229795933,0.0002995351143181349,400,539.0
CRC_PRJDB11845,CRC,PRJDB11845,U49754.1.1507,0.01815138604595429,0.0,0.037028827533746755,-0.037028827533746755,401,222.0
CRC_PRJDB11845,CRC,PRJDB11845,HQ739676.1.1212,0.01809484524092351,0.03549373489565765,0.0,0.03549373489565765,402,237.0
CRC_PRJDB11845,CRC,PRJDB11845,HQ765927.1.1452,0.018072773118083384,0.03545043957777894,0.0,0.03545043957777894,403,238.0
CRC_PRJDB11845,CRC,PRJDB11845,EF434341.1.1349,0.018001591451953045,0.018297763815961585,0.01769357219338417,0.0006041916225774137,404,537.0
CRC_PRJDB11845,CRC,PRJDB11845,HQ786953.1.1450,0.017989720099185612,0.03528752788686408,0.0,0.03528752788686408,405,240.0
CRC_PRJDB11845,CRC,PRJDB11845,EF400539.1.1492,0.01795442191750006,0.0,0.03662702071170012,-0.03662702071170012,406,227.0
CRC_PRJDB11845,CRC,PRJDB11845,DQ807049.1.1401,0.017829129734119167,0.0174091776044896,0.01826587994893392,-0.0008567023444443211,407,535.0
CRC_PRJDB11845,CRC,PRJDB11845,AY916294.1.1399,0.017823030397575962,0.018251810222864154,0.01737709937927624,0.0008747108435879156,408,534.0
CRC_PRJDB11845,CRC,PRJDB11845,AY983363.1.1360,0.017808000481036167,0.03493107786664787,0.0,0.03493107786664787,409,242.0
CRC_PRJDB11845,CRC,PRJDB11845,DQ793479.1.1391,0.017790460715593856,0.03489667294212641,0.0,0.03489667294212641,410,243.0
CRC_PRJDB11845,CRC,PRJDB11845,DQ799425.1.1396,0.017778181598759164,0.015643615036820754,0.01999813082317511,-0.004354515786354356,411,501.0
CRC_PRJDB11845,CRC,PRJDB11845,LN881588.1.1487,0.01766238568557633,0.03464544884478434,0.0,0.03464544884478434,412,245.0
CRC_PRJDB11845,CRC,PRJDB11845,EU472295.1.1396,0.017636481027295387,0.03459463586123326,0.0,0.03459463586123326,413,246.0
CRC_PRJDB11845,CRC,PRJDB11845,JQ207644.1.1336,0.01759180390075141,0.03450699995916623,0.0,0.03450699995916623,414,247.0
CRC_PRJDB11845,CRC,PRJDB11845,DQ793910.1.1354,0.017524273938261996,0.0,0.03574951883405447,-0.03574951883405447,415,232.0
CRC_PRJDB11845,CRC,PRJDB11845,AB490809.1.1497,0.017511507392757468,0.0,0.03572347508122524,-0.03572347508122524,416,234.0
CRC_PRJDB11845,CRC,PRJDB11845,EU462407.1.1376,0.017463895416167243,0.017338264429082092,0.0175945516427358,-0.0002562872136537067,417,540.0
CRC_PRJDB11845,CRC,PRJDB11845,FJ365228.1.1356,0.01730453587910221,0.0,0.03530125319336851,-0.03530125319336851,418,239.0
CRC_PRJDB11845,CRC,PRJDB11845,FJ367843.1.1364,0.017243263406033806,0.0,0.03517625734830896,-0.03517625734830896,419,241.0
CRC_PRJDB11845,CRC,PRJDB11845,DQ797816.1.1296,0.01710373773756954,0.0,0.034891624984641864,-0.034891624984641864,420,244.0
CRC_PRJDB11845,CRC,PRJDB11845,EF399608.1.1495,0.017023881536671052,0.016900476990625836,0.01715222226455808,-0.0002517452739322426,421,541.0
CRC_PRJDB11845,CRC,PRJDB11845,FJ678306.1.1399,0.016931936260483234,0.03321264420325558,0.0,0.03321264420325558,422,257.0
CRC_PRJDB11845,CRC,PRJDB11845,FJ367817.1.1334,0.016857823811234067,0.015110393533877168,0.01867515129968524,-0.0035647577658080715,423,507.0
CRC_PRJDB11845,CRC,PRJDB11845,EU459919.1.1365,0.016774669837425735,0.017322788540369425,0.0162046263863643,0.0011181621540051236,424,531.0
CRC_PRJDB11845,CRC,PRJDB11845,FJ504700.1.1379,0.01674988429789474,0.01712946250783996,0.016355122959551712,0.000774339548288247,425,536.0
CRC_PRJDB11845,CRC,PRJDB11845,FJ363449.1.1364,0.016084954142570496,0.0,0.032813306450843814,-0.032813306450843814,426,260.0
CRC_PRJDB11845,CRC,PRJDB11845,DQ057398.1.1389,0.01607962971891039,0.031540812140939616,0.0,0.031540812140939616,427,265.0
CRC_PRJDB11845,CRC,PRJDB11845,JX198636.1.1412,0.016062903892114955,0.031508003788379334,0.0,0.031508003788379334,428,266.0
CRC_PRJDB11845,CRC,PRJDB11845,FJ368234.1.1351,0.012360459695771042,0.02424551709555089,0.0,0.02424551709555089,429,292.0
CRC_PRJDB11845,CRC,PRJDB11845,AY986138.1.1368,0.011857037852499999,0.02325803578759615,0.0,0.02325803578759615,430,297.0
CRC_PRJDB11845,CRC,PRJDB11845,FJ507957.1.1378,0.011450234222304975,0.022460074820675142,0.0,0.022460074820675142,431,301.0
CRC_PRJDB11845,CRC,PRJDB11845,HQ780661.1.1432,0.01056650660785974,0.0,0.02155567348003387,-0.02155567348003387,432,309.0
CRC_PRJDB11845,CRC,PRJDB11845,GQ493436.1.1333,0.01038519829645558,0.02037096588920133,0.0,0.02037096588920133,433,317.0
CRC_PRJDB11845,CRC,PRJDB11845,ACBX02000025.1.1217,0.010213317620427972,0.0,0.020835167945673066,-0.020835167945673066,434,312.0
CRC_PRJDB11845,CRC,PRJDB11845,EU774295.1.1394,0.010134142196548535,0.019878509693229816,0.0,0.019878509693229816,435,323.0
CRC_PRJDB11845,CRC,PRJDB11845,FJ366193.1.1359,0.01011238164980622,0.01983582554385066,0.0,0.01983582554385066,436,324.0
CRC_PRJDB11845,CRC,PRJDB11845,KX672354.1.1393,0.009997538729187322,0.019610556738021288,0.0,0.019610556738021288,437,328.0
CRC_PRJDB11845,CRC,PRJDB11845,EU460122.1.1346,0.009991107567889141,0.0,0.020381859438493848,-0.020381859438493848,438,316.0
CRC_PRJDB11845,CRC,PRJDB11845,JQ191033.1.1348,0.00998706153892224,0.01959000532634747,0.0,0.01959000532634747,439,329.0
CRC_PRJDB11845,CRC,PRJDB11845,LR031298.1.1529,0.009912482879788074,0.0,0.020221465074767672,-0.020221465074767672,440,319.0
CRC_PRJDB11845,CRC,PRJDB11845,FJ369490.1.1377,0.009691233545833943,0.0,0.019770116433501243,-0.019770116433501243,441,326.0
CRC_PRJDB11845,CRC,PRJDB11845,FJ366759.1.1351,0.00964588163347513,0.018920767819508907,0.0,0.018920767819508907,442,344.0
CRC_PRJDB11845,CRC,PRJDB11845,FJ370118.1.1367,0.00958586465932575,0.0,0.019555163905024528,-0.019555163905024528,443,330.0
CRC_PRJDB11845,CRC,PRJDB11845,DQ824080.1.1279,0.009529139088722419,0.0,0.019439443740993736,-0.019439443740993736,444,332.0
CRC_PRJDB11845,CRC,PRJDB11845,GQ491640.1.1266,0.009502434555222008,0.0,0.019384966492652894,-0.019384966492652894,445,333.0
CRC_PRJDB11845,CRC,PRJDB11845,DQ805352.1.1388,0.00948911330516578,0.0,0.019357791142538192,-0.019357791142538192,446,334.0
CRC_PRJDB11845,CRC,PRJDB11845,KF842547.1.1364,0.009395159351840323,0.0,0.01916612507775426,-0.01916612507775426,447,335.0
CRC_PRJDB11845,CRC,PRJDB11845,AM694064.1.1445,0.009393874884528272,0.01842644688888238,0.0,0.01842644688888238,448,358.0
CRC_PRJDB11845,CRC,PRJDB11845,FJ362794.1.1265,0.00939357709261327,0.0,0.01916289726893107,-0.01916289726893107,449,337.0
CRC_PRJDB11845,CRC,PRJDB11845,AF371804.1.1446,0.009380088557544,0.0,0.01913538065738976,-0.01913538065738976,450,338.0
CRC_PRJDB11845,CRC,PRJDB11845,JQ190854.1.1350,0.009346756152808666,0.01833402168435546,0.0,0.01833402168435546,451,360.0
CRC_PRJDB11845,CRC,PRJDB11845,JQ467118.1.1286,0.009344255953442815,0.01832911744713783,0.0,0.01832911744713783,452,361.0
CRC_PRJDB11845,CRC,PRJDB11845,DQ807376.1.1287,0.009337033349046715,0.0,0.0190475480320553,-0.0190475480320553,453,340.0
CRC_PRJDB11845,CRC,PRJDB11845,DQ806377.1.1407,0.009309158879606164,0.0,0.018990684114396573,-0.018990684114396573,454,342.0
CRC_PRJDB11845,CRC,PRJDB11845,EU663600.1.1489,0.009300962330931736,0.018244195341443024,0.0,0.018244195341443024,455,364.0
CRC_PRJDB11845,CRC,PRJDB11845,EU778170.1.1283,0.00930064534342367,0.018243573558254123,0.0,0.018243573558254123,456,365.0
CRC_PRJDB11845,CRC,PRJDB11845,CBEW010000180.8693.10203,0.009288519585894701,0.0,0.018948579955225187,-0.018948579955225187,457,343.0
CRC_PRJDB11845,CRC,PRJDB11845,FJ440061.1.1455,0.009223315435662573,0.0,0.018815563488751647,-0.018815563488751647,458,345.0
CRC_PRJDB11845,CRC,PRJDB11845,EU777041.1.1378,0.009203211909610463,0.0,0.018774552295605346,-0.018774552295605346,459,346.0
CRC_PRJDB11845,CRC,PRJDB11845,DQ793683.1.1390,0.00919495742110645,0.01803626263370881,0.0,0.01803626263370881,460,372.0
CRC_PRJDB11845,CRC,PRJDB11845,DQ800379.1.1383,0.009193407447728652,0.0,0.01875455119336645,-0.01875455119336645,461,347.0
CRC_PRJDB11845,CRC,PRJDB11845,EU775419.1.1366,0.00918235118482627,0.0,0.01873199641704559,-0.01873199641704559,462,348.0
CRC_PRJDB11845,CRC,PRJDB11845,FJ032489.1.1260,0.009172730257405953,0.0,0.018712369725108143,-0.018712369725108143,463,349.0
CRC_PRJDB11845,CRC,PRJDB11845,GQ896891.1.1486,0.009162982408371234,0.0,0.01869248411307732,-0.01869248411307732,464,350.0
CRC_PRJDB11845,CRC,PRJDB11845,EU767504.1.1353,0.009161286616052679,0.0,0.018689024696747464,-0.018689024696747464,465,351.0
CRC_PRJDB11845,CRC,PRJDB11845,DQ800164.1.1390,0.009115137841576845,0.017879693458477657,0.0,0.017879693458477657,466,374.0
CRC_PRJDB11845,CRC,PRJDB11845,FJ365246.1.1360,0.009094047500124946,0.01783832394255278,0.0,0.01783832394255278,467,378.0
CRC_PRJDB11845,CRC,PRJDB11845,JQ460078.1.1253,0.009070628608753479,0.0,0.018504082361857098,-0.018504082361857098,468,353.0
CRC_PRJDB11845,CRC,PRJDB11845,DQ805904.1.1285,0.009068324659750156,0.017787867601817615,0.0,0.017787867601817615,469,379.0
CRC_PRJDB11845,CRC,PRJDB11845,HQ759705.1.1447,0.009065501099708034,0.0,0.018493622243404388,-0.018493622243404388,470,354.0
CRC_PRJDB11845,CRC,PRJDB11845,EU762911.1.1356,0.009062815244534825,0.0,0.018488143098851044,-0.018488143098851044,471,355.0
CRC_PRJDB11845,CRC,PRJDB11845,GQ493127.1.1363,0.009054306518663867,0.017760370478917584,0.0,0.017760370478917584,472,381.0
CRC_PRJDB11845,CRC,PRJDB11845,HQ792101.1.1451,0.009035666814086093,0.017723807981476568,0.0,0.017723807981476568,473,385.0
CRC_PRJDB11845,CRC,PRJDB11845,CDZQ01045218.278.1785,0.008995474211177698,0.01764496864500241,0.0,0.01764496864500241,474,386.0
CRC_PRJDB11845,CRC,PRJDB11845,AF376229.1.1349,0.008994998885136024,0.01764403627468989,0.0,0.01764403627468989,475,387.0
CRC_PRJDB11845,CRC,PRJDB11845,AY916310.1.1355,0.008972070122052447,0.017599060624025956,0.0,0.017599060624025956,476,389.0
CRC_PRJDB11845,CRC,PRJDB11845,KF842981.1.1356,0.008957546026281574,0.0,0.01827339389361441,-0.01827339389361441,477,362.0
CRC_PRJDB11845,CRC,PRJDB11845,DQ797375.1.1387,0.008951503284324227,0.0,0.018261066700021426,-0.018261066700021426,478,363.0
CRC_PRJDB11845,CRC,PRJDB11845,FJ676706.1.1376,0.008903950083014719,0.0,0.018164058169350027,-0.018164058169350027,479,367.0
CRC_PRJDB11845,CRC,PRJDB11845,FJ366976.1.1359,0.008886695346411537,0.0,0.018128858506679536,-0.018128858506679536,480,370.0
CRC_PRJDB11845,CRC,PRJDB11845,DQ824345.1.1384,0.008883747993511897,0.01742581337188872,0.0,0.01742581337188872,481,394.0
CRC_PRJDB11845,CRC,PRJDB11845,HQ787934.1.1478,0.008882874589462101,0.017424100156252585,0.0,0.017424100156252585,482,395.0
CRC_PRJDB11845,CRC,PRJDB11845,AY850417.1.1239,0.008871603133978652,0.017401990762804277,0.0,0.017401990762804277,483,396.0
CRC_PRJDB11845,CRC,PRJDB11845,CP016757.1044976.1046496,0.008828543382240277,0.0,0.018010228499770166,-0.018010228499770166,484,373.0
CRC_PRJDB11845,CRC,PRJDB11845,FJ366371.1.1362,0.0087951022973345,0.017251931429386906,0.0,0.017251931429386906,485,400.0
CRC_PRJDB11845,CRC,PRJDB11845,EU768746.1.1338,0.008773621016492447,0.017209795070812106,0.0,0.017209795070812106,486,402.0
CRC_PRJDB11845,CRC,PRJDB11845,GQ897911.1.1486,0.008758155300336726,0.0,0.01786663681268692,-0.01786663681268692,487,375.0
CRC_PRJDB11845,CRC,PRJDB11845,EU469441.1.1300,0.00875300093206997,0.017169347982137248,0.0,0.017169347982137248,488,404.0
CRC_PRJDB11845,CRC,PRJDB11845,JQ184844.1.1344,0.008744360860802379,0.0,0.017838496156036852,-0.017838496156036852,489,377.0
CRC_PRJDB11845,CRC,PRJDB11845,FPLO01001644.16.1503,0.008715399951838395,0.017095592213221468,0.0,0.017095592213221468,490,407.0
CRC_PRJDB11845,CRC,PRJDB11845,JQ190553.1.1364,0.008714023940995628,0.0,0.01777660883963108,-0.01777660883963108,491,380.0
CRC_PRJDB11845,CRC,PRJDB11845,DQ807506.1.1286,0.008704148939037634,0.0,0.01775646383563677,-0.01775646383563677,492,382.0
CRC_PRJDB11845,CRC,PRJDB11845,JQ188100.1.1340,0.008698905778598356,0.0,0.01774576778834065,-0.01774576778834065,493,383.0
CRC_PRJDB11845,CRC,PRJDB11845,DQ800941.1.1376,0.00869678248030444,0.0,0.017741436259821056,-0.017741436259821056,494,384.0
CRC_PRJDB11845,CRC,PRJDB11845,FJ372021.1.1207,0.008696016399007217,0.01705757062882185,0.0,0.01705757062882185,495,408.0
CRC_PRJDB11845,CRC,PRJDB11845,GQ491134.1.1351,0.008658364113858518,0.016983714223337863,0.0,0.016983714223337863,496,409.0
CRC_PRJDB11845,CRC,PRJDB11845,DQ793953.1.1281,0.008654629954690832,0.01697638952650894,0.0,0.01697638952650894,497,410.0
CRC_PRJDB11845,CRC,PRJDB11845,EF434360.1.1335,0.008639123083816633,0.0,0.017623811090985934,-0.017623811090985934,498,388.0
CRC_PRJDB11845,CRC,PRJDB11845,AM275757.1.1484,0.008624720085850534,0.0,0.01759442897513509,-0.01759442897513509,499,390.0
CRC_PRJDB11845,CRC,PRJDB11845,JF220832.1.1358,0.00860675424337387,0.01688247947738721,0.0,0.01688247947738721,500,413.0
CRC_PRJDB11845,CRC,PRJDB11845,DQ808998.1.1391,0.008600147392332943,0.016869519884960774,0.0,0.016869519884960774,501,414.0
CRC_PRJDB11845,CRC,PRJDB11845,DQ456434.1.1440,0.00859415243087592,0.0,0.01753207095898688,-0.01753207095898688,502,391.0
CRC_PRJDB11845,CRC,PRJDB11845,FUHT01000001.3690.5196,0.008586351595380726,0.0,0.017516157254576684,-0.017516157254576684,503,392.0
CRC_PRJDB11845,CRC,PRJDB11845,DQ794349.1.1291,0.008584827184677124,0.0,0.017513047456741333,-0.017513047456741333,504,393.0
CRC_PRJDB11845,CRC,PRJDB11845,LT576395.1.1472,0.008566876541628361,0.016804257831655633,0.0,0.016804257831655633,505,415.0
CRC_PRJDB11845,CRC,PRJDB11845,HQ740182.1.1457,0.008561577529226448,0.01679386361502111,0.0,0.01679386361502111,506,416.0
CRC_PRJDB11845,CRC,PRJDB11845,EF434371.1.1352,0.008559746138167146,0.01679027127102017,0.0,0.01679027127102017,507,417.0
CRC_PRJDB11845,CRC,PRJDB11845,FJ366086.1.1361,0.008554229893252935,0.016779450944457684,0.0,0.016779450944457684,508,418.0
CRC_PRJDB11845,CRC,PRJDB11845,FJ366051.1.1366,0.008542165424966929,0.01675578602589667,0.0,0.01675578602589667,509,420.0
CRC_PRJDB11845,CRC,PRJDB11845,DQ805867.1.1365,0.008503200175861517,0.016679354191112977,0.0,0.016679354191112977,510,422.0
CRC_PRJDB11845,CRC,PRJDB11845,HQ779675.1.1458,0.008493487592299584,0.01666030258489534,0.0,0.01666030258489534,511,423.0
CRC_PRJDB11845,CRC,PRJDB11845,FJ371750.1.1233,0.008481230522852903,0.0,0.017301710266619922,-0.017301710266619922,512,398.0
CRC_PRJDB11845,CRC,PRJDB11845,AY976142.1.1343,0.008473052074097924,0.0,0.017285026231159767,-0.017285026231159767,513,399.0
CRC_PRJDB11845,CRC,PRJDB11845,DQ805765.1.1396,0.008466912596334333,0.016608174708194267,0.0,0.016608174708194267,514,424.0
CRC_PRJDB11845,CRC,PRJDB11845,AF371946.1.1457,0.008449233951217501,0.0,0.017236437260483704,-0.017236437260483704,515,401.0
CRC_PRJDB11845,CRC,PRJDB11845,EU765909.1.1351,0.008427728487945655,0.0,0.017192566115409137,-0.017192566115409137,516,403.0
CRC_PRJDB11845,CRC,PRJDB11845,GQ175436.1.1437,0.00838436641322534,0.0,0.017104107482979695,-0.017104107482979695,517,405.0
CRC_PRJDB11845,CRC,PRJDB11845,AY850453.1.1227,0.008380372378536883,0.0,0.01709595965221524,-0.01709595965221524,518,406.0
CRC_PRJDB11845,CRC,PRJDB11845,EU766105.1.1352,0.00834855496779912,0.016376011667605966,0.0,0.016376011667605966,519,426.0
CRC_PRJDB11845,CRC,PRJDB11845,AB218338.1.1457,0.00833796917953912,0.016355247236788273,0.0,0.016355247236788273,520,427.0
CRC_PRJDB11845,CRC,PRJDB11845,GQ491367.1.1357,0.008325140408903751,0.01633008310977274,0.0,0.01633008310977274,521,429.0
CRC_PRJDB11845,CRC,PRJDB11845,JN809769.1.1265,0.008310797697334898,0.0,0.01695402730256319,-0.01695402730256319,522,411.0
CRC_PRJDB11845,CRC,PRJDB11845,DQ808212.1.1390,0.008287959578416609,0.01625715148074027,0.0,0.01625715148074027,523,431.0
CRC_PRJDB11845,CRC,PRJDB11845,EF402828.1.1485,0.008285017550186393,0.0,0.01690143580238024,-0.01690143580238024,524,412.0
CRC_PRJDB11845,CRC,PRJDB11845,JX006704.1.1410,0.008274995493611284,0.01623172192977598,0.0,0.01623172192977598,525,432.0
CRC_PRJDB11845,CRC,PRJDB11845,FJ363041.1.1369,0.00820920686237514,0.016102674999274313,0.0,0.016102674999274313,526,434.0
CRC_PRJDB11845,CRC,PRJDB11845,DQ805491.1.1388,0.008200852224737211,0.0160862870562153,0.0,0.0160862870562153,527,435.0
CRC_PRJDB11845,CRC,PRJDB11845,JX543398.1.1493,0.008196538174220551,0.01607782488020185,0.0,0.01607782488020185,528,436.0
CRC_PRJDB11845,CRC,PRJDB11845,DQ801561.1.1347,0.008191057888705746,0.0,0.016709758092959725,-0.016709758092959725,529,421.0
CRC_PRJDB11845,CRC,PRJDB11845,HQ807131.1.1274,0.008132857900551137,0.015952913574157998,0.0,0.015952913574157998,530,438.0
CRC_PRJDB11845,CRC,PRJDB11845,FJ362735.1.1312,0.00812914694835937,0.01594563439870492,0.0,0.01594563439870492,531,439.0
CRC_PRJDB11845,CRC,PRJDB11845,FNLJ01000014.549038.550553,0.008113997098168029,0.01591591738486806,0.0,0.01591591738486806,532,440.0
CRC_PRJDB11845,CRC,PRJDB11845,FMGP01000001.650541.652058,0.008094228790415561,0.01587714108889206,0.0,0.01587714108889206,533,441.0
CRC_PRJDB11845,CRC,PRJDB11845,JQ191045.1.1353,0.007992178402548912,0.015676965328076713,0.0,0.015676965328076713,534,443.0
CRC_PRJDB11845,CRC,PRJDB11845,EU775066.1.1392,0.007972658807381355,0.0,0.016264223967057966,-0.016264223967057966,535,430.0
CRC_PRJDB11845,CRC,PRJDB11845,ADFR01000011.3460.4852,0.007843446570868585,0.0,0.016000631004571914,-0.016000631004571914,536,437.0
CRC_PRJDB11845,CRC,PRJDB11845,JQ191043.1.1347,0.007799160563283497,0.015298353412594553,0.0,0.015298353412594553,537,445.0
CRC_PRJDB11845,CRC,PRJDB11845,LT576387.1.1491,0.007739640313529354,0.015181602153461426,0.0,0.015181602153461426,538,447.0
CRC_PRJDB11845,CRC,PRJDB11845,DQ808730.1.1371,0.007732673436311968,0.015167936355842708,0.0,0.015167936355842708,539,448.0
CRC_PRJDB11845,CRC,PRJDB11845,FJ510276.1.1380,0.0077172676938299855,0.01513771739943574,0.0,0.01513771739943574,540,449.0
CRC_PRJDB11845,CRC,PRJDB11845,GQ897128.1.1493,0.007626837640665959,0.014960335372075535,0.0,0.014960335372075535,541,450.0
CRC_PRJDB11845,CRC,PRJDB11845,AY978012.1.1354,0.0075337414894545195,0.014777723690853097,0.0,0.014777723690853097,542,453.0
CRC_PRJDB11845,CRC,PRJDB11845,JQ186955.1.1360,0.007334013779958089,0.014385950106840868,0.0,0.014385950106840868,543,455.0
