fold,disease,study,otu,mean_abs,mean_signed,rank
CRC_PRJDB11845,CRC,PRJDB11845,FJ371434.1.1338,0.07753082132090948,0.07753082132090948,1
CRC_PRJDB11845,CRC,PRJDB11845,FJ507231.1.1307,0.058938291235485316,0.058938291235485316,2
CRC_PRJDB11845,CRC,PRJDB11845,EU762506.1.1327,0.046378653226099555,0.046378653226099555,3
CRC_PRJDB11845,CRC,PRJDB11845,FJ366783.1.1350,0.04532997900894335,-0.04532997900894335,4
CRC_PRJDB11845,CRC,PRJDB11845,FJ372012.1.1342,0.03676542574619361,0.03676542574619361,5
CRC_PRJDB11845,CRC,PRJDB11845,HQ790085.1.1320,0.033823585890390244,0.033823585890390244,6
CRC_PRJDB11845,CRC,PRJDB11845,JF203236.1.1325,0.03166877298206983,-0.03166877298206983,7
CRC_PRJDB11845,CRC,PRJDB11845,FJ369308.1.1240,0.030719514170294317,0.030719514170294317,8
CRC_PRJDB11845,CRC,PRJDB11845,AM696869.1.1522,0.030432671763362642,0.030432671763362642,9
CRC_PRJDB11845,CRC,PRJDB11845,GQ491160.1.1334,0.02978274255193063,0.02978274255193063,10
CRC_PRJDB11845,CRC,PRJDB11845,GQ491922.1.1347,0.027566232303198462,0.027566232303198462,11
CRC_PRJDB11845,CRC,PRJDB11845,FJ365305.1.1340,0.026673065508132025,-0.026673065508132025,12
CRC_PRJDB11845,CRC,PRJDB11845,DQ799373.1.1400,0.025265836747383367,0.025265836747383367,13
CRC_PRJDB11845,CRC,PRJDB11845,EU763456.1.1359,0.024665164486566592,0.024665164486566592,14
CRC_PRJDB11845,CRC,PRJDB11845,EU767533.1.1322,0.024333015436823584,0.024333015436823584,15
CRC_PRJDB11845,CRC,PRJDB11845,EU768772.1.1356,0.02429965029202469,0.02429965029202469,16
CRC_PRJDB11845,CRC,PRJDB11845,FJ371191.1.1358,0.02245643246964157,-0.02245643246964157,17
CRC_PRJDB11845,CRC,PRJDB11845,DQ798000.1.1401,0.0222987142561428,-0.0222987142561428,18
CRC_PRJDB11845,CRC,PRJDB11845,FJ364354.1.1319,0.022276016491209135,0.022276016491209135,19
CRC_PRJDB11845,CRC,PRJDB11845,JF161763.1.1353,0.022012311228095268,0.022012311228095268,20
CRC_PRJDB11845,CRC,PRJDB11845,GQ491404.1.1333,0.021892690452019612,-0.021892690452019612,21
CRC_PRJDB11845,CRC,PRJDB11845,FJ369781.1.1378,0.021629192115741762,0.021629192115741762,22
CRC_PRJDB11845,CRC,PRJDB11845,GQ491615.1.1357,0.02161031725467257,-0.02161031725467257,23
CRC_PRJDB11845,CRC,PRJDB11845,HM308748.1.1356,0.021545049582221473,0.021545049582221473,24
CRC_PRJDB11845,CRC,PRJDB11845,KF101798.1.1358,0.020523878172334507,0.020523878172334507,25
CRC_PRJDB11845,CRC,PRJDB11845,JQ455437.1.1278,0.020432663167454786,0.020432663167454786,26
CRC_PRJDB11845,CRC,PRJDB11845,ABQC02000019.758957.760260,0.018538272182529614,-0.017796109433338817,27
CRC_PRJDB11845,CRC,PRJDB11845,EU777642.1.1352,0.018441741825653182,0.018441741825653182,28
CRC_PRJDB11845,CRC,PRJDB11845,GQ491970.1.1359,0.018352592581640632,-0.018352592581640632,29
CRC_PRJDB11845,CRC,PRJDB11845,HQ754366.1.1357,0.01803768320580974,0.01803768320580974,30
CRC_PRJDB11845,CRC,PRJDB11845,LN998062.1.1487,0.017580241376873265,-0.017580241376873265,31
CRC_PRJDB11845,CRC,PRJDB11845,KF842215.1.1420,0.017163189384355064,0.017163189384355064,32
CRC_PRJDB11845,CRC,PRJDB11845,KF101479.1.1371,0.01711135654985996,0.01711135654985996,33
CRC_PRJDB11845,CRC,PRJDB11845,JF057538.1.1353,0.0155419891031509,-0.0155419891031509,34
CRC_PRJDB11845,CRC,PRJDB11845,FJ557765.1.1386,0.015198628398966258,0.015198628398966258,35
CRC_PRJDB11845,CRC,PRJDB11845,GQ491279.1.1262,0.01438914583899631,-0.01438914583899631,36
CRC_PRJDB11845,CRC,PRJDB11845,DQ794702.1.1380,0.014365942254267404,0.014365942254267404,37
CRC_PRJDB11845,CRC,PRJDB11845,GQ493505.1.1359,0.014256251678648883,0.014256251678648883,38
CRC_PRJDB11845,CRC,PRJDB11845,JQ467804.1.1375,0.014145482337183157,0.014145482337183157,39
CRC_PRJDB11845,CRC,PRJDB11845,FJ363281.1.1347,0.013627048555846018,-0.013627048555846018,40
CRC_PRJDB11845,CRC,PRJDB11845,EU766108.1.1338,0.013264562737029539,-0.013264562737029539,41
CRC_PRJDB11845,CRC,PRJDB11845,EU767018.1.1359,0.012850295945795717,0.012850295945795717,42
CRC_PRJDB11845,CRC,PRJDB11845,JF057160.1.1343,0.012393172888971326,0.012393172888971326,43
CRC_PRJDB11845,CRC,PRJDB11845,FJ368094.1.1338,0.011990395965226944,-0.011990395965226944,44
CRC_PRJDB11845,CRC,PRJDB11845,HQ754428.1.1369,0.01199015087561309,0.01199015087561309,45
CRC_PRJDB11845,CRC,PRJDB11845,LT558846.1.1494,0.011871867455240118,0.011871867455240118,46
CRC_PRJDB11845,CRC,PRJDB11845,EU778248.1.1341,0.011362741988432326,-0.011362741988432326,47
CRC_PRJDB11845,CRC,PRJDB11845,AY981777.1.1355,0.01124171822656843,0.01124171822656843,48
CRC_PRJDB11845,CRC,PRJDB11845,GQ448280.1.1381,0.011233579296288116,0.011233579296288116,49
CRC_PRJDB11845,CRC,PRJDB11845,AJ305238.1.1505,0.010808351155916232,0.010808351155916232,50
CRC_PRJDB11845,CRC,PRJDB11845,DQ794369.1.1366,0.010764041350444866,-0.010188897093837745,51
CRC_PRJDB11845,CRC,PRJDB11845,DQ808618.1.1395,0.01069318167637586,0.01069318167637586,52
CRC_PRJDB11845,CRC,PRJDB11845,FJ366501.1.1310,0.01058092181334116,0.007068366213599267,53
CRC_PRJDB11845,CRC,PRJDB11845,KF842684.1.1392,0.010418087221342534,0.010418087221342534,54
CRC_PRJDB11845,CRC,PRJDB11845,FJ363561.1.1364,0.010241153718097305,0.010241153718097305,55
CRC_PRJDB11845,CRC,PRJDB11845,FJ362935.1.1246,0.010055506999833307,-0.010055506999833307,56
CRC_PRJDB11845,CRC,PRJDB11845,GQ493731.1.1366,0.009510756505691107,0.009510756505691107,57
CRC_PRJDB11845,CRC,PRJDB11845,HQ452862.1.1498,0.009271214957930533,0.009271214957930533,58
CRC_PRJDB11845,CRC,PRJDB11845,DQ326634.1.1352,0.009139493488437286,-0.004913593266182424,59
CRC_PRJDB11845,CRC,PRJDB11845,DQ793537.1.1387,0.008967492521321391,0.008967492521321391,60
CRC_PRJDB11845,CRC,PRJDB11845,DQ905725.1.1572,0.008523414619970294,-0.008523414619970294,61
CRC_PRJDB11845,CRC,PRJDB11845,FJ363012.1.1338,0.008434136623613963,-0.007714057898587856,62
CRC_PRJDB11845,CRC,PRJDB11845,EU774152.1.1342,0.008228823401839135,-0.008228823401839135,63
CRC_PRJDB11845,CRC,PRJDB11845,FJ368953.1.1382,0.008205960659867303,-0.008205960659867303,64
CRC_PRJDB11845,CRC,PRJDB11845,GQ448965.1.1384,0.00818562643457247,0.007610892803106083,65
CRC_PRJDB11845,CRC,PRJDB11845,EF071174.1.1494,0.007903183910148319,-0.007903183910148319,66
CRC_PRJDB11845,CRC,PRJDB11845,HQ780971.1.1455,0.007856279699291478,0.007856279699291478,67
CRC_PRJDB11845,CRC,PRJDB11845,EF071396.1.1511,0.007605757216254677,0.007605757216254677,68
CRC_PRJDB11845,CRC,PRJDB11845,FJ371675.1.1332,0.00754552656372199,-0.00754552656372199,69
CRC_PRJDB11845,CRC,PRJDB11845,DQ796919.1.1379,0.0074605257093883865,-0.0074605257093883865,70
CRC_PRJDB11845,CRC,PRJDB11845,DQ824444.1.1392,0.007264354649675697,0.007264354649675697,71
CRC_PRJDB11845,CRC,PRJDB11845,GQ491968.1.1295,0.007186083094776545,0.007186083094776545,72
CRC_PRJDB11845,CRC,PRJDB11845,DQ800782.1.1428,0.007076728008763435,0.007076728008763435,73
CRC_PRJDB11845,CRC,PRJDB11845,KT886066.1.1491,0.006991586110802049,0.006991586110802049,74
CRC_PRJDB11845,CRC,PRJDB11845,FJ367645.1.1320,0.006892457863901149,0.006892457863901149,75
CRC_PRJDB11845,CRC,PRJDB11845,HQ766992.1.1435,0.006801388034095298,0.006801388034095298,76
CRC_PRJDB11845,CRC,PRJDB11845,GQ492980.1.1322,0.00672990456811541,-0.00672990456811541,77
CRC_PRJDB11845,CRC,PRJDB11845,HQ785882.1.1446,0.0066719236995685886,0.0066719236995685886,78
CRC_PRJDB11845,CRC,PRJDB11845,FJ503238.1.1390,0.006603111759350667,-0.006603111759350667,79
CRC_PRJDB11845,CRC,PRJDB11845,EU774184.1.1387,0.006525331629090076,0.006525331629090076,80
CRC_PRJDB11845,CRC,PRJDB11845,FJ367024.1.1379,0.006368611613881913,-0.006368611613881913,81
CRC_PRJDB11845,CRC,PRJDB11845,GQ493546.1.1366,0.006286136522682721,0.006286136522682721,82
CRC_PRJDB11845,CRC,PRJDB11845,JF152180.1.1335,0.006260549156250605,-0.006260549156250605,83
CRC_PRJDB11845,CRC,PRJDB11845,KF843421.1.1338,0.006135953484949847,-0.006135953484949847,84
CRC_PRJDB11845,CRC,PRJDB11845,EU775597.1.1351,0.006113625028460591,-0.006084315026182532,85
CRC_PRJDB11845,CRC,PRJDB11845,AF338413.1.1408,0.006102261922705552,0.006102261922705552,86
CRC_PRJDB11845,CRC,PRJDB11845,EU779054.1.1366,0.006078326264291187,-0.006078326264291187,87
CRC_PRJDB11845,CRC,PRJDB11845,DQ799308.1.1322,0.006032930705016466,0.006032930705016466,88
CRC_PRJDB11845,CRC,PRJDB11845,FJ368381.1.1385,0.006021061301474302,-0.006021061301474302,89
CRC_PRJDB11845,CRC,PRJDB11845,JQ189159.1.1329,0.005831313438099301,0.005831313438099301,90
CRC_PRJDB11845,CRC,PRJDB11845,EF400051.1.1490,0.0057311422787005096,-0.0057311422787005096,91
CRC_PRJDB11845,CRC,PRJDB11845,CU463952.1.1334,0.00565730316557,0.00565730316557,92
CRC_PRJDB11845,CRC,PRJDB11845,LN866995.1.1482,0.00557457210543575,0.00557457210543575,93
CRC_PRJDB11845,CRC,PRJDB11845,AM275475.1.1514,0.0055737430685886494,-0.0055737430685886494,94
CRC_PRJDB11845,CRC,PRJDB11845,FJ366838.1.1357,0.005347070395208103,0.005347070395208103,95
CRC_PRJDB11845,CRC,PRJDB11845,HQ782369.1.1609,0.005343384185789122,0.005343384185789122,96
CRC_PRJDB11845,CRC,PRJDB11845,FJ365703.1.1290,0.005295455022327187,0.005295455022327187,97
CRC_PRJDB11845,CRC,PRJDB11845,HQ806883.1.1241,0.005176550528147033,-0.0005635313808171874,98
CRC_PRJDB11845,CRC,PRJDB11845,GQ047989.1.1350,0.005175196349132861,-0.005175196349132861,99
CRC_PRJDB11845,CRC,PRJDB11845,FJ371179.1.1259,0.005110391635163011,-0.005110391635163011,100
CRC_PRJDB11845,CRC,PRJDB11845,AM886059.1.1431,0.005110216570418135,-0.005110216570418135,101
CRC_PRJDB11845,CRC,PRJDB11845,FJ364692.1.1331,0.005103896977219281,-0.004646054613355495,102
CRC_PRJDB11845,CRC,PRJDB11845,JQ186757.1.1359,0.005083007762113517,0.005083007762113517,103
CRC_PRJDB11845,CRC,PRJDB11845,JQ189612.1.1335,0.005075484414171057,-0.005075484414171057,104
CRC_PRJDB11845,CRC,PRJDB11845,EU763582.1.1367,0.005030435279153129,0.0022581734542584803,105
CRC_PRJDB11845,CRC,PRJDB11845,DQ808607.1.1398,0.00496475562544736,-0.00496475562544736,106
CRC_PRJDB11845,CRC,PRJDB11845,KF842603.1.1378,0.004881490221197577,0.004881490221197577,107
CRC_PRJDB11845,CRC,PRJDB11845,FJ368910.1.1358,0.004787075090645498,-0.004787075090645498,108
CRC_PRJDB11845,CRC,PRJDB11845,DQ799701.1.1410,0.004767350305029091,0.004767350305029091,109
CRC_PRJDB11845,CRC,PRJDB11845,GQ014747.1.1357,0.004716740182183607,0.004716740182183607,110
CRC_PRJDB11845,CRC,PRJDB11845,FAVI01000008.1703276.1704567,0.004592070544303811,-0.004592070544303811,111
CRC_PRJDB11845,CRC,PRJDB11845,KX462878.1.1523,0.004517173712842834,0.004517173712842834,112
CRC_PRJDB11845,CRC,PRJDB11845,FJ369961.1.1358,0.004501639970441105,-0.004501639970441105,113
CRC_PRJDB11845,CRC,PRJDB11845,GQ898572.1.1490,0.0044540650080247945,-0.0044540650080247945,114
CRC_PRJDB11845,CRC,PRJDB11845,FPLO01003969.16.1529,0.004446888435660734,0.004446888435660734,115
CRC_PRJDB11845,CRC,PRJDB11845,FJ364934.1.1401,0.004429017714717098,0.004429017714717098,116
CRC_PRJDB11845,CRC,PRJDB11845,FJ363471.1.1336,0.004368921139408279,-0.004368921139408279,117
CRC_PRJDB11845,CRC,PRJDB11845,AB331897.1.1481,0.004358300251734735,-0.004358300251734735,118
CRC_PRJDB11845,CRC,PRJDB11845,EU763059.1.1332,0.0041515511803596585,-0.0041515511803596585,119
CRC_PRJDB11845,CRC,PRJDB11845,KF843447.1.1356,0.00414729968212317,0.00414729968212317,120
CRC_PRJDB11845,CRC,PRJDB11845,DQ793241.1.1399,0.004092962852841994,-0.004092962852841994,121
CRC_PRJDB11845,CRC,PRJDB11845,GQ448908.1.1286,0.0039761297218580335,0.0039761297218580335,122
CRC_PRJDB11845,CRC,PRJDB11845,JF030154.1.1334,0.003926366774615616,-0.003926366774615616,123
CRC_PRJDB11845,CRC,PRJDB11845,AY538696.1.1466,0.003823936710506982,-0.003823936710506982,124
CRC_PRJDB11845,CRC,PRJDB11845,EF402508.1.1495,0.003781527308978896,-0.003781527308978896,125
CRC_PRJDB11845,CRC,PRJDB11845,FJ371815.1.1309,0.0037766783188935915,0.0037766783188935915,126
CRC_PRJDB11845,CRC,PRJDB11845,AM405127.1.1487,0.0037371048665407157,-0.0037371048665407157,127
CRC_PRJDB11845,CRC,PRJDB11845,FJ365255.1.1357,0.0037127954754694265,-0.0037127954754694265,128
CRC_PRJDB11845,CRC,PRJDB11845,EF404658.1.1491,0.0036652041707741557,0.0036652041707741557,129
CRC_PRJDB11845,CRC,PRJDB11845,FJ370173.1.1369,0.0036368955187606705,-0.0036368955187606705,130
CRC_PRJDB11845,CRC,PRJDB11845,GQ493077.1.1232,0.003636128293387779,-0.0006778575814146224,131
CRC_PRJDB11845,CRC,PRJDB11845,AB490801.1.1479,0.0035817103332748098,-0.0035817103332748098,132
CRC_PRJDB11845,CRC,PRJDB11845,EU767243.1.1365,0.0035488106819004605,-0.0035488106819004605,133
CRC_PRJDB11845,CRC,PRJDB11845,EF400498.1.1478,0.003501945033863451,-0.003501945033863451,134
CRC_PRJDB11845,CRC,PRJDB11845,FJ510229.1.1386,0.0034946470132654326,0.0034946470132654326,135
CRC_PRJDB11845,CRC,PRJDB11845,DQ800324.1.1398,0.0034670522242791018,0.002818398230168296,136
CRC_PRJDB11845,CRC,PRJDB11845,JTDA01000039.175.1712,0.003444433552902846,-0.003444433552902846,137
CRC_PRJDB11845,CRC,PRJDB11845,EU765352.1.1357,0.0033533399383657617,0.0033533399383657617,138
CRC_PRJDB11845,CRC,PRJDB11845,AJ234058.1.1367,0.003332227059565957,0.003332227059565957,139
CRC_PRJDB11845,CRC,PRJDB11845,JQ190020.1.1395,0.0033292789972038258,0.0033292789972038258,140
CRC_PRJDB11845,CRC,PRJDB11845,CDZD01005085.92.1630,0.0033028706925427847,-0.0033028706925427847,141
CRC_PRJDB11845,CRC,PRJDB11845,DQ823984.1.1377,0.003296010415691061,-0.003296010415691061,142
CRC_PRJDB11845,CRC,PRJDB11845,FJ366337.1.1331,0.003271728254394559,-0.003271728254394559,143
CRC_PRJDB11845,CRC,PRJDB11845,GQ492125.1.1358,0.003260461603847843,0.003260461603847843,144
CRC_PRJDB11845,CRC,PRJDB11845,LT161891.1.1529,0.0032556793838566605,0.0032556793838566605,145
CRC_PRJDB11845,CRC,PRJDB11845,DQ808737.1.1402,0.0032062058428003128,-0.0032062058428003128,146
CRC_PRJDB11845,CRC,PRJDB11845,DQ793665.1.1389,0.0031667719571058114,0.0031667719571058114,147
CRC_PRJDB11845,CRC,PRJDB11845,FJ364950.1.1345,0.00308558533552883,-0.00308558533552883,148
CRC_PRJDB11845,CRC,PRJDB11845,EU768679.1.1293,0.0030434123927510215,0.0030401029035898044,149
CRC_PRJDB11845,CRC,PRJDB11845,EU768046.1.1367,0.0029661462188913788,0.0029661462188913788,150
CRC_PRJDB11845,CRC,PRJDB11845,KF843440.1.1336,0.0028895958284176158,-0.0028895958284176158,151
CRC_PRJDB11845,CRC,PRJDB11845,FJ369082.1.1342,0.0028849899794653215,-0.0028849899794653215,152
CRC_PRJDB11845,CRC,PRJDB11845,DQ800343.1.1393,0.002787437053182754,-0.002787437053182754,153
CRC_PRJDB11845,CRC,PRJDB11845,KF095037.1.1343,0.00274172161661429,-0.00274172161661429,154
CRC_PRJDB11845,CRC,PRJDB11845,AY916390.1.1359,0.0026929570802678624,0.0007388210017620387,155
CRC_PRJDB11845,CRC,PRJDB11845,JRGF01000044.3.1537,0.0026723360030578595,-0.0026723360030578595,156
CRC_PRJDB11845,CRC,PRJDB11845,JF163596.1.1351,0.0026638545598674825,0.0026638545598674825,157
CRC_PRJDB11845,CRC,PRJDB11845,JQ248079.1.1513,0.00265588474135237,-0.00265588474135237,158
CRC_PRJDB11845,CRC,PRJDB11845,DQ456076.1.1438,0.002642968884723189,0.002642968884723189,159
CRC_PRJDB11845,CRC,PRJDB11845,CEAR01043182.5169.6651,0.0025434289245031528,-0.0025434289245031528,160
CRC_PRJDB11845,CRC,PRJDB11845,GQ897120.1.1473,0.002531483248720225,-0.002531483248720225,161
CRC_PRJDB11845,CRC,PRJDB11845,AB261128.1.1492,0.0024047229053594677,-0.0024047229053594677,162
CRC_PRJDB11845,CRC,PRJDB11845,DQ809190.1.1398,0.0023992214510317814,-0.0023992214510317814,163
CRC_PRJDB11845,CRC,PRJDB11845,FJ366582.1.1317,0.0023373691422698337,-0.0023373691422698337,164
CRC_PRJDB11845,CRC,PRJDB11845,CDZQ01051681.3820.5334,0.0023281880335836174,0.0023281880335836174,165
CRC_PRJDB11845,CRC,PRJDB11845,DQ824055.1.1388,0.0022757379153971833,-0.0022757379153971833,166
CRC_PRJDB11845,CRC,PRJDB11845,EU764108.1.1351,0.0022490694124599844,-0.001731221087821343,167
CRC_PRJDB11845,CRC,PRJDB11845,EF404788.1.1485,0.002243118712028612,-0.002243118712028612,168
CRC_PRJDB11845,CRC,PRJDB11845,FJ508676.1.1378,0.002241573111061794,-0.002241573111061794,169
CRC_PRJDB11845,CRC,PRJDB11845,KF843124.1.1363,0.002240534151873192,-0.002240534151873192,170
CRC_PRJDB11845,CRC,PRJDB11845,JQ940772.1.1446,0.0022399873865567156,-0.0022399873865567156,171
CRC_PRJDB11845,CRC,PRJDB11845,KF100359.1.1360,0.0022357692614044175,0.0022357692614044175,172
CRC_PRJDB11845,CRC,PRJDB11845,KX792215.1.1201,0.0022351916856788124,0.0022351916856788124,173
CRC_PRJDB11845,CRC,PRJDB11845,MNQJ01000155.1819.3121,0.0022220040212162194,0.0022220040212162194,174
CRC_PRJDB11845,CRC,PRJDB11845,CALK01000057.3384.4901,0.002221521273689077,-0.002221521273689077,175
CRC_PRJDB11845,CRC,PRJDB11845,EF402071.1.1478,0.0021944276518479204,-0.0021944276518479204,176
CRC_PRJDB11845,CRC,PRJDB11845,EU762802.1.1335,0.002162244854397839,-0.0020783515905320924,177
CRC_PRJDB11845,CRC,PRJDB11845,EF404225.1.1485,0.002150097391137581,-0.002150097391137581,178
CRC_PRJDB11845,CRC,PRJDB11845,DQ905474.1.1452,0.0021352293931554247,-0.0021352293931554247,179
CRC_PRJDB11845,CRC,PRJDB11845,AY981894.1.1371,0.0021233196689274597,-0.0021233196689274597,180
CRC_PRJDB11845,CRC,PRJDB11845,HQ783613.1.1444,0.002114537113504203,0.002114537113504203,181
CRC_PRJDB11845,CRC,PRJDB11845,FJ364700.1.1381,0.0020929778936801028,-0.0020929778936801028,182
CRC_PRJDB11845,CRC,PRJDB11845,DQ795266.1.1352,0.0020729501410143227,-0.0017897316761242169,183
CRC_PRJDB11845,CRC,PRJDB11845,EU767500.1.1358,0.0020230965822412065,-0.0019036862233289891,184
CRC_PRJDB11845,CRC,PRJDB11845,FTLM01000021.103.1630,0.002007230708466356,0.002007230708466356,185
CRC_PRJDB11845,CRC,PRJDB11845,EU475681.1.1364,0.0019891864302995785,-0.0019891864302995785,186
CRC_PRJDB11845,CRC,PRJDB11845,DQ809036.1.1400,0.0019369535388537812,0.001927955726823452,187
CRC_PRJDB11845,CRC,PRJDB11845,HM445947.1.1481,0.001935039585989733,-0.001935039585989733,188
CRC_PRJDB11845,CRC,PRJDB11845,EU309492.1.1445,0.0018419520505053855,0.0018419520505053855,189
CRC_PRJDB11845,CRC,PRJDB11845,JN837493.1.1464,0.0018298986838261736,-0.0018298986838261736,190
CRC_PRJDB11845,CRC,PRJDB11845,EF400759.1.1489,0.0018240356366852823,-0.0017136627036319746,191
CRC_PRJDB11845,CRC,PRJDB11845,AB558487.1.1504,0.0018088898316032714,0.001802000602838199,192
CRC_PRJDB11845,CRC,PRJDB11845,AY321958.1.1429,0.0018025017498125744,-0.0018025017498125744,193
CRC_PRJDB11845,CRC,PRJDB11845,JF824807.1.1499,0.0018003137253421529,-0.0018003137253421529,194
CRC_PRJDB11845,CRC,PRJDB11845,HQ785708.1.1429,0.001786126836742502,0.001786126836742502,195
CRC_PRJDB11845,CRC,PRJDB11845,FJ368168.1.1360,0.0017858017050826863,-0.0017858017050826863,196
CRC_PRJDB11845,CRC,PRJDB11845,LT899395.1.1523,0.0017657820712042637,0.0017657820712042637,197
CRC_PRJDB11845,CRC,PRJDB11845,AB490810.1.1469,0.0017653114881342343,-0.0017653114881342343,198
CRC_PRJDB11845,CRC,PRJDB11845,GQ492470.1.1319,0.0017515240575237845,0.0017515240575237845,199
CRC_PRJDB11845,CRC,PRJDB11845,JF125650.1.1285,0.0017509250767483763,0.0017509250767483763,200
CRC_PRJDB11845,CRC,PRJDB11845,AB443949.1.1486,0.0017390269036032372,0.0017390269036032372,201
CRC_PRJDB11845,CRC,PRJDB11845,FJ363382.1.1367,0.0017026495813148284,0.0017026495813148284,202
CRC_PRJDB11845,CRC,PRJDB11845,EF399608.1.1495,0.0016633998229697057,-0.0016633998229697057,203
CRC_PRJDB11845,CRC,PRJDB11845,EU472152.1.1397,0.0016597784680879395,0.0016597784680879395,204
CRC_PRJDB11845,CRC,PRJDB11845,HQ786493.1.1440,0.0016509276577100346,-0.0016509276577100346,205
CRC_PRJDB11845,CRC,PRJDB11845,HQ775161.1.1448,0.0016468524591371522,0.0016468524591371522,206
CRC_PRJDB11845,CRC,PRJDB11845,KF842582.1.1388,0.001613971256477762,0.001613971256477762,207
CRC_PRJDB11845,CRC,PRJDB11845,AP018786.2586781.2588311,0.0016099346069446217,0.0016099346069446217,208
CRC_PRJDB11845,CRC,PRJDB11845,DQ794573.1.1388,0.001597561644225954,-0.0015276368624468637,209
CRC_PRJDB11845,CRC,PRJDB11845,GQ175371.1.1438,0.0015907253065113275,0.0015907253065113275,210
CRC_PRJDB11845,CRC,PRJDB11845,EU774380.1.1385,0.0015581366142508513,-0.0015581366142508513,211
CRC_PRJDB11845,CRC,PRJDB11845,AJ006962.1.1476,0.0015517221232983812,0.0015517221232983812,212
CRC_PRJDB11845,CRC,PRJDB11845,FLSN01000013.260828.262336,0.0015505017059366272,0.0015505017059366272,213
CRC_PRJDB11845,CRC,PRJDB11845,FJ363316.1.1368,0.0015341043651868826,0.0015341043651868826,214
CRC_PRJDB11845,CRC,PRJDB11845,FJ511498.1.1378,0.0015110657584518608,-0.0015110657584518608,215
CRC_PRJDB11845,CRC,PRJDB11845,DQ174182.1.1339,0.0014923386467906754,0.0014923386467906754,216
CRC_PRJDB11845,CRC,PRJDB11845,FMDZ01000001.16887.18386,0.0014916635304018605,-0.0014916635304018605,217
CRC_PRJDB11845,CRC,PRJDB11845,FQTO01000003.268810.270301,0.0014538859212665373,0.0014538859212665373,218
CRC_PRJDB11845,CRC,PRJDB11845,EF402740.1.1487,0.0014373909561643118,-0.0014373909561643118,219
CRC_PRJDB11845,CRC,PRJDB11845,EU766073.1.1358,0.0014175262093562187,0.0013513143261447208,220
CRC_PRJDB11845,CRC,PRJDB11845,DQ803886.1.1392,0.0014119146296599002,0.0014119146296599002,221
CRC_PRJDB11845,CRC,PRJDB11845,FJ511828.1.1372,0.0014016386315429635,0.0014016386315429635,222
CRC_PRJDB11845,CRC,PRJDB11845,HQ787322.1.1444,0.0013745227622780206,-0.0013745227622780206,223
CRC_PRJDB11845,CRC,PRJDB11845,FJ366463.1.1379,0.0013535870652851118,-0.0013535870652851118,224
CRC_PRJDB11845,CRC,PRJDB11845,FJ510866.1.1354,0.0013533794945655923,-0.0013533794945655923,225
CRC_PRJDB11845,CRC,PRJDB11845,EF401863.1.1477,0.0013465251376008499,0.0013465251376008499,226
CRC_PRJDB11845,CRC,PRJDB11845,ABIY02000114.1.1263,0.0013144248606897866,-0.0007677179733138026,227
CRC_PRJDB11845,CRC,PRJDB11845,FJ509926.1.1367,0.0013102873736931286,-0.0013102873736931286,228
CRC_PRJDB11845,CRC,PRJDB11845,FJ366441.1.1355,0.0013007022316145638,-0.0012857238430109127,229
CRC_PRJDB11845,CRC,PRJDB11845,KF098874.1.1361,0.0012648450627269353,0.0012648450627269353,230
CRC_PRJDB11845,CRC,PRJDB11845,EF405056.1.1496,0.0012555289463670773,-0.0012555289463670773,231
CRC_PRJDB11845,CRC,PRJDB11845,HQ762996.1.1442,0.0012401250584888961,-0.0012401250584888961,232
CRC_PRJDB11845,CRC,PRJDB11845,HQ814488.1.1424,0.0012183896038318834,-0.0012183896038318834,233
CRC_PRJDB11845,CRC,PRJDB11845,HQ803947.1.1433,0.0012106838521495802,-0.001190209693154045,234
CRC_PRJDB11845,CRC,PRJDB11845,FJ367796.1.1360,0.0011962771535617648,0.0011962771535617648,235
CRC_PRJDB11845,CRC,PRJDB11845,DQ326231.1.1338,0.001141004838592794,-0.001141004838592794,236
CRC_PRJDB11845,CRC,PRJDB11845,JQ207644.1.1336,0.001128550381469652,0.001128550381469652,237
CRC_PRJDB11845,CRC,PRJDB11845,GQ144701.1.1205,0.0011270013499819686,0.00022381137095222735,238
CRC_PRJDB11845,CRC,PRJDB11845,DQ456077.1.1454,0.0011040845155055774,0.0011040845155055774,239
CRC_PRJDB11845,CRC,PRJDB11845,EF025281.1.1453,0.0010972079376473382,-0.0010972079376473382,240
CRC_PRJDB11845,CRC,PRJDB11845,AM404847.1.1451,0.0010935759464309705,-0.0010935759464309705,241
CRC_PRJDB11845,CRC,PRJDB11845,EF402847.1.1496,0.0010804230364892648,-0.0010804230364892648,242
CRC_PRJDB11845,CRC,PRJDB11845,GQ175458.1.1439,0.0010557206624536824,-0.0010557206624536824,243
CRC_PRJDB11845,CRC,PRJDB11845,DQ673535.1.1495,0.0010390726454456028,0.0010390726454456028,244
CRC_PRJDB11845,CRC,PRJDB11845,DQ808563.1.1384,0.0010313593693802214,-0.0010313593693802214,245
CRC_PRJDB11845,CRC,PRJDB11845,FJ371857.1.1374,0.0010312596740376509,-0.0008314860404678273,246
CRC_PRJDB11845,CRC,PRJDB11845,JF803519.1.1479,0.0010294004358824727,0.0010294004358824727,247
CRC_PRJDB11845,CRC,PRJDB11845,FJ366324.1.1360,0.0010254298624957098,-0.0010254298624957098,248
CRC_PRJDB11845,CRC,PRJDB11845,LARG01000024.765.2171,0.0010253532891948568,-0.0010253532891948568,249
CRC_PRJDB11845,CRC,PRJDB11845,FJ367192.1.1369,0.0010031509616598069,0.0010031509616598069,250
CRC_PRJDB11845,CRC,PRJDB11845,FJ368251.1.1359,0.0009974637554271686,-0.0009974637554271686,251
CRC_PRJDB11845,CRC,PRJDB11845,JX424767.1.1450,0.0009908077911731255,-0.0009908077911731255,252
CRC_PRJDB11845,CRC,PRJDB11845,LT623894.1.1472,0.0009746624820999099,-0.0009503283658689178,253
CRC_PRJDB11845,CRC,PRJDB11845,JF159460.1.1350,0.0009739496934805175,0.0009739496934805175,254
CRC_PRJDB11845,CRC,PRJDB11845,FJ368433.1.1378,0.0009726745615509861,-0.0009726745615509861,255
CRC_PRJDB11845,CRC,PRJDB11845,KR185326.1.1423,0.0009672970778076097,-0.0009672970778076097,256
CRC_PRJDB11845,CRC,PRJDB11845,FJ362794.1.1265,0.0009608151396736774,-0.0009608151396736774,257
CRC_PRJDB11845,CRC,PRJDB11845,JN809769.1.1265,0.0009448793609122235,0.0009448793609122235,258
CRC_PRJDB11845,CRC,PRJDB11845,FJ368943.1.1368,0.0009428393193595382,-0.0009428393193595382,259
CRC_PRJDB11845,CRC,PRJDB11845,EU766019.1.1351,0.0009256240790690422,0.0009256240790690422,260
CRC_PRJDB11845,CRC,PRJDB11845,HQ767134.1.1448,0.0009199105674815391,-0.0008698049220715314,261
CRC_PRJDB11845,CRC,PRJDB11845,EU410376.1.1482,0.0009179385055434108,-0.0009179385055434108,262
CRC_PRJDB11845,CRC,PRJDB11845,FJ365228.1.1356,0.0008903599217416373,-0.0008903599217416373,263
CRC_PRJDB11845,CRC,PRJDB11845,CDZB01013068.261.1772,0.0008781637497124892,0.0008781637497124892,264
CRC_PRJDB11845,CRC,PRJDB11845,LN881588.1.1487,0.0008769172638930441,0.0008769172638930441,265
CRC_PRJDB11845,CRC,PRJDB11845,FJ366013.1.1355,0.0008702051596840166,0.000843841919751652,266
CRC_PRJDB11845,CRC,PRJDB11845,HQ759766.1.1439,0.0008571438477302805,0.0007449436200243334,267
CRC_PRJDB11845,CRC,PRJDB11845,FKLA01000009.186857.188363,0.0008474769747342303,0.0008474769747342303,268
CRC_PRJDB11845,CRC,PRJDB11845,DQ809024.1.1374,0.0008247507628540726,1.4931595927039198e-05,269
CRC_PRJDB11845,CRC,PRJDB11845,FJ367843.1.1364,0.0008187223921219441,-0.0008187223921219441,270
CRC_PRJDB11845,CRC,PRJDB11845,FJ366134.1.1357,0.0008138665673241316,0.0008138665673241316,271
CRC_PRJDB11845,CRC,PRJDB11845,DQ793380.1.1380,0.0008133230964150696,-0.0008133230964150696,272
CRC_PRJDB11845,CRC,PRJDB11845,DQ793375.1.1380,0.0008122548592491371,0.0008122548592491371,273
CRC_PRJDB11845,CRC,PRJDB11845,CECA01043215.208.1721,0.0008013613973250088,-0.0008013613973250088,274
CRC_PRJDB11845,CRC,PRJDB11845,FJ509217.1.1371,0.0007973219464035482,0.0006528891870000109,275
CRC_PRJDB11845,CRC,PRJDB11845,EU761920.1.1356,0.0007942607818142439,0.0005868793293736463,276
CRC_PRJDB11845,CRC,PRJDB11845,LR031298.1.1529,0.0007750989303815481,0.0007750989303815481,277
CRC_PRJDB11845,CRC,PRJDB11845,FJ366193.1.1359,0.0007732874115055844,0.0007732874115055844,278
CRC_PRJDB11845,CRC,PRJDB11845,HQ780809.1.1449,0.0007669293058234108,0.0007669293058234108,279
CRC_PRJDB11845,CRC,PRJDB11845,U49756.1.1491,0.0007581018878885844,0.0007417050950494216,280
CRC_PRJDB11845,CRC,PRJDB11845,AB264082.1.1445,0.0007557257140564824,-0.0007557257140564824,281
CRC_PRJDB11845,CRC,PRJDB11845,AB300989.1.1489,0.0007547420402459256,-0.0006654165765365863,282
CRC_PRJDB11845,CRC,PRJDB11845,DQ801738.1.1390,0.0007472981172733345,0.0007472981172733345,283
CRC_PRJDB11845,CRC,PRJDB11845,FJ512259.1.1422,0.0007410285517254295,-0.0007410285517254295,284
CRC_PRJDB11845,CRC,PRJDB11845,GQ138429.1.1362,0.0007361239093865068,-0.0007361239093865068,285
CRC_PRJDB11845,CRC,PRJDB11845,JX198600.1.1482,0.0007337330889673196,-0.0007337330889673196,286
CRC_PRJDB11845,CRC,PRJDB11845,JF171722.1.1334,0.0007331232803375069,0.0007331232803375069,287
CRC_PRJDB11845,CRC,PRJDB11845,FJ363124.1.1367,0.0007288081821467343,0.0007288081821467343,288
CRC_PRJDB11845,CRC,PRJDB11845,EU663600.1.1489,0.0007257758907812462,0.0007257758907812462,289
CRC_PRJDB11845,CRC,PRJDB11845,DQ803929.1.1374,0.0007252836858526098,0.0007252836858526098,290
CRC_PRJDB11845,CRC,PRJDB11845,EU772812.1.1371,0.0007221767481577441,-0.0007221767481577441,291
CRC_PRJDB11845,CRC,PRJDB11845,EU778354.1.1387,0.0007180324871439451,0.0007180324871439451,292
CRC_PRJDB11845,CRC,PRJDB11845,FJ947528.1.1381,0.0007080303070343755,0.0007080303070343755,293
CRC_PRJDB11845,CRC,PRJDB11845,FMIZ01000004.105628.107132,0.0007032465884430921,0.0007032465884430921,294
CRC_PRJDB11845,CRC,PRJDB11845,FNWG01000007.3380.4869,0.000702841567543597,0.000702841567543597,295
CRC_PRJDB11845,CRC,PRJDB11845,FJ367699.1.1349,0.000692736375160501,0.000692736375160501,296
CRC_PRJDB11845,CRC,PRJDB11845,HK693831.1.1471,0.0006900993747944264,0.0006900993747944264,297
CRC_PRJDB11845,CRC,PRJDB11845,AY608696.1.1419,0.0006841505951326274,0.0006041798200793255,298
CRC_PRJDB11845,CRC,PRJDB11845,JF220832.1.1358,0.0006839001853731089,0.0006839001853731089,299
CRC_PRJDB11845,CRC,PRJDB11845,HQ769937.1.1427,0.0006776315457214137,0.0006776315457214137,300
CRC_PRJDB11845,CRC,PRJDB11845,FJ363449.1.1364,0.0006753514296136608,-0.0006753514296136608,301
CRC_PRJDB11845,CRC,PRJDB11845,AY986138.1.1368,0.0006723665127587825,-0.0006723665127587825,302
CRC_PRJDB11845,CRC,PRJDB11845,EU462755.1.1387,0.0006697434877124814,-0.0006697434877124814,303
CRC_PRJDB11845,CRC,PRJDB11845,FJ370582.1.1380,0.0006535330248513823,0.0006535330248513823,304
CRC_PRJDB11845,CRC,PRJDB11845,HQ769477.1.1424,0.0006438524791645814,-0.0006438524791645814,305
CRC_PRJDB11845,CRC,PRJDB11845,FJ366437.1.1364,0.0006395915404475031,5.8020582271248026e-05,306
CRC_PRJDB11845,CRC,PRJDB11845,GQ493779.1.1378,0.0006331394447803382,0.0006331394447803382,307
CRC_PRJDB11845,CRC,PRJDB11845,FJ507118.1.1384,0.0006297181791459177,0.0006297181791459177,308
CRC_PRJDB11845,CRC,PRJDB11845,HQ452859.1.1430,0.0006271576815559127,-0.0006271576815559127,309
CRC_PRJDB11845,CRC,PRJDB11845,DQ456134.1.1453,0.0006217123483894674,0.0005955500335672772,310
CRC_PRJDB11845,CRC,PRJDB11845,CP016757.1044976.1046496,0.0006194312203889921,0.0006194312203889921,311
CRC_PRJDB11845,CRC,PRJDB11845,FJ504700.1.1379,0.0006194205520363432,-0.0006194205520363432,312
CRC_PRJDB11845,CRC,PRJDB11845,EU462407.1.1376,0.0006119763042200676,-0.0006119763042200676,313
CRC_PRJDB11845,CRC,PRJDB11845,EF434357.1.1344,0.0006083151859324617,-0.0006083151859324617,314
CRC_PRJDB11845,CRC,PRJDB11845,DQ799425.1.1396,0.0006052716621625147,0.0006052716621625147,315
CRC_PRJDB11845,CRC,PRJDB11845,DQ057398.1.1389,0.000600288410679901,-0.000600288410679901,316
CRC_PRJDB11845,CRC,PRJDB11845,HQ788538.1.1420,0.0005778161454641372,0.0005778161454641372,317
CRC_PRJDB11845,CRC,PRJDB11845,DQ327057.1.1355,0.000577607598241305,-0.000577607598241305,318
CRC_PRJDB11845,CRC,PRJDB11845,JF044111.1.1379,0.000574284906505948,0.000574284906505948,319
CRC_PRJDB11845,CRC,PRJDB11845,FMJJ01000012.131284.134557,0.0005735441347057029,0.0005735441347057029,320
CRC_PRJDB11845,CRC,PRJDB11845,DQ806769.1.1405,0.0005658547288384951,0.0005658547288384951,321
CRC_PRJDB11845,CRC,PRJDB11845,LT635479.2887212.2888725,0.0005570118963942599,0.0005570118963942599,322
CRC_PRJDB11845,CRC,PRJDB11845,FJ510276.1.1380,0.0005486397529733725,-0.0005486397529733725,323
CRC_PRJDB11845,CRC,PRJDB11845,AY979411.1.1354,0.0005471841178623205,0.0005471841178623205,324
CRC_PRJDB11845,CRC,PRJDB11845,EF400539.1.1492,0.0005466952638949069,-0.0005466952638949069,325
CRC_PRJDB11845,CRC,PRJDB11845,GQ897128.1.1493,0.0005408255513315833,-0.0005408255513315833,326
CRC_PRJDB11845,CRC,PRJDB11845,FJ367613.1.1364,0.000539880991012399,-0.000539880991012399,327
CRC_PRJDB11845,CRC,PRJDB11845,HQ765510.1.1445,0.0005390088245288804,-0.0005390088245288804,328
CRC_PRJDB11845,CRC,PRJDB11845,HQ780721.1.1441,0.0005368454695702274,0.0005368454695702274,329
CRC_PRJDB11845,CRC,PRJDB11845,FNLI01000001.906.2398,0.0005322106015010833,-0.00043806654871413433,330
CRC_PRJDB11845,CRC,PRJDB11845,EU459919.1.1365,0.0005198345392739657,-0.0005198345392739657,331
CRC_PRJDB11845,CRC,PRJDB11845,HQ792120.1.1429,0.0005148266305015726,0.0005148266305015726,332
CRC_PRJDB11845,CRC,PRJDB11845,JPIT01000001.10.1536,0.0005074081032777235,0.0005074081032777235,333
CRC_PRJDB11845,CRC,PRJDB11845,GQ448776.1.1365,0.0005064655098257707,-0.0005064655098257707,334
CRC_PRJDB11845,CRC,PRJDB11845,DQ806519.1.1402,0.0004984825230962951,0.0004984825230962951,335
CRC_PRJDB11845,CRC,PRJDB11845,DQ805867.1.1365,0.0004906394674432628,-0.0004906394674432628,336
CRC_PRJDB11845,CRC,PRJDB11845,EU774295.1.1394,0.0004834631290804402,-0.0004834631290804402,337
CRC_PRJDB11845,CRC,PRJDB11845,GQ897566.1.1496,0.00048300135633623915,-0.00048300135633623915,338
CRC_PRJDB11845,CRC,PRJDB11845,CDZQ01046174.191649.193144,0.00047995048776771764,0.00047995048776771764,339
CRC_PRJDB11845,CRC,PRJDB11845,GQ492457.1.1354,0.00047203519767958726,-0.00047203519767958726,340
CRC_PRJDB11845,CRC,PRJDB11845,DQ824080.1.1279,0.00047094330789153825,0.00047094330789153825,341
CRC_PRJDB11845,CRC,PRJDB11845,AM277955.1.1615,0.0004684624408305628,-0.0004684624408305628,342
CRC_PRJDB11845,CRC,PRJDB11845,GQ491640.1.1266,0.00046580845327750587,-0.00046580845327750587,343
CRC_PRJDB11845,CRC,PRJDB11845,AM277638.1.1452,0.00046274874159256467,0.00046274874159256467,344
CRC_PRJDB11845,CRC,PRJDB11845,FJ372235.1.1260,0.0004512410836110637,-0.0004512410836110637,345
CRC_PRJDB11845,CRC,PRJDB11845,HQ780956.1.1441,0.0004501813146674823,-0.0004501813146674823,346
CRC_PRJDB11845,CRC,PRJDB11845,FJ366509.1.1300,0.00044910051062246637,-6.186715246162717e-05,347
CRC_PRJDB11845,CRC,PRJDB11845,AB264069.1.1447,0.00044386315603084505,-0.00041457808927300395,348
CRC_PRJDB11845,CRC,PRJDB11845,HQ779675.1.1458,0.0004432156012937588,0.0004432156012937588,349
CRC_PRJDB11845,CRC,PRJDB11845,KF842981.1.1356,0.00044164368943957355,-0.00044164368943957355,350
CRC_PRJDB11845,CRC,PRJDB11845,HQ806126.1.1471,0.00044096414459958433,0.00044096414459958433,351
CRC_PRJDB11845,CRC,PRJDB11845,ACDP02000005.388.1906,0.0004401759231289666,-0.0004401759231289666,352
CRC_PRJDB11845,CRC,PRJDB11845,EU768746.1.1338,0.00043451963571120494,-0.00043451963571120494,353
CRC_PRJDB11845,CRC,PRJDB11845,FJ365071.1.1328,0.00043448210108428236,0.00043448210108428236,354
CRC_PRJDB11845,CRC,PRJDB11845,EU460122.1.1346,0.00042987488506982056,-0.00042987488506982056,355
CRC_PRJDB11845,CRC,PRJDB11845,GU366037.1.1209,0.00042939296230473726,0.00042939296230473726,356
CRC_PRJDB11845,CRC,PRJDB11845,KX672354.1.1393,0.00042775730748315685,0.00042775730748315685,357
CRC_PRJDB11845,CRC,PRJDB11845,GQ898207.1.1492,0.000426727912207502,-0.00020678381392708238,358
CRC_PRJDB11845,CRC,PRJDB11845,AY916310.1.1355,0.0004187153273207539,-0.0004187153273207539,359
CRC_PRJDB11845,CRC,PRJDB11845,DQ342334.1.1517,0.00041435821130418143,-0.0003310242044801069,360
CRC_PRJDB11845,CRC,PRJDB11845,JQ186955.1.1360,0.0004095546078365951,0.0004095546078365951,361
CRC_PRJDB11845,CRC,PRJDB11845,FJ366106.1.1342,0.00040880191236262645,-0.00040880191236262645,362
CRC_PRJDB11845,CRC,PRJDB11845,FJ367809.1.1347,0.00039709942805112253,0.00039709942805112253,363
CRC_PRJDB11845,CRC,PRJDB11845,EF025298.1.1285,0.0003967513938001373,-0.0003967513938001373,364
CRC_PRJDB11845,CRC,PRJDB11845,DQ800379.1.1383,0.00039268590452217454,-0.00039268590452217454,365
CRC_PRJDB11845,CRC,PRJDB11845,EU774362.1.1381,0.0003918229811298676,-0.0003918229811298676,366
CRC_PRJDB11845,CRC,PRJDB11845,FJ368234.1.1351,0.00038544311318278337,-0.00038544311318278337,367
CRC_PRJDB11845,CRC,PRJDB11845,AY049713.1.1456,0.0003742084192146275,-0.0003742084192146275,368
CRC_PRJDB11845,CRC,PRJDB11845,DQ904718.1.1469,0.00036798229230468435,-0.00036798229230468435,369
CRC_PRJDB11845,CRC,PRJDB11845,AY976142.1.1343,0.00035705227697093925,-0.00035705227697093925,370
CRC_PRJDB11845,CRC,PRJDB11845,GQ897552.1.1477,0.00035023756825817157,0.00035023756825817157,371
CRC_PRJDB11845,CRC,PRJDB11845,JN004064.1.1431,0.00034452061053612845,-0.00012123130652179314,372
CRC_PRJDB11845,CRC,PRJDB11845,EU778074.1.1388,0.00033512674149139806,-0.00010455530331556275,373
CRC_PRJDB11845,CRC,PRJDB11845,EU768108.1.1367,0.0003301828430961764,-0.0003301828430961764,374
CRC_PRJDB11845,CRC,PRJDB11845,FMFL01000027.72847.74341,0.0003284173291252137,-0.0003239464477693039,375
CRC_PRJDB11845,CRC,PRJDB11845,FJ366026.1.1358,0.0003271048067346676,-0.0003271048067346676,376
CRC_PRJDB11845,CRC,PRJDB11845,EF434341.1.1349,0.00032067457908295884,0.00032067457908295884,377
CRC_PRJDB11845,CRC,PRJDB11845,FJ509566.1.1381,0.0003180044101438255,-0.0003180044101438255,378
CRC_PRJDB11845,CRC,PRJDB11845,HM305643.1.1353,0.00031780387088913524,0.00031780387088913524,379
CRC_PRJDB11845,CRC,PRJDB11845,DQ805636.1.1390,0.00030708769483469314,0.00029925917408336173,380
CRC_PRJDB11845,CRC,PRJDB11845,AY574991.1.1453,0.0003013714936811167,0.0003013714936811167,381
CRC_PRJDB11845,CRC,PRJDB11845,LN870298.1.1495,0.00030009919180998924,0.00030009919180998924,382
CRC_PRJDB11845,CRC,PRJDB11845,FJ366051.1.1366,0.000299924835990301,-0.000299924835990301,383
CRC_PRJDB11845,CRC,PRJDB11845,EU531944.1.1378,0.00029679158932617355,-0.0002586943774803304,384
CRC_PRJDB11845,CRC,PRJDB11845,FJ363041.1.1369,0.0002894249799298274,-0.0002894249799298274,385
CRC_PRJDB11845,CRC,PRJDB11845,DQ797375.1.1387,0.00028602233570439606,-0.00028602233570439606,386
CRC_PRJDB11845,CRC,PRJDB11845,AY916294.1.1399,0.0002817370866876363,-0.0002817370866876363,387
CRC_PRJDB11845,CRC,PRJDB11845,AF153858.1.1349,0.0002796913659803304,-0.0002796913659803304,388
CRC_PRJDB11845,CRC,PRJDB11845,GQ493169.1.1364,0.00027731460939902454,0.00027731460939902454,389
CRC_PRJDB11845,CRC,PRJDB11845,DQ325890.1.1356,0.0002726429830680461,-3.9517480252759796e-05,390
CRC_PRJDB11845,CRC,PRJDB11845,DQ804406.1.1369,0.0002705635745054765,-0.0002705635745054765,391
CRC_PRJDB11845,CRC,PRJDB11845,JQ467118.1.1286,0.00026513811938310393,0.00026513811938310393,392
CRC_PRJDB11845,CRC,PRJDB11845,ADFR01000011.3460.4852,0.00026492529146460685,0.00026492529146460685,393
CRC_PRJDB11845,CRC,PRJDB11845,HQ739676.1.1212,0.0002627464044180667,0.0002627464044180667,394
CRC_PRJDB11845,CRC,PRJDB11845,JF920355.1.1333,0.0002567137094832902,9.230141146175492e-05,395
CRC_PRJDB11845,CRC,PRJDB11845,FJ370118.1.1367,0.0002508806748751686,0.0002508806748751686,396
CRC_PRJDB11845,CRC,PRJDB11845,FKYL01000005.1805440.1806947,0.0002467079961342657,-0.0002467079961342657,397
CRC_PRJDB11845,CRC,PRJDB11845,DQ804030.1.1394,0.00023946512432768921,0.00023946512432768921,398
CRC_PRJDB11845,CRC,PRJDB11845,DQ057387.1.1394,0.0002379309707317049,0.0002379309707317049,399
CRC_PRJDB11845,CRC,PRJDB11845,EU765377.1.1351,0.00023448633240453725,-0.00023448633240453725,400
CRC_PRJDB11845,CRC,PRJDB11845,JQ940836.1.1449,0.00022411496357413428,0.00021314162432436176,401
CRC_PRJDB11845,CRC,PRJDB11845,GQ897723.1.1499,0.00022325572499082942,0.00022325572499082942,402
CRC_PRJDB11845,CRC,PRJDB11845,DQ794094.1.1356,0.00022311459899414018,-0.00022311459899414018,403
CRC_PRJDB11845,CRC,PRJDB11845,AM275757.1.1484,0.00022214760215894802,-0.00022214760215894802,404
CRC_PRJDB11845,CRC,PRJDB11845,DQ793479.1.1391,0.00021377681045087158,0.00021377681045087158,405
CRC_PRJDB11845,CRC,PRJDB11845,FJ365213.1.1354,0.0002077384305229559,0.0002077384305229559,406
CRC_PRJDB11845,CRC,PRJDB11845,JQ184844.1.1344,0.0002037617914985804,-0.0002037617914985804,407
CRC_PRJDB11845,CRC,PRJDB11845,FJ507957.1.1378,0.00020091818283199606,-0.00020091818283199606,408
CRC_PRJDB11845,CRC,PRJDB11845,JF124473.1.1355,0.00019965087730256865,0.00019965087730256865,409
CRC_PRJDB11845,CRC,PRJDB11845,DQ807376.1.1287,0.0001966351431795902,0.0001966351431795902,410
CRC_PRJDB11845,CRC,PRJDB11845,FJ678306.1.1399,0.00019578751013744805,-0.00019578751013744805,411
CRC_PRJDB11845,CRC,PRJDB11845,AF376225.1.1337,0.00019123955910055882,0.00019123955910055882,412
CRC_PRJDB11845,CRC,PRJDB11845,GQ896891.1.1486,0.00018854142340149217,0.00018854142340149217,413
CRC_PRJDB11845,CRC,PRJDB11845,AM694064.1.1445,0.0001881855008051049,0.0001881855008051049,414
CRC_PRJDB11845,CRC,PRJDB11845,FJ362735.1.1312,0.00018813748483043627,0.00018813748483043627,415
CRC_PRJDB11845,CRC,PRJDB11845,HQ787934.1.1478,0.0001877519209444353,0.0001877519209444353,416
CRC_PRJDB11845,CRC,PRJDB11845,HM839003.1.1336,0.00018341851502494608,-0.00018341851502494608,417
CRC_PRJDB11845,CRC,PRJDB11845,LT576391.1.1479,0.0001819273762801693,2.318005324978337e-05,418
CRC_PRJDB11845,CRC,PRJDB11845,EU472295.1.1396,0.00017268082492973824,-0.00017268082492973824,419
CRC_PRJDB11845,CRC,PRJDB11845,FPLO01001708.10.1515,0.00017002744107391175,-0.00017002744107391175,420
CRC_PRJDB11845,CRC,PRJDB11845,EF401874.1.1492,0.00016729795479135883,-5.379637606004117e-05,421
CRC_PRJDB11845,CRC,PRJDB11845,AB490809.1.1497,0.00016315155476338334,0.00016315155476338334,422
CRC_PRJDB11845,CRC,PRJDB11845,HQ780661.1.1432,0.0001609090980044,0.0001609090980044,423
CRC_PRJDB11845,CRC,PRJDB11845,JQ191033.1.1348,0.00015884760208585,-0.00015884760208585,424
CRC_PRJDB11845,CRC,PRJDB11845,DQ793910.1.1354,0.00015565332199964609,0.00015565332199964609,425
CRC_PRJDB11845,CRC,PRJDB11845,HQ759705.1.1447,0.0001548659325924245,-0.0001548659325924245,426
CRC_PRJDB11845,CRC,PRJDB11845,AY980441.1.1355,0.00015361691426899116,0.00012812435684107353,427
CRC_PRJDB11845,CRC,PRJDB11845,AY916278.1.1340,0.0001529400993146157,8.163090121990587e-05,428
CRC_PRJDB11845,CRC,PRJDB11845,FJ372021.1.1207,0.00015111851926409315,-0.00015111851926409315,429
CRC_PRJDB11845,CRC,PRJDB11845,HQ765927.1.1452,0.00015006903251027842,0.00015006903251027842,430
CRC_PRJDB11845,CRC,PRJDB11845,DQ794349.1.1291,0.00014990367468342843,0.00014990367468342843,431
CRC_PRJDB11845,CRC,PRJDB11845,JQ188100.1.1340,0.0001479149325455186,-0.0001479149325455186,432
CRC_PRJDB11845,CRC,PRJDB11845,EF401880.1.1492,0.00014728324520159414,-0.00014728324520159414,433
CRC_PRJDB11845,CRC,PRJDB11845,EU469441.1.1300,0.00014489378186507745,-0.00014489378186507745,434
CRC_PRJDB11845,CRC,PRJDB11845,GQ493127.1.1363,0.00014382051314507256,-0.00014382051314507256,435
CRC_PRJDB11845,CRC,PRJDB11845,FJ366908.1.1397,0.00014372267828296372,-0.00014372267828296372,436
CRC_PRJDB11845,CRC,PRJDB11845,DQ793266.1.1370,0.00014362275322422354,0.00014362275322422354,437
CRC_PRJDB11845,CRC,PRJDB11845,JX198636.1.1412,0.00014293216309158727,-0.00014293216309158727,438
CRC_PRJDB11845,CRC,PRJDB11845,DQ823649.1.1357,0.0001411831994933745,-0.0001411831994933745,439
CRC_PRJDB11845,CRC,PRJDB11845,DQ800164.1.1390,0.00013971311984009902,0.00013971311984009902,440
CRC_PRJDB11845,CRC,PRJDB11845,CDZQ01045218.278.1785,0.00013762876139961373,0.00013762876139961373,441
CRC_PRJDB11845,CRC,PRJDB11845,FJ365235.1.1357,0.00013653038613010393,0.00013653038613010393,442
CRC_PRJDB11845,CRC,PRJDB11845,FJ032489.1.1260,0.00013644035663805195,0.00013644035663805195,443
CRC_PRJDB11845,CRC,PRJDB11845,FPLO01001644.16.1503,0.00013303816087587256,-0.00013303816087587256,444
CRC_PRJDB11845,CRC,PRJDB11845,CBEW010000180.8693.10203,0.00012894179745967844,-0.00012894179745967844,445
CRC_PRJDB11845,CRC,PRJDB11845,DQ801561.1.1347,0.00012844582522080587,-0.00012844582522080587,446
CRC_PRJDB11845,CRC,PRJDB11845,AM405126.1.1483,0.0001261490394377647,0.0001261490394377647,447
CRC_PRJDB11845,CRC,PRJDB11845,FJ366759.1.1351,0.00012497825095641177,-0.00012497825095641177,448
CRC_PRJDB11845,CRC,PRJDB11845,DQ777901.1.1500,0.00012242449284047353,0.00011448798386407353,449
CRC_PRJDB11845,CRC,PRJDB11845,JQ190854.1.1350,0.00011838544363382744,-0.00011838544363382744,450
CRC_PRJDB11845,CRC,PRJDB11845,DQ805904.1.1285,0.0001182847537040353,-0.0001182847537040353,451
CRC_PRJDB11845,CRC,PRJDB11845,EU762911.1.1356,0.00011710644639679609,-0.00011710644639679609,452
CRC_PRJDB11845,CRC,PRJDB11845,EU779320.1.1391,0.00011365652986197844,0.00011365652986197844,453
CRC_PRJDB11845,CRC,PRJDB11845,HQ740182.1.1457,0.00011326247253210685,-0.00011326247253210685,454
CRC_PRJDB11845,CRC,PRJDB11845,FJ508637.1.1375,0.00010568347785098662,9.699947129771605e-05,455
CRC_PRJDB11845,CRC,PRJDB11845,FJ507931.1.1375,0.00010406640620115586,-0.00010044799529781278,456
CRC_PRJDB11845,CRC,PRJDB11845,EF434371.1.1352,0.00010198073610071274,0.00010198073610071274,457
CRC_PRJDB11845,CRC,PRJDB11845,FJ371750.1.1233,0.00010193980210450589,-0.00010193980210450589,458
CRC_PRJDB11845,CRC,PRJDB11845,DQ808212.1.1390,9.962767451045392e-05,9.962767451045392e-05,459
CRC_PRJDB11845,CRC,PRJDB11845,KX550186.1.1464,9.942426014958725e-05,9.942426014958725e-05,460
CRC_PRJDB11845,CRC,PRJDB11845,FJ676706.1.1376,9.36930893787902e-05,-9.36930893787902e-05,461
CRC_PRJDB11845,CRC,PRJDB11845,CDTW01048949.201.1702,9.35225019831902e-05,-9.35225019831902e-05,462
CRC_PRJDB11845,CRC,PRJDB11845,U49754.1.1507,9.256516911612451e-05,-9.256516911612451e-05,463
CRC_PRJDB11845,CRC,PRJDB11845,HW066288.1.1503,9.114406951671765e-05,8.373850157779215e-05,464
CRC_PRJDB11845,CRC,PRJDB11845,FAUJ01000006.3367.4875,9.100601592667647e-05,-9.100601592667647e-05,465
CRC_PRJDB11845,CRC,PRJDB11845,AB218338.1.1457,8.983171131165196e-05,8.983171131165196e-05,466
CRC_PRJDB11845,CRC,PRJDB11845,AB616155.1.1470,8.789373538477974e-05,-7.4030129986234e-05,467
CRC_PRJDB11845,CRC,PRJDB11845,JQ191045.1.1353,8.772247505776373e-05,-8.772247505776373e-05,468
CRC_PRJDB11845,CRC,PRJDB11845,FMHG01000001.1940143.1941649,8.75864097045598e-05,4.523312793431794e-08,469
CRC_PRJDB11845,CRC,PRJDB11845,HQ812411.1.1431,8.73931074555343e-05,-8.73931074555343e-05,470
CRC_PRJDB11845,CRC,PRJDB11845,DQ797816.1.1296,8.708198644199608e-05,8.708198644199608e-05,471
CRC_PRJDB11845,CRC,PRJDB11845,FJ366371.1.1362,8.563673339288333e-05,8.563673339288333e-05,472
CRC_PRJDB11845,CRC,PRJDB11845,AY916345.1.1351,8.387115753286763e-05,8.387115753286763e-05,473
CRC_PRJDB11845,CRC,PRJDB11845,FJ365246.1.1360,8.376015204187452e-05,-8.376015204187452e-05,474
CRC_PRJDB11845,CRC,PRJDB11845,AF371946.1.1457,8.355851640893923e-05,8.355851640893923e-05,475
CRC_PRJDB11845,CRC,PRJDB11845,DQ456434.1.1440,8.269529386390491e-05,8.269529386390491e-05,476
CRC_PRJDB11845,CRC,PRJDB11845,DQ800941.1.1376,8.208524755001864e-05,-8.208524755001864e-05,477
CRC_PRJDB11845,CRC,PRJDB11845,FJ369490.1.1377,7.894738514019118e-05,-7.894738514019118e-05,478
CRC_PRJDB11845,CRC,PRJDB11845,AF376229.1.1349,7.823989556321764e-05,7.823989556321764e-05,479
CRC_PRJDB11845,CRC,PRJDB11845,GQ897435.1.1479,7.555686852102156e-05,-7.555686852102156e-05,480
CRC_PRJDB11845,CRC,PRJDB11845,GQ493436.1.1333,7.282484411412745e-05,-7.282484411412745e-05,481
CRC_PRJDB11845,CRC,PRJDB11845,GQ897470.1.1475,7.185253024697254e-05,7.185253024697254e-05,482
CRC_PRJDB11845,CRC,PRJDB11845,JQ191043.1.1347,7.027810465926961e-05,-7.027810465926961e-05,483
CRC_PRJDB11845,CRC,PRJDB11845,FJ505988.1.1383,6.971698682266862e-05,-6.971698682266862e-05,484
CRC_PRJDB11845,CRC,PRJDB11845,FJ366229.1.1348,6.915838974214118e-05,6.915838974214118e-05,485
CRC_PRJDB11845,CRC,PRJDB11845,FJ371808.1.1358,6.697588702218825e-05,6.697588702218825e-05,486
CRC_PRJDB11845,CRC,PRJDB11845,DQ807049.1.1401,6.681927613598921e-05,6.681927613598921e-05,487
CRC_PRJDB11845,CRC,PRJDB11845,GQ897911.1.1486,6.506320399790294e-05,-6.506320399790294e-05,488
CRC_PRJDB11845,CRC,PRJDB11845,FBXW01000008.267.1775,6.46226535925451e-05,-5.985895610660001e-05,489
CRC_PRJDB11845,CRC,PRJDB11845,HQ786953.1.1450,6.424444773137646e-05,5.644428152684314e-05,490
CRC_PRJDB11845,CRC,PRJDB11845,GQ491134.1.1351,6.38256010029451e-05,6.38256010029451e-05,491
CRC_PRJDB11845,CRC,PRJDB11845,EU765909.1.1351,6.356478417158235e-05,-6.356478417158235e-05,492
CRC_PRJDB11845,CRC,PRJDB11845,DQ793683.1.1390,6.113722158360489e-05,6.113722158360489e-05,493
CRC_PRJDB11845,CRC,PRJDB11845,ACBX02000025.1.1217,6.067033326789804e-05,6.067033326789804e-05,494
CRC_PRJDB11845,CRC,PRJDB11845,AY850453.1.1227,6.05390654333098e-05,-6.05390654333098e-05,495
CRC_PRJDB11845,CRC,PRJDB11845,KF842547.1.1364,5.563365701928725e-05,-5.563365701928725e-05,496
CRC_PRJDB11845,CRC,PRJDB11845,HQ759687.1.1240,5.48473835222402e-05,-3.8367818190089214e-05,497
CRC_PRJDB11845,CRC,PRJDB11845,DQ807506.1.1286,5.4089831497112744e-05,5.4089831497112744e-05,498
CRC_PRJDB11845,CRC,PRJDB11845,FJ367817.1.1334,5.363813170283235e-05,-5.363813170283235e-05,499
CRC_PRJDB11845,CRC,PRJDB11845,DQ808730.1.1371,5.233463484198431e-05,-5.233463484198431e-05,500
CRC_PRJDB11845,CRC,PRJDB11845,LT576387.1.1491,5.087035739412549e-05,5.087035739412549e-05,501
CRC_PRJDB11845,CRC,PRJDB11845,JQ460078.1.1253,4.95420132252049e-05,4.95420132252049e-05,502
CRC_PRJDB11845,CRC,PRJDB11845,DQ806377.1.1407,4.717953235110784e-05,-4.717953235110784e-05,503
CRC_PRJDB11845,CRC,PRJDB11845,DQ327055.1.1354,4.536244817900882e-05,-2.3667343632097057e-05,504
CRC_PRJDB11845,CRC,PRJDB11845,EU775066.1.1392,4.3396356716245093e-05,4.3396356716245093e-05,505
CRC_PRJDB11845,CRC,PRJDB11845,DQ808998.1.1391,4.3214023029309806e-05,4.3214023029309806e-05,506
CRC_PRJDB11845,CRC,PRJDB11845,DQ805352.1.1388,4.192197687561471e-05,4.192197687561471e-05,507
CRC_PRJDB11845,CRC,PRJDB11845,DQ799850.1.1386,4.0480288535412745e-05,-4.0480288535412745e-05,508
CRC_PRJDB11845,CRC,PRJDB11845,EF434360.1.1335,3.8835763926909805e-05,-3.8835763926909805e-05,509
CRC_PRJDB11845,CRC,PRJDB11845,EF405002.1.1482,3.840155290713949e-05,-3.840155290713949e-05,510
CRC_PRJDB11845,CRC,PRJDB11845,DQ805491.1.1388,3.479891443584706e-05,-3.479891443584706e-05,511
CRC_PRJDB11845,CRC,PRJDB11845,EU767504.1.1353,3.351503029598039e-05,-3.351503029598039e-05,512
CRC_PRJDB11845,CRC,PRJDB11845,EU763266.1.1355,3.050759806392941e-05,-3.050759806392941e-05,513
CRC_PRJDB11845,CRC,PRJDB11845,GQ175436.1.1437,2.8319534268362747e-05,2.8319534268362747e-05,514
CRC_PRJDB11845,CRC,PRJDB11845,JX543398.1.1493,2.671233459747745e-05,2.671233459747745e-05,515
CRC_PRJDB11845,CRC,PRJDB11845,JQ190553.1.1364,2.6586642346568628e-05,-2.6586642346568628e-05,516
CRC_PRJDB11845,CRC,PRJDB11845,FJ366976.1.1359,2.6131208364555882e-05,2.6131208364555882e-05,517
CRC_PRJDB11845,CRC,PRJDB11845,DQ798280.1.1322,2.6107169123209804e-05,2.6107169123209804e-05,518
CRC_PRJDB11845,CRC,PRJDB11845,FUHT01000001.3690.5196,2.5398421968506865e-05,2.5398421968506865e-05,519
CRC_PRJDB11845,CRC,PRJDB11845,AY983363.1.1360,2.4271847340632354e-05,-2.4271847340632354e-05,520
CRC_PRJDB11845,CRC,PRJDB11845,EF434356.1.1352,2.362848004332647e-05,2.362848004332647e-05,521
CRC_PRJDB11845,CRC,PRJDB11845,DQ824345.1.1384,2.1689554908339214e-05,2.1689554908339214e-05,522
CRC_PRJDB11845,CRC,PRJDB11845,EU777041.1.1378,2.1455110135088234e-05,2.1455110135088234e-05,523
CRC_PRJDB11845,CRC,PRJDB11845,EU766105.1.1352,2.0639430613907843e-05,-2.0639430613907843e-05,524
CRC_PRJDB11845,CRC,PRJDB11845,FJ440061.1.1455,2.04668952587e-05,-2.04668952587e-05,525
CRC_PRJDB11845,CRC,PRJDB11845,AY978012.1.1354,1.901512210335e-05,-1.901512210335e-05,526
CRC_PRJDB11845,CRC,PRJDB11845,FJ366425.1.1355,1.75584396013093e-05,-1.75584396013093e-05,527
CRC_PRJDB11845,CRC,PRJDB11845,AY850417.1.1239,1.5530977766511764e-05,1.5530977766511764e-05,528
CRC_PRJDB11845,CRC,PRJDB11845,FJ366086.1.1361,1.4697259229169609e-05,-1.4697259229169609e-05,529
CRC_PRJDB11845,CRC,PRJDB11845,FMGP01000001.650541.652058,1.4652859475928432e-05,1.4652859475928432e-05,530
CRC_PRJDB11845,CRC,PRJDB11845,EU778170.1.1283,1.3569372154091176e-05,-1.3569372154091176e-05,531
CRC_PRJDB11845,CRC,PRJDB11845,GQ491367.1.1357,1.2518474337394117e-05,1.2518474337394117e-05,532
CRC_PRJDB11845,CRC,PRJDB11845,HQ792101.1.1451,1.1330137269539216e-05,-1.1330137269539216e-05,533
CRC_PRJDB11845,CRC,PRJDB11845,LT576395.1.1472,1.0942277126477451e-05,-1.0942277126477451e-05,534
CRC_PRJDB11845,CRC,PRJDB11845,HQ807131.1.1274,1.0681188742044117e-05,1.0681188742044117e-05,535
CRC_PRJDB11845,CRC,PRJDB11845,FNLJ01000014.549038.550553,9.981050539513726e-06,9.981050539513726e-06,536
CRC_PRJDB11845,CRC,PRJDB11845,HQ779793.1.1455,9.766907557879024e-06,8.850765719844505e-06,537
CRC_PRJDB11845,CRC,PRJDB11845,EU775419.1.1366,5.1662423096284305e-06,5.1662423096284305e-06,538
CRC_PRJDB11845,CRC,PRJDB11845,DQ793953.1.1281,4.296728214312745e-06,-4.296728214312745e-06,539
CRC_PRJDB11845,CRC,PRJDB11845,DQ805765.1.1396,3.6848535172107845e-06,3.6848535172107845e-06,540
CRC_PRJDB11845,CRC,PRJDB11845,EF402828.1.1485,3.3396985594186273e-06,3.3396985594186273e-06,541
CRC_PRJDB11845,CRC,PRJDB11845,JX006704.1.1410,2.0313024359480395e-06,2.0313024359480395e-06,542
CRC_PRJDB11845,CRC,PRJDB11845,AF371804.1.1446,9.346650817934538e-07,-9.346650817934538e-07,543
